CustomerId,GeographyKey,DemographicKey,ProductKey,RiskTierKey,Age,CreditScore,Tenure,Balance,EstimatedSalary,IsActiveMember,HasCrCard,Exited,ChurnProbability,EstimatedAnnualValue,ValueAtRisk,BalanceSalaryRatio,TenureAgeRatio,EngagementScore,BalancePerProduct
15634602,1,27,2,2,42,619,2,0.0,101348.88,1,1,1,0.5812,125.0,72.65,0.0,0.0476,3.3,0.0
15647311,3,27,1,2,41,608,1,83807.86,112542.58,1,0,0,0.5408,2589.24,1400.26,0.7447,0.0244,2.15,83807.86
15619304,1,26,6,1,42,502,8,159660.8,113931.57,0,1,1,0.9839,5064.82,4983.28,1.4014,0.1905,2.2,53220.27
15701354,1,28,3,3,39,699,1,0.0,93826.63,0,0,0,0.178,150.0,26.7,0.0,0.0256,0.15,0.0
15737888,3,30,2,3,43,850,2,125510.82,79084.1,1,1,0,0.2452,3890.32,953.91,1.587,0.0465,3.3,125510.82
15574012,3,7,4,2,44,645,8,113755.78,149756.71,0,1,1,0.4523,3612.67,1634.01,0.7596,0.1818,2.2,56877.89
15592531,1,15,4,3,50,822,7,0.0,10062.8,1,1,0,0.1065,200.0,21.3,0.0,0.14,4.05,0.0
15656148,2,21,8,1,29,376,4,115046.74,119346.88,0,1,1,0.9855,3801.4,3746.28,0.964,0.1379,1.6,28761.68
15792365,1,6,3,2,44,501,4,142051.07,74940.5,1,0,0,0.3522,4411.53,1553.74,1.8955,0.0909,2.6,71025.54
15592389,1,3,2,3,27,684,2,134603.88,71725.73,1,1,0,0.1719,4163.12,715.64,1.8766,0.0741,3.3,134603.88
15767821,1,6,3,3,31,528,6,102016.72,80181.12,0,0,0,0.1985,3210.5,637.28,1.2723,0.1935,0.9,51008.36
15737173,3,1,4,3,24,497,3,0.0,76390.01,0,1,0,0.0597,200.0,11.94,0.0,0.125,1.45,0.0
15632264,1,26,4,3,34,476,10,0.0,26260.98,0,1,0,0.0726,200.0,14.52,0.0,0.2941,2.5,0.0
15691483,1,21,3,3,25,549,5,0.0,190857.79,0,0,0,0.1452,150.0,21.78,0.0,0.2,0.75,0.0
15600882,3,27,4,3,35,635,7,0.0,65951.65,1,1,0,0.0872,200.0,17.44,0.0,0.2,4.05,0.0
15643966,2,12,3,2,45,616,3,143129.41,64327.26,1,0,0,0.4908,4443.88,2181.06,2.225,0.0667,2.45,71564.7
15737452,2,12,2,1,58,653,1,132602.88,5097.67,0,1,1,0.9715,4103.09,3986.15,26.0073,0.0172,1.15,132602.88
15788218,3,21,4,3,24,549,9,0.0,14406.41,1,1,0,0.057,200.0,11.4,0.0,0.375,4.35,0.0
15661507,3,12,1,1,45,587,6,0.0,158684.81,0,0,0,0.8277,75.0,62.08,0.0,0.1333,0.9,0.0
15568982,1,23,4,3,24,726,6,0.0,54724.03,1,1,0,0.0609,200.0,12.18,0.0,0.25,3.9,0.0
15577657,1,8,4,3,41,732,8,0.0,170886.17,1,1,0,0.0378,200.0,7.56,0.0,0.1951,4.2,0.0
15597945,3,27,4,3,32,636,8,0.0,138555.46,0,1,0,0.1202,200.0,24.04,0.0,0.25,2.2,0.0
15699309,3,26,2,1,38,510,4,0.0,118913.53,0,1,1,0.6722,125.0,84.02,0.0,0.1053,1.6,0.0
15725737,1,12,3,3,46,669,3,0.0,8487.75,1,0,0,0.1389,150.0,20.84,0.0,0.0652,2.45,0.0
15625047,1,30,2,2,38,846,5,0.0,187616.16,1,1,0,0.4822,125.0,60.28,0.0,0.1316,3.75,0.0
15738191,1,1,3,3,25,577,3,0.0,124508.29,1,0,0,0.0276,150.0,4.14,0.0,0.12,2.45,0.0
15736816,2,9,2,2,36,756,2,136815.64,170041.95,1,1,0,0.4147,4229.47,1753.96,0.8046,0.0556,3.3,136815.64
15700772,1,6,3,3,44,571,9,0.0,38433.35,0,0,0,0.2348,150.0,35.22,0.0,0.2045,1.35,0.0
15728693,2,26,2,1,43,574,3,141349.43,100187.43,1,1,0,0.7148,4365.48,3120.45,1.4108,0.0698,3.45,141349.43
15656300,1,1,4,3,29,411,0,59697.17,53483.21,1,1,0,0.2663,1990.92,530.18,1.1162,0.0,3.0,29848.58
15589475,3,27,6,1,39,591,3,0.0,140469.38,0,1,1,0.877,275.0,241.18,0.0,0.0769,1.45,0.0
15706552,1,6,1,3,36,533,7,85311.7,156731.91,1,0,0,0.2047,2634.35,539.25,0.5443,0.1944,3.05,85311.7
15750181,2,6,3,2,41,553,9,110112.54,81898.81,0,0,0,0.3997,3453.38,1380.32,1.3445,0.2195,1.35,55056.27
15659428,3,26,4,3,42,520,6,0.0,34410.55,1,1,0,0.1279,200.0,25.58,0.0,0.1429,3.9,0.0
15732963,3,23,4,3,29,722,9,0.0,142033.07,1,1,0,0.0717,200.0,14.34,0.0,0.3103,4.35,0.0
15794171,1,31,2,1,45,475,0,134264.04,27822.99,0,1,1,0.8023,4152.92,3331.89,4.8255,0.0,1.0,134264.04
15788448,3,6,1,3,31,490,3,145260.23,114066.77,1,0,0,0.1843,4432.81,816.97,1.2735,0.0968,2.45,145260.23
15729599,3,10,1,3,33,804,7,76548.6,98453.45,1,0,0,0.1303,2371.46,309.0,0.7775,0.2121,3.05,76548.6
15717426,1,10,2,3,36,850,7,0.0,40812.9,1,1,0,0.2686,125.0,33.58,0.0,0.1944,4.05,0.0
15585768,2,7,3,3,41,582,6,70349.48,178074.04,1,0,0,0.1472,2260.48,332.74,0.3951,0.1463,2.9,35174.74
15619360,3,6,2,1,40,472,4,0.0,70154.22,0,1,0,0.6688,125.0,83.6,0.0,0.1,1.6,0.0
15738148,1,31,1,1,51,465,8,122522.32,181297.65,0,0,1,0.9116,3750.67,3419.11,0.6758,0.1569,1.2,122522.32
15687946,1,36,2,2,61,556,2,117419.35,94153.83,1,1,0,0.44,3647.58,1604.94,1.2471,0.0328,3.3,117419.35
15755196,1,35,1,1,49,834,2,131394.56,194365.76,0,0,1,0.8479,4016.84,3405.88,0.676,0.0408,0.3,131394.56
15684171,3,37,2,2,61,660,5,155931.11,158338.39,1,1,0,0.5693,4802.93,2734.31,0.9848,0.082,3.75,155931.11
15754849,2,29,4,3,32,776,4,109421.13,126517.46,1,1,0,0.2534,3482.63,882.5,0.8649,0.125,3.6,54710.56
15602280,2,25,2,2,27,829,9,112045.67,119708.21,1,1,1,0.5581,3486.37,1945.74,0.936,0.3333,4.35,112045.67
15771573,2,27,2,1,39,637,9,137843.8,117622.8,1,1,1,0.713,4260.31,3037.6,1.1719,0.2308,4.35,137843.8
15766205,2,6,1,2,38,550,2,103391.38,90878.13,1,0,0,0.5886,3176.74,1869.83,1.1377,0.0526,2.3,103391.38
15771873,2,29,4,3,37,776,2,103769.22,194099.12,0,1,0,0.2957,3313.08,979.68,0.5346,0.0541,1.3,51884.61
15616550,2,8,4,2,44,698,10,116363.37,198059.16,0,1,0,0.3956,3690.9,1460.12,0.5875,0.2273,2.5,58181.68
15768193,2,7,3,3,36,585,5,146050.97,86424.57,0,0,0,0.1907,4531.53,864.16,1.6899,0.1389,0.75,73025.48
15683553,1,29,3,3,33,788,5,0.0,116978.19,0,0,0,0.1498,150.0,22.47,0.0,0.1515,0.75,0.0
15702298,2,7,1,1,41,655,8,125561.97,164040.94,0,0,1,0.7268,3841.86,2792.26,0.7654,0.1951,1.2,125561.97
15569590,2,7,2,1,42,601,1,98495.72,40014.76,0,1,1,0.6795,3079.87,2092.77,2.4614,0.0238,1.15,98495.72
15760861,1,7,2,2,43,619,1,125211.92,113410.49,1,1,0,0.4224,3881.36,1639.49,1.104,0.0233,3.15,125211.92
15630053,1,12,2,2,45,656,5,127864.4,87107.57,0,1,0,0.5831,3960.93,2309.62,1.4679,0.1111,1.75,127864.4
15647091,2,3,1,3,19,725,0,75888.2,45613.75,0,0,0,0.1953,2351.65,459.28,1.6637,0.0,0.0,75888.2
15623944,3,36,2,1,66,511,4,0.0,1643.11,0,1,1,0.9286,125.0,116.08,0.0,0.0606,1.6,0.0
15804771,1,12,2,2,51,614,4,40685.92,46775.28,1,1,0,0.642,1345.58,863.86,0.8698,0.0784,3.6,40685.92
15651280,2,9,1,2,35,742,5,136857.0,84509.57,0,0,0,0.5795,4180.71,2422.72,1.6194,0.1429,0.75,136857.0
15773469,2,23,3,3,27,687,9,152328.88,126494.82,0,0,0,0.1086,4719.87,512.58,1.2042,0.3333,1.35,76164.44
15702014,3,6,3,3,33,555,1,56084.69,178798.13,0,0,0,0.0918,1832.54,168.23,0.3137,0.0303,0.15,28042.34
15751208,3,13,2,2,56,684,8,78707.16,99398.36,1,1,0,0.3949,2486.21,981.8,0.7918,0.1429,4.2,78707.16
15592461,2,2,2,2,26,603,4,109166.37,92840.67,1,1,0,0.3983,3399.99,1354.22,1.1758,0.1538,3.6,109166.37
15789484,2,29,4,3,36,751,6,169831.46,27758.36,1,1,0,0.1842,5294.94,975.33,6.118,0.1667,3.9,84915.73
15696061,2,27,2,2,34,581,1,101633.04,110431.51,0,1,0,0.4501,3173.99,1428.61,0.9203,0.0294,1.15,101633.04
15641582,2,8,4,3,43,735,10,123180.01,196673.28,1,1,0,0.2007,3895.4,781.81,0.6263,0.2326,4.5,61590.0
15638424,2,27,3,3,35,661,5,150725.53,113656.85,1,0,0,0.194,4671.77,906.32,1.3261,0.1429,2.75,75362.76
15755648,1,23,2,3,21,675,8,98373.26,18203.0,0,1,0,0.1918,3076.2,590.02,5.4039,0.381,2.2,98373.26
15703793,2,13,8,1,58,738,2,133745.44,28373.86,0,1,1,0.9973,4362.36,4350.58,4.7135,0.0345,1.3,33436.36
15620344,1,5,2,2,29,813,6,0.0,33953.87,0,1,0,0.4425,125.0,55.31,0.0,0.2069,1.9,0.0
15812518,3,27,1,3,37,657,0,163607.18,44203.55,1,0,0,0.2552,4983.22,1271.72,3.7011,0.0,2.0,163607.18
15779052,2,22,4,3,25,604,5,157780.84,58426.81,1,1,0,0.1336,4933.43,659.11,2.7004,0.2,3.75,78890.42
15770811,1,6,3,3,36,519,9,0.0,145562.4,1,0,0,0.0441,150.0,6.62,0.0,0.25,3.35,0.0
15780961,1,23,4,3,21,735,1,178718.19,22388.0,0,1,0,0.208,5561.55,1156.8,7.9824,0.0476,1.15,89359.1
15614049,1,12,4,3,55,664,8,0.0,139161.64,1,1,0,0.1256,200.0,25.12,0.0,0.1455,4.2,0.0
15662085,1,28,2,2,32,678,9,0.0,148210.64,1,1,0,0.4031,125.0,50.39,0.0,0.2812,4.35,0.0
15575185,3,9,1,3,33,757,5,77253.22,194239.63,1,0,0,0.179,2392.6,428.28,0.3977,0.1515,2.75,77253.22
15803136,2,26,4,2,41,416,10,122189.66,98301.61,0,1,0,0.5871,3865.69,2269.55,1.243,0.2439,2.5,61094.83
15706021,1,27,3,3,34,665,1,96645.54,171413.66,0,0,0,0.1364,3049.37,415.93,0.5638,0.0294,0.15,48322.77
15663706,1,29,2,2,32,777,2,0.0,136458.19,0,1,1,0.564,125.0,70.5,0.0,0.0625,1.3,0.0
15641732,1,26,3,3,36,543,3,0.0,26019.59,0,0,0,0.1942,150.0,29.13,0.0,0.0833,0.45,0.0
15701164,1,26,2,3,34,506,4,90307.62,159235.29,1,1,0,0.2225,2834.23,630.62,0.5671,0.1176,3.6,90307.62
15738751,1,31,4,2,46,493,4,0.0,1907.66,0,1,0,0.3534,200.0,70.68,0.0,0.087,1.6,0.0
15805254,3,37,4,3,75,652,10,0.0,114675.75,1,1,0,0.0492,200.0,9.84,0.0,0.1333,4.5,0.0
15762418,3,4,2,2,22,750,3,121681.82,128643.35,0,1,1,0.4326,3775.45,1633.26,0.9459,0.1364,1.45,121681.82
15625759,1,8,4,3,30,729,9,0.0,151869.35,0,1,0,0.0239,200.0,4.78,0.0,0.3,2.35,0.0
15622897,1,32,6,1,46,646,4,0.0,93251.42,0,1,1,0.9671,275.0,265.95,0.0,0.087,1.6,0.0
15767954,2,22,4,3,28,635,3,81623.67,156791.36,1,1,0,0.0867,2648.71,229.64,0.5206,0.1071,3.45,40811.84
15757535,3,27,6,1,44,647,5,0.0,174205.22,1,1,1,0.9637,275.0,265.02,0.0,0.1136,3.75,0.0
15731511,1,15,4,2,45,808,7,118626.55,147132.46,0,1,0,0.3738,3758.8,1405.04,0.8063,0.1556,2.05,59313.28
15809248,1,26,4,3,36,524,10,0.0,109614.57,0,1,0,0.1014,200.0,20.28,0.0,0.2778,2.5,0.0
15640635,1,4,4,3,29,769,8,0.0,172290.61,1,1,0,0.0135,200.0,2.7,0.0,0.2759,4.2,0.0
15676966,3,8,3,3,42,730,4,0.0,85982.47,1,0,0,0.0654,150.0,9.81,0.0,0.0952,2.6,0.0
15699461,3,6,1,3,35,515,10,176273.95,121277.78,1,0,0,0.1756,5363.22,941.78,1.4535,0.2857,3.5,176273.95
15738721,3,9,1,3,41,773,9,102827.44,64595.25,1,0,0,0.2443,3159.82,771.94,1.5918,0.2195,3.35,102827.44
15693683,2,5,4,3,29,814,8,97086.4,197276.13,1,1,0,0.012,3112.59,37.35,0.4921,0.2759,4.2,48543.2
15604348,3,3,3,3,22,710,8,0.0,99645.04,0,0,0,0.0525,150.0,7.88,0.0,0.3636,1.2,0.0
15633059,1,6,3,3,34,413,9,0.0,6534.18,0,0,0,0.1386,150.0,20.79,0.0,0.2647,1.35,0.0
15808582,1,27,2,2,40,665,6,0.0,161848.03,1,1,0,0.55,125.0,68.75,0.0,0.15,3.9,0.0
15743192,1,27,3,2,44,623,6,0.0,167162.43,0,0,0,0.3588,150.0,53.82,0.0,0.1364,0.9,0.0
15580146,1,8,2,3,31,738,9,82674.15,41970.72,0,1,0,0.1557,2605.22,405.63,1.9698,0.2903,2.35,82674.15
15776605,3,6,4,3,36,528,7,0.0,60536.56,0,1,0,0.078,200.0,15.6,0.0,0.1944,2.05,0.0
15804919,3,38,2,2,65,670,1,0.0,177655.68,1,1,1,0.3717,125.0,46.46,0.0,0.0154,3.15,0.0
15613854,3,32,4,2,46,622,4,107073.27,30984.59,1,1,1,0.532,3412.2,1815.29,3.4556,0.087,3.6,53536.64
15599195,2,7,2,3,32,582,1,88938.62,10054.53,1,1,0,0.307,2793.16,857.5,8.8447,0.0312,3.15,88938.62
15812878,2,29,1,2,36,785,2,99806.85,36976.52,1,0,0,0.6128,3069.21,1880.81,2.6991,0.0556,2.3,99806.85
15602312,3,7,1,3,33,605,5,150092.8,71862.79,0,0,0,0.2957,4577.78,1353.65,2.0886,0.1515,0.75,150092.8
15744689,2,6,2,2,35,479,9,92833.89,99449.86,0,1,1,0.5788,2910.02,1684.32,0.9335,0.2571,2.35,92833.89
15803526,2,8,1,3,30,685,3,90536.81,63082.88,1,0,0,0.3401,2791.1,949.25,1.4352,0.1,2.45,90536.81
15665790,2,6,4,3,39,538,7,108055.1,27231.26,0,1,0,0.298,3441.65,1025.61,3.9679,0.1795,2.05,54027.55
15715951,1,6,1,2,42,562,2,100238.35,86797.41,0,0,0,0.4026,3082.15,1240.87,1.1548,0.0476,0.3,100238.35
15591100,3,8,1,3,36,675,9,106190.55,22994.32,1,0,0,0.1573,3260.72,512.91,4.6179,0.25,3.35,106190.55
15609618,2,3,3,3,28,721,9,154475.54,101300.94,1,0,1,0.1448,4784.27,692.76,1.5249,0.3214,3.35,77237.77
15675522,2,27,4,3,30,628,9,132351.29,74169.13,1,1,0,0.1303,4170.54,543.42,1.7844,0.3,4.35,66175.64
15705512,2,27,2,2,37,668,6,167864.4,115638.29,0,1,0,0.4528,5160.93,2336.87,1.4516,0.1622,1.9,167864.4
15698028,1,26,4,3,41,506,1,0.0,31766.3,0,1,0,0.2105,200.0,42.1,0.0,0.0244,1.15,0.0
15661670,2,26,2,1,31,524,8,107818.63,199725.39,0,1,1,0.7426,3359.56,2494.81,0.5398,0.2581,2.2,107818.63
15600781,2,8,4,3,34,699,4,185173.81,120834.48,0,1,0,0.166,5755.21,955.36,1.5324,0.1176,1.6,92586.9
15682472,1,10,3,3,34,828,8,129433.34,38131.77,0,0,0,0.1257,4033.0,506.95,3.3943,0.2353,1.2,64716.67
15580203,3,8,1,2,39,674,6,120193.42,100130.95,0,0,0,0.3806,3680.8,1400.91,1.2004,0.1538,0.9,120193.42
15690673,1,27,4,3,39,656,6,0.0,141069.88,0,1,0,0.1809,200.0,36.18,0.0,0.1538,1.9,0.0
15760085,2,33,2,1,48,684,10,126384.42,198129.36,1,1,0,0.8348,3916.53,3269.52,0.6379,0.2083,4.5,126384.42
15779659,1,22,1,2,28,625,3,0.0,183646.41,0,0,0,0.4938,75.0,37.04,0.0,0.1071,0.45,0.0
15627360,1,6,2,2,42,432,9,152603.45,110265.24,0,1,1,0.5736,4703.1,2697.7,1.384,0.2143,2.35,152603.45
15671137,1,31,1,1,52,549,1,0.0,8636.05,1,0,1,0.9092,75.0,68.19,0.0,0.0192,2.15,0.0
15782688,2,12,2,1,56,625,0,148507.24,46824.08,0,1,1,0.9675,4580.22,4431.36,3.1715,0.0,1.0,148507.24
15575492,1,30,4,3,41,828,7,0.0,171378.77,0,1,0,0.1622,200.0,32.44,0.0,0.1707,2.05,0.0
15591607,1,4,2,3,24,770,9,101827.07,167256.35,0,1,0,0.1724,3179.81,548.2,0.6088,0.375,2.35,101827.07
15740404,1,29,4,3,34,758,3,0.0,124226.16,1,1,0,0.0642,200.0,12.84,0.0,0.0882,3.45,0.0
15718369,2,29,2,2,33,795,9,130862.43,114935.21,1,1,0,0.5629,4050.87,2280.23,1.1386,0.2727,4.35,130862.43
15677871,1,8,2,3,38,687,9,122570.87,35608.88,1,1,0,0.1049,3802.13,398.84,3.442,0.2368,4.35,122570.87
15642004,1,3,3,3,25,686,1,0.0,16459.37,1,0,0,0.0252,150.0,3.78,0.0,0.04,2.15,0.0
15712543,2,9,4,3,39,789,7,124828.46,124411.08,1,1,0,0.2081,3944.85,820.92,1.0033,0.1795,4.05,62414.23
15584518,2,32,4,2,50,589,5,144895.05,34941.23,1,1,0,0.5557,4546.85,2526.68,4.1467,0.1,3.75,72447.52
15802381,2,26,1,3,34,461,5,63663.93,167784.28,1,0,0,0.3155,1984.92,626.24,0.3794,0.1471,2.75,63663.93
15610156,1,7,1,3,40,637,2,133463.1,93165.34,1,0,0,0.3399,4078.89,1386.41,1.4325,0.05,2.3,133463.1
15594408,3,32,2,1,48,584,2,213146.2,75161.25,0,1,1,0.8799,6519.39,5736.41,2.8358,0.0417,1.3,213146.2
15640905,3,26,3,2,35,579,1,129490.36,8590.83,1,0,1,0.3561,4034.71,1436.76,15.0713,0.0286,2.15,64745.18
15698932,2,9,2,1,44,756,10,137452.09,189543.9,0,1,0,0.8291,4248.56,3522.48,0.7252,0.2273,2.5,137452.09
15724944,1,7,4,3,34,663,7,0.0,180427.24,1,1,0,0.0424,200.0,8.48,0.0,0.2059,4.05,0.0
15628145,1,28,2,2,43,682,5,125851.93,193318.33,1,1,0,0.3878,3900.56,1512.64,0.651,0.1163,3.75,125851.93
15713483,3,14,2,1,52,793,2,0.0,159123.82,0,1,1,0.9241,125.0,115.51,0.0,0.0385,1.3,0.0
15612350,1,28,2,2,31,691,5,40915.55,126213.84,0,1,1,0.5746,1352.47,777.13,0.3242,0.1613,1.75,40915.55
15800703,3,21,2,3,21,485,5,113157.22,54141.5,1,1,0,0.1231,3519.72,433.28,2.09,0.2381,3.75,113157.22
15705707,3,22,4,3,29,635,8,138296.94,141075.51,0,1,0,0.1903,4348.91,827.6,0.9803,0.2759,2.2,69148.47
15754105,1,7,1,3,37,650,5,106967.18,24495.03,0,0,0,0.2634,3284.02,865.01,4.3667,0.1351,0.75,106967.18
15703264,1,8,2,2,44,735,9,120681.63,74836.34,0,1,0,0.6054,3745.45,2267.5,1.6126,0.2045,2.35,120681.63
15794413,1,6,3,3,32,416,0,0.0,878.87,1,0,0,0.2794,150.0,41.91,0.0,0.0,2.0,0.0
15650237,3,29,4,3,32,754,7,0.0,89520.75,0,1,0,0.0837,200.0,16.74,0.0,0.2188,2.05,0.0
15759618,1,31,2,1,48,535,9,0.0,149892.79,0,1,1,0.9504,125.0,118.8,0.0,0.1875,2.35,0.0
15811589,3,8,4,3,42,716,8,0.0,180800.42,0,1,0,0.1137,200.0,22.74,0.0,0.1905,2.2,0.0
15689044,1,6,2,3,37,539,2,127609.59,98646.22,0,1,0,0.2791,3953.29,1103.36,1.2936,0.0541,1.3,127609.59
15709368,1,27,4,3,43,614,6,0.0,109041.53,1,1,0,0.196,200.0,39.2,0.0,0.1395,3.9,0.0
15679145,3,13,2,1,57,706,7,0.0,17941.16,0,1,1,0.9555,125.0,119.44,0.0,0.1228,2.05,0.0
15655007,1,29,3,3,33,758,7,0.0,82996.47,0,0,0,0.1355,150.0,20.33,0.0,0.2121,1.05,0.0
15623595,3,22,4,3,28,586,2,0.0,92067.35,1,1,0,0.0779,200.0,15.58,0.0,0.0714,3.3,0.0
15589975,1,37,1,3,73,646,6,97259.25,104719.66,1,0,0,0.0839,2992.78,251.09,0.9287,0.0822,2.9,97259.25
15804017,2,27,1,2,33,631,4,123246.7,112687.57,0,0,0,0.583,3772.4,2199.31,1.0937,0.1212,0.6,123246.7
15692132,3,23,1,3,22,717,6,101060.25,84699.56,1,0,0,0.1452,3106.81,451.11,1.1931,0.2727,2.9,101060.25
15641122,1,8,4,3,30,684,2,0.0,83473.82,0,1,0,0.0689,200.0,13.78,0.0,0.0667,1.3,0.0
15630910,1,35,1,1,49,800,7,108007.36,47125.11,0,0,0,0.7906,3315.22,2621.01,2.2919,0.1429,1.05,108007.36
15680772,3,28,4,3,36,721,2,0.0,106977.8,1,1,0,0.0783,200.0,15.66,0.0,0.0556,3.3,0.0
15658929,3,3,2,2,29,683,0,133702.89,55582.54,0,1,1,0.4166,4136.09,1723.1,2.4054,0.0,1.0,133702.89
15585388,2,7,4,3,31,660,9,125189.75,139874.43,1,1,0,0.0851,3955.69,336.63,0.895,0.2903,4.35,62594.88
15724623,2,23,2,1,24,704,7,113034.22,162503.48,0,1,1,0.6538,3516.03,2298.78,0.6956,0.2917,2.05,113034.22
15588537,3,27,2,2,41,615,9,109013.23,196499.96,0,1,0,0.608,3395.4,2064.4,0.5548,0.2195,2.35,109013.23
15574692,3,27,4,3,39,667,2,0.0,40721.24,0,1,1,0.2194,200.0,43.88,0.0,0.0513,1.3,0.0
15611325,2,3,3,3,24,682,9,57929.81,53134.3,0,0,0,0.1151,1887.89,217.3,1.0902,0.375,1.35,28964.9
15587562,1,21,2,3,29,484,4,130114.39,164017.89,0,1,0,0.327,4028.43,1317.3,0.7933,0.1379,1.6,130114.39
15613172,2,2,4,3,27,628,5,95826.49,155996.96,0,1,0,0.1306,3074.79,401.57,0.6143,0.1852,1.75,47913.24
15651022,2,6,2,1,44,480,10,129608.57,5472.7,0,1,1,0.8747,4013.26,3510.4,23.6784,0.2273,2.5,129608.57
15586310,1,6,2,3,30,578,4,169462.09,112187.11,0,1,0,0.2782,5208.86,1449.1,1.5105,0.1333,1.6,169462.09
15625524,1,6,4,3,40,512,5,0.0,146457.83,1,1,0,0.0537,200.0,10.74,0.0,0.125,3.75,0.0
15755209,3,26,2,3,35,484,7,133868.21,27286.1,1,1,0,0.2056,4141.05,851.4,4.9059,0.2,4.05,133868.21
15645248,1,26,4,3,30,510,0,0.0,130553.47,1,1,0,0.1203,200.0,24.06,0.0,0.0,3.0,0.0
15790355,2,7,3,3,36,606,5,190479.48,179351.89,0,0,0,0.2888,5864.38,1693.63,1.062,0.1389,0.75,95239.74
15762615,3,27,1,3,40,597,8,101993.12,94774.12,1,0,0,0.2915,3134.79,913.79,1.0762,0.2,3.2,101993.12
15625426,2,34,2,1,55,754,3,161608.81,8080.85,0,1,1,0.9427,4973.26,4688.29,19.9965,0.0545,1.45,161608.81
15716334,3,35,2,2,45,850,2,122311.21,19482.5,1,1,0,0.4547,3794.34,1725.29,6.2777,0.0444,3.3,122311.21
15789669,1,16,4,3,65,510,2,0.0,48071.61,1,1,0,0.0879,200.0,17.58,0.0,0.0308,3.3,0.0
15621075,2,34,4,1,45,778,1,162150.42,174531.27,0,1,0,0.6505,5064.51,3294.46,0.9291,0.0222,1.15,81075.21
15810845,1,7,4,3,42,636,2,0.0,55470.78,1,1,0,0.0598,200.0,11.96,0.0,0.0476,3.3,0.0
15719377,1,35,2,1,50,804,4,0.0,8546.87,1,1,1,0.8141,125.0,101.76,0.0,0.08,3.6,0.0
15654506,1,6,4,3,32,514,8,0.0,95857.18,0,1,0,0.0525,200.0,10.5,0.0,0.25,2.2,0.0
15771977,1,28,2,2,39,730,1,99010.67,194945.8,0,1,0,0.5031,3095.32,1557.26,0.5079,0.0256,1.15,99010.67
15708710,3,26,1,2,37,525,0,0.0,131521.72,1,0,0,0.5898,75.0,44.24,0.0,0.0,2.0,0.0
15726676,3,7,3,3,30,616,5,0.0,196108.51,1,0,0,0.0418,150.0,6.27,0.0,0.1667,2.75,0.0
15587421,2,28,4,3,34,687,7,111388.18,148564.76,0,1,0,0.3099,3541.65,1097.56,0.7498,0.2059,2.05,55694.09
15726931,1,28,3,2,41,715,8,56214.85,92982.61,0,0,1,0.5035,1836.45,924.65,0.6046,0.1951,1.2,28107.42
15771086,1,26,4,3,36,512,3,84327.77,17675.36,0,1,0,0.3057,2729.83,834.51,4.7707,0.0833,1.45,42163.88
15756850,1,6,3,3,40,479,1,0.0,114996.43,0,0,0,0.0654,150.0,9.81,0.0,0.025,0.15,0.0
15702741,1,7,2,3,32,601,8,93012.89,86957.42,0,1,0,0.1985,2915.39,578.7,1.0696,0.25,2.2,93012.89
15679200,3,2,4,3,29,580,9,61710.44,128077.8,0,1,0,0.0515,2051.31,105.64,0.4818,0.3103,2.35,30855.22
15594815,1,10,2,3,35,807,3,174790.15,600.36,1,1,0,0.1794,5368.7,963.14,290.6581,0.0857,3.45,174790.15
15635905,3,27,4,3,32,616,6,0.0,43001.46,1,1,0,0.1138,200.0,22.76,0.0,0.1875,3.9,0.0
15777892,2,8,2,2,37,721,3,107720.64,158591.12,1,1,0,0.5467,3356.62,1835.06,0.6792,0.0811,3.45,107720.64
15656176,1,11,4,3,57,501,10,0.0,47847.19,1,1,0,0.2743,200.0,54.86,0.0,0.1754,4.5,0.0
15811127,1,6,2,3,35,521,6,96423.84,10488.44,0,1,0,0.2979,3017.72,898.98,9.1925,0.1714,1.9,96423.84
15604482,3,10,2,3,30,850,2,141040.01,5978.2,1,1,0,0.1303,4356.2,567.61,23.5884,0.0667,3.3,141040.01
15622911,1,9,1,2,42,759,4,105420.18,121409.06,1,0,0,0.3952,3237.61,1279.5,0.8683,0.0952,2.6,105420.18
15600974,3,11,1,1,50,516,5,0.0,146145.93,1,0,1,0.8396,75.0,62.97,0.0,0.1,2.75,0.0
15727868,1,28,4,2,38,711,2,129022.06,14374.86,1,1,1,0.3677,4070.66,1496.78,8.9749,0.0526,3.3,64511.03
15627801,3,6,2,2,33,512,3,176666.62,94670.77,0,1,0,0.3863,5425.0,2095.68,1.8661,0.0909,1.45,176666.62
15773039,1,6,2,2,37,550,3,0.0,179670.31,1,1,0,0.6018,125.0,75.22,0.0,0.0811,3.45,0.0
15755262,3,27,1,1,41,608,3,89763.84,199304.74,0,0,1,0.6926,2767.92,1917.06,0.4504,0.0732,0.45,89763.84
15679531,1,7,2,3,34,618,5,134954.53,151954.39,1,1,0,0.1417,4173.64,591.4,0.8881,0.1471,3.75,134954.53
15684181,1,12,2,1,45,643,5,0.0,142513.5,0,1,1,0.8343,125.0,104.29,0.0,0.1111,1.75,0.0
15612087,1,13,1,2,45,671,2,106376.85,158264.62,1,0,0,0.4842,3266.31,1581.55,0.6721,0.0444,2.3,106376.85
15752047,2,8,4,3,33,689,2,161814.64,169381.9,0,1,0,0.1065,5054.44,538.3,0.9553,0.0606,1.3,80907.32
15624592,1,7,4,3,31,603,8,0.0,169915.02,1,1,0,0.0228,200.0,4.56,0.0,0.2581,4.2,0.0
15573152,1,27,3,3,41,620,9,0.0,88852.47,0,0,0,0.2765,150.0,41.48,0.0,0.2195,1.35,0.0
15594917,1,28,2,3,34,676,1,63095.01,40645.81,1,1,0,0.1901,2017.85,383.59,1.5523,0.0294,3.15,63095.01
15785542,2,1,3,3,26,572,4,118287.01,60427.3,0,0,0,0.1913,3698.61,707.54,1.9575,0.1538,0.6,59143.5
15723488,2,12,1,1,47,668,7,106854.21,157959.02,1,0,1,0.8209,3280.63,2693.07,0.6765,0.1489,3.05,106854.21
15680920,1,13,2,1,46,695,7,49512.55,133007.34,0,1,0,0.7529,1610.38,1212.46,0.3723,0.1522,2.05,49512.55
15786308,3,28,3,3,33,730,9,0.0,176576.62,0,0,0,0.1565,150.0,23.48,0.0,0.2727,1.35,0.0
15659366,1,10,4,3,43,807,1,105799.32,34888.04,0,1,1,0.2417,3373.98,815.49,3.0325,0.0233,1.15,52899.66
15774854,1,12,2,1,54,592,8,0.0,28737.71,1,1,1,0.715,125.0,89.38,0.0,0.1481,4.2,0.0
15725311,1,28,4,3,31,726,9,114722.05,98178.57,1,1,0,0.1402,3641.66,510.56,1.1685,0.2903,4.35,57361.02
15787155,3,6,1,3,30,514,7,0.0,125010.24,1,0,0,0.2342,75.0,17.56,0.0,0.2333,3.05,0.0
15727829,1,6,4,3,42,567,2,0.0,167984.61,1,1,0,0.0436,200.0,8.72,0.0,0.0476,3.3,0.0
15733247,1,10,2,2,33,850,10,0.0,4861.72,0,1,1,0.3581,125.0,44.76,0.0,0.303,2.5,0.0
15568748,2,13,2,1,45,671,6,99564.22,108872.45,1,1,1,0.7378,3111.93,2295.98,0.9145,0.1333,3.9,99564.22
15699029,1,8,4,3,37,670,4,170557.91,198252.88,0,1,0,0.1303,5316.74,692.77,0.8603,0.1081,1.6,85278.96
15774393,1,28,4,3,30,694,9,0.0,26960.31,1,1,0,0.0611,200.0,12.22,0.0,0.3,4.35,0.0
15676895,2,26,6,1,39,547,6,74596.15,85746.52,1,1,1,0.9826,2512.88,2469.16,0.87,0.1538,3.9,24865.38
15637753,2,14,2,1,50,751,2,96888.39,77206.25,0,1,1,0.9399,3031.65,2849.45,1.2549,0.04,1.3,96888.39
15605461,2,22,2,1,29,594,3,130830.22,61048.53,0,1,0,0.6574,4049.91,2662.41,2.143,0.1034,1.45,130830.22
15808473,1,18,3,3,72,673,1,0.0,111981.19,1,0,0,0.0548,150.0,8.22,0.0,0.0139,2.15,0.0
15627000,1,7,4,3,40,610,0,0.0,62232.6,0,1,0,0.0836,200.0,16.72,0.0,0.0,1.0,0.0
15787174,1,26,3,3,37,512,1,0.0,156105.03,1,0,0,0.1417,150.0,21.26,0.0,0.027,2.15,0.0
15723886,2,4,3,3,20,767,3,119714.25,150135.38,1,0,0,0.1052,3741.43,393.6,0.7974,0.15,2.45,59857.12
15704769,1,37,3,2,67,585,5,113978.97,93146.11,1,0,0,0.4582,3569.37,1635.49,1.2236,0.0746,2.75,56989.48
15772896,2,9,2,1,42,763,6,100160.75,33462.94,0,1,1,0.756,3129.82,2366.14,2.9931,0.1429,1.9,100160.75
15711540,1,23,2,2,29,712,2,0.0,144375.0,1,1,0,0.3661,125.0,45.76,0.0,0.069,3.3,0.0
15764866,2,26,6,1,43,539,3,116220.5,55803.96,0,1,1,0.9901,3761.62,3724.38,2.0826,0.0698,1.45,38740.17
15794056,1,32,6,1,46,668,2,0.0,89048.46,0,1,1,0.9718,275.0,267.24,0.0,0.0435,1.3,0.0
15795149,1,3,3,3,28,703,2,81173.83,162812.16,1,0,0,0.0367,2585.21,94.88,0.4986,0.0714,2.3,40586.92
15812009,3,7,4,3,38,662,4,0.0,136259.65,0,1,0,0.0555,200.0,11.1,0.0,0.1053,1.6,0.0
15651001,2,28,2,1,39,725,5,116803.8,124052.97,0,1,0,0.7635,3629.11,2770.83,0.9416,0.1282,1.75,116803.8
15813844,1,8,3,3,37,703,8,105961.68,74158.8,1,0,0,0.1758,3328.85,585.21,1.4288,0.2162,3.2,52980.84
15596175,2,17,2,2,67,659,6,117411.6,45071.09,1,1,1,0.4252,3647.35,1550.85,2.605,0.0896,3.9,117411.6
15576269,3,6,4,3,34,523,7,0.0,62030.06,0,1,0,0.0689,200.0,13.78,0.0,0.2059,2.05,0.0
15797219,1,27,2,1,40,635,10,123497.58,131953.23,0,1,1,0.6577,3829.93,2518.94,0.9359,0.25,2.5,123497.58
15685500,2,4,4,3,26,772,7,152400.51,79414.0,0,1,0,0.1487,4772.02,709.6,1.919,0.2692,2.05,76200.26
15599792,1,21,4,3,26,545,1,0.0,199638.56,1,1,0,0.0589,200.0,11.78,0.0,0.0385,3.15,0.0
15657566,2,2,2,3,24,634,8,103097.85,157577.29,1,1,0,0.2155,3217.94,693.47,0.6543,0.3333,4.2,103097.85
15772423,2,13,2,1,54,739,8,126418.14,134420.75,0,1,1,0.9537,3917.54,3736.16,0.9405,0.1481,2.2,126418.14
15628112,2,29,1,2,36,771,5,77846.9,99805.99,0,0,0,0.4749,2410.41,1144.7,0.78,0.1389,0.75,77846.9
15753754,3,27,4,3,34,587,1,0.0,97932.68,1,1,0,0.0677,200.0,13.54,0.0,0.0294,3.15,0.0
15793726,1,38,3,3,79,681,0,0.0,170968.99,1,0,0,0.0288,150.0,4.32,0.0,0.0,2.0,0.0
15694717,2,6,2,3,37,544,2,79731.91,57558.95,1,1,0,0.3113,2516.96,783.53,1.3852,0.0541,3.3,79731.91
15665834,3,3,1,3,28,696,8,0.0,176713.47,0,0,0,0.2356,75.0,17.67,0.0,0.2857,1.2,0.0
15765297,3,9,3,3,41,766,0,0.0,34283.23,1,0,0,0.1345,150.0,20.18,0.0,0.0,2.0,0.0
15636684,1,8,4,3,34,727,10,0.0,198637.34,1,1,0,0.0257,200.0,5.14,0.0,0.2941,4.5,0.0
15592979,2,28,3,3,34,671,6,37266.67,156917.12,0,0,0,0.1621,1268.0,205.54,0.2375,0.1765,0.9,18633.34
15750803,1,28,2,3,30,693,6,127992.25,50457.2,1,1,0,0.2356,3964.77,934.1,2.5366,0.2,3.9,127992.25
15607178,2,10,2,3,38,850,3,54901.01,140075.55,1,1,0,0.2763,1772.03,489.61,0.3919,0.0789,3.45,54901.01
15713853,2,8,4,3,42,732,9,108748.08,65323.11,1,1,0,0.2277,3462.44,788.4,1.6647,0.2143,4.35,54374.04
15673481,3,33,2,1,48,726,6,99906.19,64323.24,0,1,0,0.7764,3122.19,2424.07,1.5532,0.125,1.9,99906.19
15686776,1,26,4,3,32,557,6,184686.41,14956.44,0,1,0,0.247,5740.59,1417.93,12.3475,0.1875,1.9,92343.2
15673693,1,23,1,3,26,682,0,110654.02,111879.21,1,0,0,0.1686,3394.62,572.33,0.989,0.0,2.0,110654.02
15700696,3,8,2,3,31,738,9,79019.8,18606.23,1,1,0,0.1275,2495.59,318.19,4.2467,0.2903,4.35,79019.8
15813163,3,26,2,2,36,531,9,99240.51,123137.01,0,1,0,0.3811,3102.22,1182.26,0.8059,0.25,2.35,99240.51
15653857,1,6,4,3,34,498,2,0.0,148528.24,1,1,0,0.031,200.0,6.2,0.0,0.0588,3.3,0.0
15777076,1,7,4,3,36,651,7,0.0,13898.31,0,1,0,0.0642,200.0,12.84,0.0,0.1944,2.05,0.0
15717398,3,26,1,1,39,549,7,0.0,81259.25,0,0,1,0.7013,75.0,52.6,0.0,0.1795,1.05,0.0
15799217,2,29,2,2,35,791,7,52436.2,161051.75,0,1,0,0.4501,1698.09,764.31,0.3256,0.2,2.05,52436.2
15787071,3,7,3,3,41,650,9,0.0,191599.67,1,0,0,0.0558,150.0,8.37,0.0,0.2195,3.35,0.0
15619955,2,8,6,1,34,733,3,100337.96,48559.19,0,1,1,0.9497,3285.14,3119.9,2.0663,0.0882,1.45,33445.99
15796505,2,30,4,3,34,811,1,149297.19,186339.74,1,1,0,0.0415,4678.92,194.18,0.8012,0.0294,3.15,74648.6
15725166,1,8,4,3,30,707,8,0.0,33159.37,0,1,0,0.0353,200.0,7.06,0.0,0.2667,2.2,0.0
15800116,2,3,1,2,28,712,4,145605.44,93883.53,1,0,0,0.3719,4443.16,1652.41,1.5509,0.1429,2.6,145605.44
15758685,3,28,4,3,37,706,7,0.0,110899.3,1,1,0,0.0827,200.0,16.54,0.0,0.1892,4.05,0.0
15694456,1,19,2,1,62,756,3,0.0,11199.04,1,1,1,0.6918,125.0,86.48,0.0,0.0484,3.45,0.0
15767339,1,34,4,1,53,777,10,0.0,189992.97,0,1,0,0.6503,200.0,130.06,0.0,0.1887,2.5,0.0
15683562,1,7,1,3,35,646,6,84026.86,164255.69,1,0,0,0.1859,2595.81,482.56,0.5116,0.1714,2.9,84026.86
15782210,1,13,2,1,46,714,1,0.0,152167.79,0,1,1,0.8068,125.0,100.85,0.0,0.0217,1.15,0.0
15668893,1,9,4,3,39,782,8,0.0,33949.67,1,1,0,0.0473,200.0,9.46,0.0,0.2051,4.2,0.0
15669169,3,4,4,3,29,775,10,0.0,68143.93,1,1,0,0.0338,200.0,6.76,0.0,0.3448,4.5,0.0
15643024,2,6,2,2,35,479,4,138718.92,47251.79,1,1,1,0.4736,4286.57,2030.12,2.9357,0.1143,3.6,138718.92
15699389,1,10,2,3,42,807,7,118274.71,25885.72,1,1,0,0.295,3673.24,1083.61,4.5689,0.1667,4.05,118274.71
15708608,1,24,3,3,22,799,8,174185.98,192633.85,1,0,0,0.1166,5375.58,626.79,0.9042,0.3636,3.2,87092.99
15626144,1,8,4,3,40,675,7,113208.86,34577.36,0,1,0,0.3075,3596.27,1105.85,3.274,0.175,2.05,56604.43
15573112,3,2,2,3,29,602,5,103907.28,161229.84,0,1,0,0.2025,3242.22,656.55,0.6445,0.1724,1.75,103907.28
15790678,1,26,2,3,32,475,8,119023.28,100816.29,0,1,0,0.2621,3695.7,968.64,1.1806,0.25,2.2,119023.28
15727556,3,24,2,3,26,744,5,166297.89,181694.44,1,1,0,0.3167,5113.94,1619.58,0.9153,0.1923,3.75,166297.89
15697307,3,7,4,3,34,588,10,0.0,79078.91,0,1,0,0.0268,200.0,5.36,0.0,0.2941,2.5,0.0
15652266,2,8,1,2,42,703,9,63227.0,137316.32,1,0,0,0.3528,1971.81,695.65,0.4604,0.2143,3.35,63227.0
15607098,3,29,4,3,41,747,5,94521.17,194926.86,0,1,0,0.2707,3035.64,821.75,0.4849,0.122,1.75,47260.58
15655774,1,2,4,3,27,583,7,0.0,51285.49,0,1,0,0.0432,200.0,8.64,0.0,0.2593,2.05,0.0
15590241,3,29,1,2,34,750,9,112822.26,150401.53,0,0,1,0.4776,3459.67,1652.34,0.7501,0.2647,1.35,112822.26
15785819,1,8,4,3,38,681,3,0.0,112491.96,1,1,0,0.0378,200.0,7.56,0.0,0.0789,3.45,0.0
15723654,1,4,2,3,25,773,2,135903.33,73656.38,0,1,0,0.2385,4202.1,1002.2,1.8451,0.08,1.3,135903.33
15774510,1,28,2,3,31,714,4,125169.26,106636.89,1,1,0,0.1764,3880.08,684.45,1.1738,0.129,3.6,125169.26
15684173,3,28,6,1,44,687,7,0.0,155853.52,0,1,1,0.98,275.0,269.5,0.0,0.1591,2.05,0.0
15650068,1,11,2,2,58,511,0,149117.31,162599.51,1,1,0,0.5563,4598.52,2558.16,0.9171,0.0,3.0,149117.31
15811490,1,7,4,3,33,627,5,0.0,103737.82,1,1,0,0.0402,200.0,8.04,0.0,0.1515,3.75,0.0
15803976,1,28,4,3,31,694,10,0.0,160990.27,0,1,0,0.0705,200.0,14.1,0.0,0.3226,2.5,0.0
15682541,3,27,1,2,36,616,6,132311.71,15462.84,0,0,0,0.4035,4044.35,1631.9,8.5562,0.1667,0.9,132311.71
15695699,1,8,4,3,35,687,8,0.0,10334.05,0,1,0,0.0541,200.0,10.82,0.0,0.2286,2.2,0.0
15624188,1,28,4,3,33,712,6,0.0,190686.16,1,1,0,0.0908,200.0,18.16,0.0,0.1818,3.9,0.0
15812191,1,6,1,3,33,553,4,118082.89,94440.45,0,0,0,0.1855,3617.49,671.04,1.2503,0.1212,0.6,118082.89
15636673,1,7,2,3,31,667,1,119266.69,28257.63,1,1,0,0.1673,3703.0,619.51,4.2205,0.0323,3.15,119266.69
15594898,1,8,2,2,43,731,2,0.0,170034.95,1,1,1,0.4749,125.0,59.36,0.0,0.0465,3.3,0.0
15660211,2,7,4,3,35,629,7,156847.29,31824.29,0,1,0,0.2078,4905.42,1019.35,4.9284,0.2,2.05,78423.64
15773972,1,12,2,1,50,614,4,137104.47,127166.49,0,1,1,0.792,4238.13,3356.6,1.0781,0.08,1.6,137104.47
15746726,2,6,2,3,31,438,8,78398.69,44937.01,0,1,0,0.2667,2476.96,660.61,1.7446,0.2581,2.2,78398.69
15712287,1,37,4,3,80,652,4,0.0,188603.07,1,1,0,0.0228,200.0,4.56,0.0,0.05,3.6,0.0
15702919,2,8,2,3,30,729,6,63669.42,145111.37,0,1,0,0.2253,2035.08,458.5,0.4388,0.2,1.9,63669.42
15674398,1,7,3,3,38,642,3,0.0,171463.83,0,0,0,0.0529,150.0,7.94,0.0,0.0789,0.45,0.0
15797960,2,35,2,1,59,806,0,135296.33,182822.5,0,1,0,0.9584,4183.89,4009.84,0.74,0.0,1.0,135296.33
15631868,3,9,2,3,36,744,2,153804.44,87213.33,1,1,0,0.1672,4739.13,792.38,1.7635,0.0556,3.3,153804.44
15581539,3,6,3,3,37,474,3,0.0,57175.32,0,0,0,0.0627,150.0,9.41,0.0,0.0811,0.45,0.0
15662736,1,11,2,1,49,559,2,147069.78,120540.83,0,1,1,0.8355,4537.09,3790.74,1.2201,0.0408,1.3,147069.78
15666252,3,8,4,3,42,706,9,0.0,28714.34,1,1,0,0.0518,200.0,10.36,0.0,0.2143,4.35,0.0
15677512,3,22,2,2,22,628,3,0.0,85426.28,0,1,0,0.4438,125.0,55.47,0.0,0.1364,1.45,0.0
15626114,1,1,2,3,24,429,4,95741.75,46170.75,0,1,0,0.1967,2997.25,589.56,2.0736,0.1667,1.6,95741.75
15810834,3,31,2,2,57,525,2,145965.33,64448.36,1,1,0,0.5761,4503.96,2594.73,2.2648,0.0351,3.3,145965.33
15678910,1,28,2,3,30,680,8,141441.75,16278.97,1,1,0,0.1744,4368.25,761.82,8.6881,0.2667,4.2,141441.75
15694408,1,9,2,2,40,749,1,139290.41,182855.42,0,1,1,0.4985,4303.71,2145.4,0.7617,0.025,1.15,139290.41
15585215,1,29,3,3,31,763,4,0.0,50404.72,0,0,0,0.1378,150.0,20.67,0.0,0.129,0.6,0.0
15682757,1,8,4,3,30,734,3,0.0,107640.25,0,1,0,0.0538,200.0,10.76,0.0,0.1,1.45,0.0
15736601,1,8,2,3,35,716,4,144428.87,134132.65,0,1,0,0.261,4457.87,1163.5,1.0768,0.1143,1.6,144428.87
15601848,1,7,4,3,35,594,2,0.0,103480.69,0,1,0,0.0785,200.0,15.7,0.0,0.0571,1.3,0.0
15736008,1,32,2,1,46,644,9,95441.27,108761.05,0,1,1,0.7101,2988.24,2121.95,0.8775,0.1957,2.35,95441.27
15669064,2,8,2,2,35,671,1,144848.74,179012.3,1,1,0,0.507,4470.46,2266.52,0.8092,0.0286,3.15,144848.74
15624528,2,2,4,3,26,664,7,116244.14,95145.14,1,1,0,0.1024,3687.32,377.58,1.2217,0.2692,4.05,58122.07
15598493,1,12,3,3,50,656,7,0.0,72143.44,1,0,0,0.1899,150.0,28.49,0.0,0.14,3.05,0.0
15601274,3,27,2,2,40,667,1,146502.07,19162.89,0,1,0,0.5856,4520.06,2646.95,7.6447,0.025,1.15,146502.07
15702669,2,7,3,2,44,663,2,117028.6,144680.18,1,0,0,0.4098,3660.86,1500.22,0.8089,0.0455,2.3,58514.3
15728669,2,27,2,1,30,584,8,112013.81,177772.03,0,1,1,0.6962,3485.41,2426.54,0.6301,0.2667,2.2,112013.81
15742668,3,27,2,2,37,626,6,108269.37,5597.94,0,1,0,0.4016,3373.08,1354.63,19.3375,0.1622,1.9,108269.37
15697441,1,1,2,2,29,485,7,182123.79,116828.51,0,1,1,0.4474,5588.71,2500.39,1.5589,0.2414,2.05,182123.79
15740476,2,27,3,3,32,659,3,150923.74,174652.51,1,0,0,0.1621,4677.71,758.26,0.8641,0.0938,2.45,75461.87
15648064,1,7,4,3,33,649,2,0.0,2010.98,0,1,0,0.0744,200.0,14.88,0.0,0.0606,1.3,0.0
15636624,3,30,2,2,39,805,5,165272.13,14109.85,0,1,1,0.4205,5083.16,2137.47,11.7124,0.1282,1.75,165272.13
15807923,2,28,2,1,39,716,10,115301.31,43527.4,0,1,1,0.8335,3584.04,2987.3,2.6489,0.2564,2.5,115301.31
15745844,2,27,3,3,40,642,6,129502.49,86099.23,1,0,1,0.3169,4035.07,1278.71,1.5041,0.15,2.9,64751.24
15786170,1,7,1,3,31,659,4,118342.26,161574.19,0,0,0,0.188,3625.27,681.55,0.7324,0.129,0.6,118342.26
15681081,3,31,4,3,47,545,5,0.0,38970.14,1,1,0,0.1589,200.0,31.78,0.0,0.1064,3.75,0.0
15684484,1,1,3,3,22,543,8,0.0,127587.22,0,0,0,0.055,150.0,8.25,0.0,0.3636,1.2,0.0
15785869,1,23,4,3,25,718,7,0.0,30380.12,0,1,0,0.0274,200.0,5.48,0.0,0.28,2.05,0.0
15763859,1,30,4,3,43,840,7,0.0,90908.95,0,1,0,0.1317,200.0,26.34,0.0,0.1628,2.05,0.0
15658935,2,27,4,3,34,630,9,106937.05,138275.01,0,1,0,0.2014,3408.11,686.39,0.7734,0.2647,2.35,53468.52
15747358,2,12,2,2,59,643,3,170331.37,32171.79,1,1,0,0.4578,5234.94,2396.56,5.2943,0.0508,3.45,170331.37
15735203,2,27,2,3,32,654,1,114510.85,126143.23,1,1,0,0.3318,3560.33,1181.32,0.9078,0.0312,3.15,114510.85
15576256,1,7,4,3,39,582,5,0.0,129892.93,1,1,0,0.0412,200.0,8.24,0.0,0.1282,3.75,0.0
15659420,3,7,4,3,32,659,3,107594.11,102416.84,1,1,0,0.1467,3427.82,502.86,1.0505,0.0938,3.45,53797.06
15593365,3,9,2,3,39,762,2,81273.13,18719.67,1,1,0,0.2652,2563.19,679.76,4.3414,0.0513,3.3,81273.13
15777352,3,26,2,3,32,568,7,169399.6,61936.22,0,1,0,0.3495,5206.99,1819.84,2.735,0.2188,2.05,169399.6
15812007,3,3,4,3,25,670,6,0.0,78358.94,1,1,0,0.0308,200.0,6.16,0.0,0.24,3.9,0.0
15625461,1,32,4,2,45,613,1,187841.99,147224.27,1,1,0,0.5585,5835.26,3258.99,1.2759,0.0222,3.15,93921.0
15739438,1,6,4,3,30,539,0,0.0,160979.66,0,1,0,0.0514,200.0,10.28,0.0,0.0,1.0,0.0
15611759,3,35,4,2,57,850,8,126776.3,132298.49,1,1,0,0.3877,4003.29,1552.08,0.9583,0.1404,4.2,63388.15
15661629,3,6,2,2,34,522,9,126436.29,174248.52,0,1,1,0.3725,3918.09,1459.49,0.7256,0.2647,2.35,126436.29
15633950,1,8,2,3,41,737,1,101960.74,123547.28,1,1,0,0.2414,3183.82,768.57,0.8253,0.0244,3.15,101960.74
15592386,1,11,3,2,58,520,3,0.0,32790.02,1,0,0,0.3667,150.0,55.0,0.0,0.0517,2.45,0.0
15803716,3,3,3,3,28,706,3,0.0,181543.67,1,0,0,0.0526,150.0,7.89,0.0,0.1071,2.45,0.0
15696674,2,32,1,1,45,643,2,150842.93,2319.96,1,0,1,0.7554,4600.29,3475.06,64.9916,0.0444,2.3,150842.93
15706365,1,32,2,1,50,648,9,102535.57,189543.19,1,1,0,0.7067,3201.07,2262.2,0.541,0.18,4.35,102535.57
15745088,2,21,4,3,29,443,9,99027.61,10940.4,0,1,0,0.1724,3170.83,546.65,9.0507,0.3103,2.35,49513.8
15676715,1,17,4,3,68,640,9,0.0,199493.38,1,1,0,0.0987,200.0,19.74,0.0,0.1324,4.35,0.0
15613085,3,27,2,2,33,628,3,0.0,188193.25,1,1,0,0.519,125.0,64.88,0.0,0.0909,3.45,0.0
15633537,2,26,4,2,42,540,9,87271.41,172572.64,0,1,0,0.4003,2818.14,1128.1,0.5057,0.2143,2.35,43635.7
15594720,2,26,4,3,35,460,8,102742.91,189339.6,1,1,0,0.2475,3282.29,812.37,0.5426,0.2286,4.2,51371.46
15684042,2,7,3,3,34,636,2,40105.51,53512.16,1,0,0,0.1177,1353.17,159.27,0.7495,0.0588,2.3,20052.76
15583303,1,22,2,3,29,593,2,152265.43,34004.44,0,1,0,0.2565,4692.96,1203.74,4.4777,0.069,1.3,152265.43
15611579,3,10,2,3,42,801,4,141947.67,10598.29,1,1,0,0.3006,4383.43,1317.66,13.3922,0.0952,3.6,141947.67
15774696,2,37,3,3,75,640,1,106307.91,113428.77,1,0,0,0.1727,3339.24,576.69,0.9372,0.0133,2.15,53153.96
15694506,2,7,4,3,31,611,0,107884.81,183487.98,1,1,0,0.2559,3436.54,879.41,0.588,0.0,3.0,53942.4
15688074,2,10,2,3,31,802,1,125013.72,187658.09,1,1,0,0.2993,3875.41,1159.91,0.6662,0.0323,3.15,125013.72
15759537,2,8,4,3,35,717,7,58469.37,172459.39,1,1,0,0.0396,1954.08,77.38,0.339,0.2,4.05,29234.68
15758449,1,29,1,2,39,769,8,0.0,21016.0,1,0,0,0.5374,75.0,40.3,0.0,0.2051,3.2,0.0
15583456,2,14,6,1,45,745,10,117231.63,122381.02,1,1,1,0.981,3791.95,3719.9,0.9579,0.2222,4.5,39077.21
15667871,3,6,2,3,35,572,4,152390.26,128123.66,0,1,0,0.2697,4696.71,1266.7,1.1894,0.1143,1.6,152390.26
15677371,3,27,2,2,30,629,2,34013.63,19570.63,0,1,0,0.4729,1145.41,541.66,1.7379,0.0667,1.3,34013.63
15629677,3,28,5,1,39,687,2,0.0,188150.6,0,0,1,0.9334,225.0,210.02,0.0,0.0513,0.3,0.0
15713578,1,31,4,2,50,483,9,0.0,111020.24,1,1,0,0.3737,200.0,74.74,0.0,0.18,4.35,0.0
15591509,1,8,4,3,36,690,7,101583.11,123775.15,0,1,0,0.2525,3247.49,819.99,0.8207,0.1944,2.05,50791.56
15568240,2,26,3,3,30,492,10,77168.87,146700.22,1,0,0,0.128,2465.07,315.53,0.526,0.3333,3.5,38584.44
15622993,2,3,4,3,28,709,8,124695.72,145251.35,0,1,0,0.0954,3940.87,375.96,0.8585,0.2857,2.2,62347.86
15689294,2,8,2,1,44,705,3,105934.96,82463.69,0,1,0,0.8168,3303.05,2697.93,1.2846,0.0682,1.45,105934.96
15720910,1,36,2,2,66,560,9,0.0,15928.49,1,1,0,0.3862,125.0,48.28,0.0,0.1364,4.35,0.0
15721181,3,12,4,3,46,611,6,0.0,45886.33,0,1,0,0.1621,200.0,32.42,0.0,0.1304,1.9,0.0
15776433,3,18,4,3,62,730,2,0.0,186489.95,1,1,0,0.1157,200.0,23.14,0.0,0.0323,3.3,0.0
15748936,3,33,3,3,45,709,2,0.0,162922.65,1,0,0,0.2331,150.0,34.97,0.0,0.0444,2.3,0.0
15717225,1,21,4,3,21,544,10,161525.96,9262.77,0,1,0,0.1352,5045.78,682.19,17.4363,0.4762,2.5,80762.98
15685226,2,23,2,2,29,712,7,147199.07,84932.4,1,1,0,0.3681,4540.97,1671.53,1.7331,0.2414,4.05,147199.07
15785611,2,9,2,3,38,752,3,183102.29,71557.12,1,1,0,0.3428,5618.07,1925.87,2.5588,0.0789,3.45,183102.29
15573456,3,12,4,2,46,648,9,127209.0,77405.95,0,1,1,0.5253,4016.27,2109.75,1.6434,0.1957,2.35,63604.5
15684548,3,6,3,3,38,556,8,0.0,417.41,0,0,1,0.139,150.0,20.85,0.0,0.2105,1.2,0.0
15620505,3,22,2,3,24,594,0,97378.54,71405.17,1,1,0,0.1799,3046.36,548.04,1.3637,0.0,3.0,97378.54
15807432,2,27,3,3,37,645,2,136925.09,153400.24,1,0,0,0.3178,4257.75,1353.11,0.8926,0.0541,2.3,68462.54
15584766,1,6,2,3,33,557,3,54503.55,371.05,1,1,0,0.246,1760.11,432.99,146.4952,0.0909,3.45,54503.55
15612187,2,6,2,2,32,547,8,155726.85,67789.99,0,1,0,0.4973,4796.81,2385.45,2.2972,0.25,2.2,155726.85
15762218,1,28,3,3,39,701,9,0.0,145894.9,1,0,0,0.1862,150.0,27.93,0.0,0.2308,3.35,0.0
15646372,1,37,2,1,66,616,1,135842.41,183840.51,0,1,1,0.8926,4200.27,3749.16,0.7389,0.0152,1.15,135842.41
15690452,1,12,2,1,52,605,1,63349.75,108887.44,0,1,0,0.8701,2025.49,1762.38,0.5818,0.0192,1.15,63349.75
15747795,2,27,2,1,38,593,4,129499.42,154071.27,1,1,0,0.6864,4009.98,2752.45,0.8405,0.1053,3.6,129499.42
15781589,3,14,3,3,52,751,8,0.0,179291.85,1,0,0,0.1918,150.0,28.77,0.0,0.1538,3.2,0.0
15732674,3,6,3,3,36,443,6,70438.01,56937.43,1,0,0,0.1511,2263.14,341.96,1.2371,0.1667,2.9,35219.0
15642291,1,3,4,3,23,685,8,0.0,112239.03,1,1,0,0.0138,200.0,2.76,0.0,0.3478,4.2,0.0
15692761,1,8,2,2,36,718,9,0.0,45909.87,0,1,0,0.472,125.0,59.0,0.0,0.25,2.35,0.0
15578045,3,31,1,1,49,538,9,141434.04,173779.25,0,0,1,0.8624,4318.02,3723.86,0.8139,0.1837,1.35,141434.04
15745354,3,27,4,3,37,611,4,0.0,125696.26,0,1,0,0.134,200.0,26.8,0.0,0.1081,1.6,0.0
15701376,2,7,4,3,37,668,10,152958.29,159585.61,1,1,0,0.0754,4788.75,361.07,0.9585,0.2703,4.5,76479.14
15691625,2,26,2,1,41,537,3,138306.34,106761.47,0,1,0,0.7572,4274.19,3236.42,1.2955,0.0732,1.45,138306.34
15566594,3,3,3,3,23,709,10,0.0,129590.18,0,0,0,0.0564,150.0,8.46,0.0,0.4348,1.5,0.0
15760431,1,10,4,3,38,850,1,0.0,80006.65,1,1,0,0.0294,200.0,5.88,0.0,0.0263,3.15,0.0
15686302,3,29,2,3,31,745,3,124328.84,140451.52,1,1,0,0.2576,3854.87,993.01,0.8852,0.0968,3.45,124328.84
15801559,2,28,6,1,41,693,9,181461.48,187929.43,1,1,1,0.9847,5718.84,5631.34,0.9656,0.2195,4.35,60487.16
15810432,3,9,4,3,35,795,8,0.0,167155.36,0,1,0,0.0445,200.0,8.9,0.0,0.2286,2.2,0.0
15809616,3,2,3,3,26,626,8,0.0,191420.71,0,0,0,0.0418,150.0,6.27,0.0,0.3077,1.2,0.0
15720559,2,36,1,1,61,487,5,110368.03,11384.45,0,0,1,0.9676,3386.04,3276.33,9.6938,0.082,0.75,110368.03
15695632,1,26,2,3,39,556,9,89588.35,94898.1,1,1,0,0.3001,2812.65,844.08,0.944,0.2308,4.35,89588.35
15659843,1,32,3,3,46,643,6,0.0,106781.59,0,0,0,0.2984,150.0,44.76,0.0,0.1304,0.9,0.0
15615624,1,22,3,3,28,605,6,0.0,159508.52,0,0,0,0.1637,150.0,24.56,0.0,0.2143,0.9,0.0
15810418,2,39,2,1,60,756,3,115924.89,93524.19,0,1,1,0.9668,3602.75,3483.14,1.2395,0.05,1.45,115924.89
15716186,1,27,4,3,38,586,2,0.0,87168.46,0,1,0,0.2171,200.0,43.42,0.0,0.0526,1.3,0.0
15674551,2,6,2,1,40,535,7,111756.5,8128.32,0,1,1,0.7806,3477.7,2714.69,13.7473,0.175,2.05,111756.5
15622834,1,28,2,2,35,678,4,0.0,125518.32,0,1,0,0.5957,125.0,74.46,0.0,0.1143,1.6,0.0
15566111,1,7,2,2,39,596,9,0.0,48963.59,0,1,0,0.6067,125.0,75.84,0.0,0.2308,2.35,0.0
15784597,1,2,2,3,26,648,9,162923.85,98368.24,0,1,0,0.2995,5012.72,1501.31,1.6562,0.3462,2.35,162923.85
15652883,2,6,4,2,39,492,10,124576.65,148584.61,0,1,0,0.3607,3937.3,1420.18,0.8384,0.2564,2.5,62288.32
15806964,1,13,2,2,45,702,0,80793.58,27474.81,1,1,0,0.5276,2548.81,1344.75,2.9405,0.0,3.0,80793.58
15576313,2,26,2,2,40,486,9,71340.09,76192.21,0,1,0,0.6102,2265.2,1382.23,0.9363,0.225,2.35,71340.09
15806467,2,6,1,1,40,568,1,99282.63,134600.94,0,0,1,0.6976,3053.48,2130.11,0.7376,0.025,0.15,99282.63
15597602,2,12,2,1,57,619,3,137946.39,72467.99,1,1,1,0.8161,4263.39,3479.35,1.9035,0.0526,3.45,137946.39
15743040,2,8,3,3,41,724,2,127892.57,199645.45,1,0,0,0.1719,3986.78,685.33,0.6406,0.0488,2.3,63946.28
15705521,2,26,2,2,33,548,0,101084.36,42749.85,0,1,0,0.5966,3157.53,1883.78,2.3645,0.0,1.0,101084.36
15595039,2,26,2,1,37,545,8,114754.08,136050.44,0,1,1,0.7487,3567.62,2671.08,0.8435,0.2162,2.2,114754.08
15799384,1,8,1,2,33,683,8,0.0,73564.44,0,0,0,0.4324,75.0,32.43,0.0,0.2424,1.2,0.0
15581197,1,34,1,1,51,762,3,99286.98,85578.63,1,0,0,0.76,3053.61,2320.74,1.1602,0.0588,2.45,99286.98
15693737,2,27,4,3,30,627,4,79871.02,129826.89,0,1,0,0.1687,2596.13,437.97,0.6152,0.1333,1.6,39935.51
15624623,1,6,3,3,35,516,10,104088.59,119666.0,0,0,0,0.1468,3272.66,480.43,0.8698,0.2857,1.5,52044.3
15783501,1,30,4,3,38,800,2,168190.33,68052.08,0,1,0,0.2724,5245.71,1428.93,2.4715,0.0526,1.3,84095.16
15690134,2,26,2,2,42,464,3,85679.25,164104.74,1,1,0,0.5239,2695.38,1412.11,0.5221,0.0714,3.45,85679.25
15782735,1,27,1,2,35,626,3,0.0,80190.36,0,0,0,0.5932,75.0,44.49,0.0,0.0857,0.45,0.0
15611088,1,29,4,3,31,790,9,0.0,84126.75,0,1,0,0.039,200.0,7.8,0.0,0.2903,2.35,0.0
15672145,1,26,4,3,34,534,7,121551.58,70179.0,1,1,0,0.1448,3846.55,556.98,1.732,0.2059,4.05,60775.79
15732628,1,14,2,2,46,745,2,122220.19,118024.1,1,1,0,0.5163,3791.61,1957.61,1.0355,0.0435,3.3,122220.19
15787470,3,11,1,1,47,553,3,116528.15,145704.19,0,0,1,0.7515,3570.84,2683.49,0.7998,0.0638,0.45,116528.15
15803406,1,24,1,3,26,748,1,77780.29,183049.41,1,0,0,0.1459,2408.41,351.39,0.4249,0.0385,2.15,77780.29
15730460,1,8,1,2,37,722,2,0.0,120906.83,0,0,0,0.472,75.0,35.4,0.0,0.0541,0.3,0.0
15644572,1,6,2,3,40,501,4,125832.2,100433.83,1,1,0,0.2436,3899.97,950.03,1.2529,0.1,3.6,125832.2
15694860,1,28,1,1,38,675,6,68065.8,138777.0,0,0,1,0.694,2116.97,1469.18,0.4905,0.1579,0.9,68065.8
15658169,3,34,4,1,47,778,6,127299.34,124694.99,0,1,0,0.8207,4018.98,3298.38,1.0209,0.1277,1.9,63649.67
15794396,2,26,2,2,38,494,7,174937.64,40084.32,0,1,0,0.4868,5373.13,2615.64,4.3641,0.1842,2.05,174937.64
15785798,1,10,3,3,40,850,9,0.0,119232.33,1,0,0,0.0553,150.0,8.3,0.0,0.225,3.35,0.0
15710825,3,7,1,3,31,592,7,110071.1,43921.36,0,0,0,0.3258,3377.13,1100.27,2.506,0.2258,1.05,110071.1
15668444,3,27,2,1,44,590,3,139432.37,62222.81,0,1,0,0.6811,4307.97,2934.16,2.2408,0.0682,1.45,139432.37
15726631,1,29,1,3,39,758,6,127357.76,56577.0,1,0,0,0.3225,3895.73,1256.37,2.251,0.1538,2.9,127357.76
15733797,1,6,4,3,36,506,5,0.0,164253.35,0,1,0,0.0609,200.0,12.18,0.0,0.1389,1.75,0.0
15747960,1,8,2,2,33,733,3,0.0,7666.73,1,1,0,0.3533,125.0,44.16,0.0,0.0909,3.45,0.0
15634632,1,8,4,3,38,711,3,0.0,68487.51,0,1,0,0.0789,200.0,15.78,0.0,0.0789,1.45,0.0
15707362,2,6,1,1,43,514,1,95556.31,199273.98,1,0,1,0.8699,2941.69,2558.98,0.4795,0.0233,2.15,95556.31
15662976,3,7,2,2,37,637,8,0.0,186062.36,1,1,0,0.3722,125.0,46.52,0.0,0.2162,4.2,0.0
15732778,2,1,4,3,29,468,1,111681.98,195711.16,1,1,0,0.1125,3550.46,399.43,0.5706,0.0345,3.15,55840.99
15718443,1,6,4,3,39,539,3,0.0,36692.17,0,1,0,0.0846,200.0,16.92,0.0,0.0769,1.45,0.0
15670039,3,21,4,3,25,509,3,108738.71,106920.57,0,1,0,0.2514,3462.16,870.39,1.017,0.12,1.45,54369.36
15773792,1,27,2,3,32,662,4,133950.37,48725.68,1,1,1,0.2096,4143.51,868.48,2.749,0.125,3.6,133950.37
15613786,3,5,4,3,26,818,4,0.0,167036.94,1,1,0,0.0199,200.0,3.98,0.0,0.1538,3.6,0.0
15726032,1,7,2,3,33,608,9,89968.69,68777.26,0,1,0,0.2374,2824.06,670.43,1.3081,0.2727,2.35,89968.69
15663252,3,30,4,3,32,850,9,0.0,18924.92,1,1,0,0.0473,200.0,9.46,0.0,0.2812,4.35,0.0
15593782,2,30,6,1,38,816,5,130878.75,71905.77,0,1,1,0.9872,4201.36,4147.58,1.8201,0.1316,1.75,43626.25
15633283,1,6,4,3,35,536,8,0.0,64833.28,0,1,0,0.0723,200.0,14.46,0.0,0.2286,2.2,0.0
15749167,1,9,4,3,35,753,3,0.0,184843.77,1,1,0,0.0398,200.0,7.96,0.0,0.0857,3.45,0.0
15759298,3,2,2,3,27,631,10,134169.62,176730.02,1,1,0,0.1284,4150.09,532.87,0.7592,0.3704,4.5,134169.62
15683625,1,8,2,2,37,703,1,149762.08,20629.4,0,1,1,0.3609,4617.86,1666.59,7.2593,0.027,1.15,149762.08
15635367,1,4,2,3,26,774,2,93844.69,28415.36,0,1,0,0.2209,2940.34,649.52,3.3025,0.0769,1.3,93844.69
15681705,1,4,4,3,28,785,8,0.0,77231.27,0,1,0,0.0223,200.0,4.46,0.0,0.2857,2.2,0.0
15603156,1,26,4,3,33,571,1,0.0,102750.7,0,1,0,0.0826,200.0,16.52,0.0,0.0303,1.15,0.0
15591986,2,12,1,1,46,621,6,141078.37,34580.8,0,0,1,0.9041,4307.35,3894.28,4.0796,0.1304,0.9,141078.37
15798888,2,27,2,2,31,605,1,117992.59,183598.77,1,1,0,0.4852,3664.78,1778.15,0.6427,0.0323,3.15,117992.59
15809722,1,27,4,2,40,611,8,100812.33,147358.27,0,1,0,0.5239,3224.37,1689.25,0.6841,0.2,2.2,50406.16
15677538,1,6,2,3,38,569,7,0.0,108469.2,1,1,0,0.3328,125.0,41.6,0.0,0.1842,4.05,0.0
15797736,1,2,2,3,29,658,4,80262.6,20612.82,1,1,0,0.1627,2532.88,412.1,3.8936,0.1379,3.6,80262.6
15695585,3,9,1,3,34,788,6,156478.62,181196.76,1,0,0,0.1863,4769.36,888.53,0.8636,0.1765,2.9,156478.62
15744398,1,21,4,3,23,525,5,0.0,160249.1,0,1,0,0.1142,200.0,22.84,0.0,0.2174,1.75,0.0
15750658,1,9,5,1,37,798,8,0.0,110783.28,0,0,0,0.6904,225.0,155.34,0.0,0.2162,1.2,0.0
15578186,2,6,4,3,37,486,9,115217.99,144995.33,0,1,0,0.3478,3656.54,1271.74,0.7946,0.2432,2.35,57609.0
15676519,3,17,4,1,61,615,9,0.0,150227.85,0,1,1,0.6926,200.0,138.52,0.0,0.1475,2.35,0.0
15637954,1,28,2,3,35,730,0,155470.55,53718.28,1,1,0,0.1781,4789.12,852.94,2.8941,0.0,3.0,155470.55
15758639,1,7,4,3,37,641,7,0.0,75248.3,0,1,0,0.0596,200.0,11.92,0.0,0.1892,2.05,0.0
15613772,1,6,2,3,39,542,3,135096.77,14353.43,1,1,1,0.2985,4177.9,1247.1,9.4115,0.0769,3.45,135096.77
15731744,1,8,3,3,30,692,2,0.0,130486.57,1,0,0,0.0366,150.0,5.49,0.0,0.0667,2.3,0.0
15807709,2,33,2,1,55,714,9,180075.22,100127.71,1,1,0,0.6586,5527.26,3640.25,1.7984,0.1636,4.35,180075.22
15714689,3,2,2,3,29,591,1,97541.24,196356.17,1,1,0,0.1661,3051.24,506.81,0.4968,0.0345,3.15,97541.24
15699005,1,28,2,3,41,710,2,156067.05,9983.88,1,1,0,0.2762,4807.01,1327.7,15.6303,0.0488,3.3,156067.05
15624170,1,27,3,3,38,639,4,81550.94,118974.77,1,0,0,0.326,2596.53,846.47,0.6854,0.1053,2.6,40775.47
15725679,1,31,1,1,47,531,6,0.0,194998.34,0,0,1,0.9537,75.0,71.53,0.0,0.1277,0.9,0.0
15585865,1,28,3,2,38,673,2,170061.92,134901.34,0,0,1,0.4256,5251.86,2235.19,1.2606,0.0526,0.3,85030.96
15804256,2,9,4,3,36,765,8,92310.54,72924.56,1,1,0,0.1144,2969.32,339.69,1.2658,0.2222,4.2,46155.27
15662403,1,27,4,3,32,622,6,169089.38,101057.95,0,1,0,0.1977,5272.68,1042.41,1.6732,0.1875,1.9,84544.69
15733616,1,10,2,3,40,806,5,80613.93,142838.64,1,1,0,0.2479,2543.42,630.51,0.5644,0.125,3.75,80613.93
15591995,2,4,4,3,26,757,8,121581.56,127059.04,1,1,0,0.0931,3847.45,358.2,0.9569,0.3077,4.2,60790.78
15677020,1,31,1,1,58,570,8,0.0,116503.92,1,0,1,0.8457,75.0,63.43,0.0,0.1379,3.2,0.0
15727688,3,6,4,3,32,555,4,0.0,54405.79,1,1,0,0.042,200.0,8.4,0.0,0.125,3.6,0.0
15715941,1,13,4,3,54,692,5,0.0,88721.84,1,1,0,0.1048,200.0,20.96,0.0,0.0926,3.75,0.0
15714485,1,19,2,1,60,774,5,85891.55,74135.48,0,1,1,0.9344,2701.75,2524.52,1.1586,0.0833,1.75,85891.55
15730059,3,7,4,3,44,638,9,77637.35,111346.22,1,1,0,0.2889,2529.12,730.66,0.6973,0.2045,4.35,38818.68
15715527,3,26,1,1,41,543,4,0.0,194902.16,0,0,0,0.8066,75.0,60.5,0.0,0.0976,0.6,0.0
15576623,1,7,4,3,31,584,5,0.0,31474.27,0,1,0,0.0432,200.0,8.64,0.0,0.1613,1.75,0.0
15805565,2,8,2,2,30,691,7,116927.89,21198.39,0,1,0,0.6101,3632.84,2216.4,5.5156,0.2333,2.05,116927.89
15677307,2,28,2,1,40,684,6,137326.65,186976.6,0,1,0,0.7725,4244.8,3279.11,0.7345,0.15,1.9,137326.65
15773890,1,3,4,3,22,733,5,0.0,117202.19,1,1,0,0.0269,200.0,5.38,0.0,0.2273,3.75,0.0
15598883,3,27,4,3,37,599,2,0.0,143739.29,1,1,0,0.0924,200.0,18.48,0.0,0.0541,3.3,0.0
15568506,2,26,4,3,31,524,10,67238.98,161811.23,1,1,0,0.1634,2217.17,362.29,0.4155,0.3226,4.5,33619.49
15761043,2,27,4,2,38,632,6,86569.76,98090.91,0,1,0,0.3897,2797.09,1090.03,0.8825,0.1579,1.9,43284.88
15782236,3,8,3,3,34,735,5,0.0,71095.41,0,0,0,0.0592,150.0,8.88,0.0,0.1471,0.75,0.0
15593601,1,8,2,3,34,734,6,133598.4,13107.24,1,1,0,0.1954,4132.95,807.58,10.1919,0.1765,3.9,133598.4
15682048,1,32,2,2,51,605,3,136188.78,67110.59,1,1,1,0.6471,4210.66,2724.72,2.0293,0.0588,3.45,136188.78
15746902,3,9,4,3,38,793,9,0.0,88225.02,0,1,0,0.0683,200.0,13.66,0.0,0.2368,2.35,0.0
15752081,1,31,5,1,56,468,10,0.0,62256.87,1,0,1,0.9599,225.0,215.98,0.0,0.1786,3.5,0.0
15781307,2,9,4,3,37,779,7,120092.52,135925.72,0,1,0,0.3132,3802.78,1191.03,0.8835,0.1892,2.05,60046.26
15775912,1,13,3,2,48,698,4,101238.24,177815.87,1,0,1,0.5764,3187.15,1837.07,0.5693,0.0833,2.6,50619.12
15745417,1,13,1,2,58,707,6,89685.92,126471.13,1,0,0,0.5452,2765.58,1507.79,0.7091,0.1034,2.9,89685.92
15671256,1,30,2,1,35,850,1,211774.31,188574.12,0,1,1,0.6599,6478.23,4274.98,1.123,0.0286,1.15,211774.31
15653547,1,15,2,2,56,850,7,131317.48,119175.45,1,1,0,0.4798,4064.52,1950.16,1.1019,0.125,4.05,131317.48
15595766,3,6,4,3,37,527,5,93722.73,139093.73,1,1,0,0.2108,3011.68,634.86,0.6738,0.1351,3.75,46861.36
15742358,2,8,2,3,32,696,8,101160.99,115916.55,1,1,0,0.2663,3159.83,841.46,0.8727,0.25,4.2,101160.99
15763274,1,12,1,1,48,661,3,120320.54,96463.25,0,0,0,0.6864,3684.62,2529.12,1.2473,0.0625,0.45,120320.54
15786063,1,29,4,3,31,776,2,0.0,112349.51,1,1,0,0.0696,200.0,13.92,0.0,0.0645,3.3,0.0
15600258,1,8,4,3,43,701,2,0.0,165303.79,1,1,0,0.0635,200.0,12.7,0.0,0.0465,3.3,0.0
15573318,1,2,4,3,26,610,8,0.0,166031.08,0,1,0,0.0205,200.0,4.1,0.0,0.3077,2.2,0.0
15653849,2,31,2,1,48,572,3,152827.99,38411.79,0,1,1,0.9144,4709.84,4306.68,3.9786,0.0625,1.45,152827.99
15694272,1,8,2,3,30,673,1,64097.75,77783.35,1,1,0,0.1386,2047.93,283.84,0.824,0.0333,3.15,64097.75
15736112,3,31,4,2,57,519,2,119035.35,29871.79,1,1,0,0.522,3771.06,1968.49,3.9847,0.0351,3.3,59517.68
15749851,3,23,1,3,26,702,4,135219.57,59747.63,1,0,0,0.2106,4131.59,870.11,2.2631,0.1538,2.6,135219.57
15663478,1,8,2,3,32,729,6,93694.42,79919.13,1,1,0,0.1492,2935.83,438.03,1.1724,0.1875,3.9,93694.42
15592300,3,6,2,3,35,543,10,59408.63,76773.53,0,1,0,0.2667,1907.26,508.67,0.7738,0.2857,2.5,59408.63
15567832,1,26,2,2,40,550,7,114354.95,54018.93,0,1,0,0.5793,3555.65,2059.79,2.1169,0.175,2.05,114354.95
15776780,1,12,2,1,59,608,1,0.0,70649.64,0,1,1,0.9703,125.0,121.29,0.0,0.0169,1.15,0.0
15592846,2,7,4,3,35,639,10,128173.9,59093.39,0,1,0,0.1596,4045.22,645.62,2.169,0.2857,2.5,64086.95
15739803,3,8,4,3,34,686,9,0.0,127569.8,0,1,0,0.0401,200.0,8.02,0.0,0.2647,2.35,0.0
15794142,2,36,5,1,62,564,5,114931.35,18260.98,1,0,1,0.9887,3672.94,3631.44,6.2935,0.0806,2.75,38310.45
15762729,2,24,2,2,28,745,1,111071.36,73275.96,0,1,1,0.545,3457.14,1884.14,1.5158,0.0357,1.15,111071.36
15667896,1,10,4,3,37,833,8,151226.18,136129.49,1,1,0,0.0566,4736.79,268.1,1.1109,0.2162,4.2,75613.09
15626578,1,2,4,3,26,622,9,0.0,153237.59,1,1,0,0.014,200.0,2.8,0.0,0.3462,4.35,0.0
15776223,1,27,2,2,42,597,4,64740.12,106841.12,1,1,0,0.4225,2067.2,873.39,0.6059,0.0952,3.6,64740.12
15705953,3,13,2,1,51,721,0,169312.13,109078.35,0,1,1,0.8843,5204.36,4602.22,1.5522,0.0,1.0,169312.13
15802593,1,31,5,1,49,504,7,0.0,87822.14,1,0,1,0.9803,225.0,220.57,0.0,0.1429,3.05,0.0
15615457,3,30,4,3,44,842,2,112652.08,126644.98,0,1,0,0.2224,3579.56,796.09,0.8895,0.0455,1.3,56326.04
15708916,1,7,4,3,38,587,0,0.0,47414.15,0,1,0,0.0765,200.0,15.3,0.0,0.0,1.0,0.0
15720187,2,26,4,3,30,479,7,143964.36,41879.99,0,1,0,0.1862,4518.93,841.42,3.4375,0.2333,2.05,71982.18
15595440,1,11,4,2,49,508,7,122451.46,75808.1,1,1,0,0.394,3873.54,1526.17,1.6153,0.1429,4.05,61225.73
15600651,1,4,6,2,24,749,1,0.0,47911.03,1,1,0,0.5095,275.0,140.11,0.0,0.0417,3.15,0.0
15750141,2,28,4,3,36,721,3,65253.07,28737.78,0,1,0,0.271,2157.59,584.71,2.2706,0.0833,1.45,32626.54
15657284,2,13,2,1,47,674,6,106901.94,2079.2,1,1,1,0.8366,3332.06,2787.6,51.3902,0.1277,3.9,106901.94
15763063,3,23,2,3,25,685,10,128509.63,121562.33,0,1,0,0.2157,3980.29,858.55,1.0571,0.4,2.5,128509.63
15709324,1,6,4,3,34,417,7,0.0,55003.79,0,1,0,0.0707,200.0,14.14,0.0,0.2059,2.05,0.0
15711309,2,6,2,2,33,574,3,129834.67,193131.42,0,1,0,0.5846,4020.04,2350.12,0.6723,0.0909,1.45,129834.67
15775318,3,32,5,1,51,590,3,154962.99,191932.27,1,0,1,0.9923,4873.89,4836.36,0.8074,0.0588,2.45,51654.33
15705515,2,7,4,3,40,587,5,138241.9,159418.1,0,1,0,0.2758,4347.26,1198.97,0.8672,0.125,1.75,69120.95
15634844,2,7,2,1,41,598,3,91536.93,191468.78,0,1,1,0.7304,2871.11,2097.06,0.4781,0.0732,1.45,91536.93
15717046,3,14,4,3,53,741,3,0.0,38913.68,1,1,0,0.1182,200.0,23.64,0.0,0.0566,3.45,0.0
15571816,3,40,2,3,70,850,5,0.0,705.18,1,1,0,0.2625,125.0,32.81,0.0,0.0714,3.75,0.0
15670080,2,22,1,2,29,584,7,105204.01,138490.03,1,0,0,0.5108,3231.12,1650.46,0.7596,0.2414,3.05,105204.01
15800440,3,17,1,2,61,650,1,152968.73,82970.69,1,0,0,0.547,4664.06,2551.24,1.8436,0.0164,2.15,152968.73
15665678,3,7,2,3,36,607,8,158261.68,76744.72,1,1,0,0.1191,4872.85,580.36,2.0622,0.2222,4.2,158261.68
15665956,1,31,2,1,46,509,1,0.0,71244.59,0,1,1,0.9253,125.0,115.66,0.0,0.0217,1.15,0.0
15788126,3,28,2,3,38,689,6,121021.05,12182.15,1,1,0,0.2948,3755.63,1107.16,9.9335,0.1579,3.9,121021.05
15811773,1,6,4,3,36,543,4,0.0,141210.5,1,1,0,0.0325,200.0,6.5,0.0,0.1111,3.6,0.0
15651674,3,31,1,1,54,438,2,0.0,191763.07,0,0,1,0.9793,75.0,73.45,0.0,0.037,0.3,0.0
15689614,3,38,2,3,63,687,1,137715.66,37938.74,1,1,0,0.2914,4256.47,1240.34,3.6299,0.0159,3.15,137715.66
15795564,2,8,4,3,31,737,5,121192.22,74890.58,1,1,0,0.1515,3835.77,581.12,1.6182,0.1613,3.75,60596.11
15706647,1,9,6,1,31,761,7,0.0,166698.18,1,1,0,0.6581,275.0,180.98,0.0,0.2258,4.05,0.0
15728505,1,7,4,2,44,601,1,100486.18,62678.53,1,1,0,0.3751,3214.59,1205.79,1.6032,0.0227,3.15,50243.09
15730076,1,12,2,1,45,651,1,0.0,67740.08,0,1,1,0.8321,125.0,104.01,0.0,0.0222,1.15,0.0
15622003,1,9,4,3,35,745,9,92566.53,161519.77,0,1,0,0.1884,2977.0,560.87,0.5731,0.2571,2.35,46283.26
15607312,3,32,4,2,49,648,10,0.0,159835.78,1,1,1,0.5147,200.0,102.94,0.0,0.2041,4.5,0.0
15644753,3,10,2,3,40,848,3,110929.96,30876.84,1,1,0,0.3012,3452.9,1040.01,3.5925,0.075,3.45,110929.96
15653620,1,21,4,3,27,546,8,0.0,14858.1,1,1,0,0.0571,200.0,11.42,0.0,0.2963,4.2,0.0
15761986,3,26,2,2,32,439,3,138901.61,75685.97,0,1,0,0.3503,4292.05,1503.51,1.8352,0.0938,1.45,138901.61
15633922,1,9,3,3,30,755,4,123217.66,144183.1,1,0,0,0.1176,3846.53,452.35,0.8546,0.1333,2.6,61608.83
15734674,1,27,2,1,41,593,6,0.0,65170.66,0,1,0,0.763,125.0,95.38,0.0,0.1463,1.9,0.0
15658032,1,8,4,3,39,701,2,0.0,82526.92,1,1,0,0.0412,200.0,8.24,0.0,0.0513,3.3,0.0
15692671,3,8,4,3,36,701,8,0.0,169161.46,0,1,0,0.0571,200.0,11.42,0.0,0.2222,2.2,0.0
15737741,3,27,3,2,33,607,2,108431.87,109291.39,1,0,1,0.3536,3402.96,1203.29,0.9921,0.0606,2.3,54215.94
15576352,3,32,3,3,57,586,3,0.0,6057.81,1,0,0,0.2991,150.0,44.86,0.0,0.0526,2.45,0.0
15753719,2,26,2,3,30,547,9,72392.41,77077.14,0,1,0,0.258,2296.77,592.57,0.9392,0.3,2.35,72392.41
15803689,2,32,3,1,51,647,1,119741.77,54954.51,0,0,1,0.9204,3742.25,3444.37,2.1789,0.0196,0.15,59870.88
15718057,1,34,1,1,51,760,2,100946.71,179614.8,0,0,1,0.9197,3103.4,2854.2,0.562,0.0392,0.3,100946.71
15722010,3,12,2,1,53,621,9,170491.84,35588.07,0,1,1,0.8303,5239.76,4350.57,4.7906,0.1698,2.35,170491.84
15680998,1,8,2,2,44,725,5,0.0,117356.14,1,1,0,0.4692,125.0,58.65,0.0,0.1136,3.75,0.0
15614782,1,6,2,2,36,526,1,0.0,160696.72,0,1,0,0.4055,125.0,50.69,0.0,0.0278,1.15,0.0
15591047,3,31,3,1,47,519,6,157296.02,147278.43,0,0,1,0.8931,4868.88,4348.4,1.068,0.1277,0.9,78648.01
15788291,2,28,2,2,38,713,7,144606.22,56594.36,1,1,1,0.639,4463.19,2851.98,2.5551,0.1842,4.05,144606.22
15604044,1,8,2,3,38,700,8,134811.3,1299.75,0,1,0,0.3487,4169.34,1453.85,103.6412,0.2105,2.2,134811.3
15679587,1,27,2,3,34,666,9,115897.12,25095.03,1,1,0,0.2057,3601.91,740.91,4.6181,0.2647,4.35,115897.12
15775153,3,7,1,3,32,630,4,82034.0,146326.45,0,0,0,0.2056,2536.02,521.41,0.5606,0.125,0.6,82034.0
15603925,3,24,3,3,26,779,4,174318.13,38296.21,1,0,0,0.1383,5379.54,743.99,4.5517,0.1538,2.6,87159.06
15680970,2,27,2,1,41,611,2,114206.84,164061.6,0,1,0,0.7965,3551.21,2828.54,0.6961,0.0488,1.3,114206.84
15697183,3,8,4,3,43,685,9,0.0,107811.28,0,1,0,0.1851,200.0,37.02,0.0,0.2093,2.35,0.0
15567446,2,7,2,2,39,646,9,111574.41,30838.51,1,1,0,0.5803,3472.23,2014.94,3.6179,0.2308,4.35,111574.41
15637476,2,33,1,1,57,683,5,162448.69,9221.78,0,0,1,0.9395,4948.46,4649.08,17.6139,0.0877,0.75,162448.69
15714939,2,26,1,2,34,484,4,148249.54,33738.27,1,0,0,0.4183,4522.49,1891.76,4.394,0.1176,2.6,148249.54
15683503,1,27,5,1,43,601,8,0.0,110916.15,1,0,1,0.9724,225.0,218.79,0.0,0.186,3.2,0.0
15645569,3,24,4,3,26,762,7,123709.46,169654.57,1,1,0,0.1519,3911.28,594.12,0.7292,0.2692,4.05,61854.73
15782569,1,38,1,3,72,687,9,0.0,69829.4,1,0,0,0.2106,75.0,15.8,0.0,0.125,3.35,0.0
15592387,1,6,2,2,30,566,5,0.0,54926.51,0,1,1,0.4366,125.0,54.58,0.0,0.1667,1.75,0.0
15609286,1,8,2,3,37,702,10,150525.8,94728.49,1,1,0,0.1058,4640.77,490.99,1.589,0.2703,4.5,150525.8
15814035,1,2,2,3,29,601,9,0.0,80393.27,1,1,0,0.2202,125.0,27.52,0.0,0.3103,4.35,0.0
15661249,1,13,3,3,53,699,4,0.0,111307.98,1,0,0,0.2074,150.0,31.11,0.0,0.0755,2.6,0.0
15629117,1,2,4,3,28,584,10,0.0,19834.32,0,1,0,0.0289,200.0,5.78,0.0,0.3571,2.5,0.0
15607170,1,8,4,3,35,699,5,0.0,78397.24,1,1,0,0.0357,200.0,7.14,0.0,0.1429,3.75,0.0
15586585,2,33,2,1,51,698,2,111018.98,86410.28,0,1,0,0.9323,3455.57,3221.63,1.2848,0.0392,1.3,111018.98
15686611,1,6,1,3,30,495,10,129755.99,172749.65,0,0,0,0.1842,3967.68,730.85,0.7511,0.3333,1.5,129755.99
15603203,1,22,4,3,27,650,6,0.0,1002.39,0,1,0,0.0745,200.0,14.9,0.0,0.2222,1.9,0.0
15619857,1,37,2,2,64,605,2,129555.7,13601.79,1,1,0,0.352,4011.67,1412.11,9.5242,0.0312,3.3,129555.7
15805062,3,7,2,3,38,667,1,87202.38,77866.91,1,1,0,0.1818,2741.07,498.33,1.1199,0.0263,3.15,87202.38
15660271,2,3,2,3,26,688,8,146133.39,175296.76,1,1,0,0.2153,4509.0,970.79,0.8336,0.3077,4.2,146133.39
15745295,3,28,2,2,31,727,0,0.0,121751.04,0,1,1,0.5612,125.0,70.15,0.0,0.0,1.0,0.0
15719352,3,9,4,3,39,754,6,170184.99,89593.26,0,1,0,0.2964,5305.55,1572.57,1.8995,0.1538,1.9,85092.5
15766575,2,37,2,1,62,612,8,140745.33,193437.89,0,1,1,0.9521,4347.36,4139.12,0.7276,0.129,2.2,140745.33
15594594,3,6,2,3,42,546,7,139070.51,86945.0,1,1,0,0.226,4297.12,971.15,1.5995,0.1667,4.05,139070.51
15646161,3,28,4,3,37,673,8,0.0,183318.79,1,1,0,0.1303,200.0,26.06,0.0,0.2162,4.2,0.0
15682585,1,7,2,3,35,593,9,114193.24,71154.1,0,1,0,0.2861,3550.8,1015.88,1.6048,0.2571,2.35,114193.24
15603134,3,27,1,2,40,656,10,167878.5,151887.16,1,0,0,0.4048,5111.35,2069.07,1.1053,0.25,3.5,167878.5
15636444,2,31,4,2,53,535,5,141616.55,75888.65,1,1,0,0.5476,4448.5,2436.0,1.8661,0.0943,3.75,70808.27
15773456,2,8,3,3,36,678,3,145747.67,89566.74,1,0,0,0.1601,4522.43,724.04,1.6272,0.0833,2.45,72873.84
15745307,3,31,1,1,48,477,2,129120.64,26475.79,1,0,0,0.6653,3948.62,2627.02,4.8767,0.0417,2.3,129120.64
15604119,3,10,1,3,35,850,7,110349.82,126355.8,0,0,0,0.2699,3385.49,913.74,0.8733,0.2,1.05,110349.82
15626900,1,1,2,3,29,427,1,141325.56,93839.3,1,1,0,0.1279,4364.77,558.25,1.506,0.0345,3.15,141325.56
15605447,1,14,2,1,49,752,2,78653.84,7698.6,0,1,0,0.709,2484.62,1761.6,10.2153,0.0408,1.3,78653.84
15589030,1,12,4,3,47,649,1,0.0,145593.85,1,1,0,0.1318,200.0,26.36,0.0,0.0213,3.15,0.0
15692463,3,24,2,3,28,799,3,142253.65,45042.56,0,1,0,0.2315,4392.61,1016.89,3.1581,0.1071,1.45,142253.65
15712403,1,37,2,1,61,589,1,0.0,61108.56,0,1,1,0.967,125.0,120.88,0.0,0.0164,1.15,0.0
15811762,2,32,2,1,54,583,6,115988.86,57553.98,0,1,1,0.9641,3604.67,3475.26,2.0153,0.1111,1.9,115988.86
15718673,3,30,2,3,33,839,10,75592.43,62674.42,0,1,0,0.1904,2392.77,455.58,1.2061,0.303,2.5,75592.43
15724282,2,6,4,3,44,540,3,164113.04,12120.79,1,1,0,0.3253,5123.39,1666.64,13.5387,0.0682,3.45,82056.52
15738181,1,10,3,3,31,850,6,67996.23,50129.87,0,0,1,0.2012,2189.89,440.61,1.3564,0.1935,0.9,33998.12
15633648,3,33,4,2,51,696,5,0.0,55022.43,0,1,0,0.5043,200.0,100.86,0.0,0.098,1.75,0.0
15603323,3,27,3,3,33,660,1,0.0,117834.91,0,0,0,0.0978,150.0,14.67,0.0,0.0303,0.15,0.0
15583725,1,13,1,2,48,682,1,138778.15,168840.23,1,0,0,0.4913,4238.34,2082.3,0.8219,0.0208,2.15,138778.15
15588350,1,29,1,2,43,744,10,147832.15,24234.11,1,0,0,0.4992,4509.96,2251.37,6.0999,0.2326,3.5,147832.15
15798398,1,29,1,3,36,785,4,135438.4,190627.01,0,0,0,0.3492,4138.15,1445.04,0.7105,0.1111,0.6,135438.4
15784844,3,14,2,1,48,752,5,116060.08,156618.38,0,1,1,0.7487,3606.8,2700.41,0.741,0.1042,1.75,116060.08
15580684,1,23,2,3,29,706,5,112564.62,42334.38,0,1,0,0.335,3501.94,1173.15,2.6589,0.1724,1.75,112564.62
15809663,1,22,2,3,27,583,1,125406.58,110784.42,1,1,0,0.0846,3887.2,328.86,1.132,0.037,3.15,125406.58
15640078,2,27,2,1,39,660,5,135134.99,173683.0,0,1,1,0.7884,4179.05,3294.76,0.7781,0.1282,1.75,135134.99
15698786,1,30,2,2,39,819,9,133102.92,27046.46,0,1,1,0.5372,4118.09,2212.24,4.9211,0.2308,2.35,133102.92
15569807,1,28,2,2,34,673,8,42157.08,20598.59,0,1,1,0.4194,1389.71,582.84,2.0465,0.2353,2.2,42157.08
15730830,1,29,4,3,30,752,3,0.0,104991.28,1,1,0,0.0603,200.0,12.06,0.0,0.1,3.45,0.0
15805112,1,6,2,2,38,578,7,82259.29,8996.97,0,1,0,0.3999,2592.78,1036.85,9.142,0.1842,2.05,82259.29
15633064,1,26,4,3,36,438,4,0.0,64420.5,0,1,0,0.1572,200.0,31.44,0.0,0.1111,1.6,0.0
15703119,1,7,4,3,38,652,6,0.0,145700.22,1,1,0,0.0351,200.0,7.02,0.0,0.1579,3.9,0.0
15730447,1,32,4,3,49,629,4,0.0,196335.48,1,1,0,0.2339,200.0,46.78,0.0,0.0816,3.6,0.0
15813850,1,13,2,1,52,720,7,0.0,14781.12,1,1,0,0.6584,125.0,82.3,0.0,0.1346,4.05,0.0
15711889,1,7,2,2,42,668,3,150461.07,108139.23,0,1,0,0.5162,4638.83,2394.56,1.3914,0.0714,1.45,150461.07
15664610,2,11,2,1,48,459,4,133994.52,19287.06,1,1,1,0.8155,4144.84,3380.12,6.947,0.0833,3.6,133994.52
15751710,3,8,4,3,31,729,8,164870.81,9567.39,1,1,0,0.1679,5146.12,864.03,17.2308,0.2581,4.2,82435.4
15692926,2,1,2,3,25,498,8,121702.73,132210.49,1,1,0,0.2654,3776.08,1002.17,0.9205,0.32,4.2,121702.73
15813741,3,1,1,3,25,549,6,193858.2,21600.11,1,0,0,0.315,5890.75,1855.59,8.9745,0.24,2.9,193858.2
15698474,2,32,4,2,54,601,1,131039.97,199661.5,1,1,0,0.5341,4131.2,2206.47,0.6563,0.0185,3.15,65519.98
15568595,1,16,2,3,64,544,9,113829.45,124341.49,1,1,0,0.2572,3539.88,910.46,0.9155,0.1406,4.35,113829.45
15603065,1,29,4,3,30,751,6,0.0,15766.1,0,1,0,0.1017,200.0,20.34,0.0,0.2,1.9,0.0
15592937,2,27,2,2,41,632,3,81877.38,33642.21,1,1,0,0.5089,2581.32,1313.63,2.4337,0.0732,3.45,81877.38
15699637,3,13,2,2,57,694,8,116326.07,117704.65,1,1,0,0.4253,3614.78,1537.37,0.9883,0.1404,4.2,116326.07
15667215,1,8,4,3,31,678,2,0.0,58803.28,1,1,0,0.0429,200.0,8.58,0.0,0.0645,3.3,0.0
15788659,1,13,4,3,46,695,4,0.0,137537.22,1,1,0,0.0893,200.0,17.86,0.0,0.087,3.6,0.0
15763218,1,27,3,3,41,661,1,0.0,131300.68,1,0,0,0.1543,150.0,23.14,0.0,0.0244,2.15,0.0
15645772,1,7,4,3,33,661,9,0.0,84174.81,1,1,0,0.0159,200.0,3.18,0.0,0.2727,4.35,0.0
15725511,1,26,1,3,31,559,3,127070.73,160941.78,1,0,0,0.2458,3887.12,955.45,0.7895,0.0968,2.45,127070.73
15575024,1,1,4,3,29,503,3,0.0,143954.99,1,1,0,0.0292,200.0,5.84,0.0,0.1034,3.45,0.0
15640825,3,13,2,2,46,695,3,122549.64,56297.85,1,1,0,0.493,3801.49,1874.13,2.1768,0.0652,3.45,122549.64
15662397,1,27,2,2,42,640,5,176099.13,8404.73,1,1,0,0.3731,5407.97,2017.71,20.9499,0.119,3.75,176099.13
15576368,2,32,3,1,48,624,3,122388.38,30020.09,0,0,0,0.7999,3821.65,3056.94,4.0767,0.0625,0.45,61194.19
15674991,1,7,3,3,42,667,9,0.0,58137.42,1,0,0,0.0574,150.0,8.61,0.0,0.2143,3.35,0.0
15721024,1,2,1,3,26,642,0,0.0,47472.68,0,0,0,0.214,75.0,16.05,0.0,0.0,0.0,0.0
15745621,3,27,4,3,32,640,6,118879.35,19131.71,1,1,0,0.2514,3766.38,946.87,6.2134,0.1875,3.9,59439.68
15642394,3,6,4,3,35,529,5,0.0,187288.5,1,1,0,0.0679,200.0,13.58,0.0,0.1429,3.75,0.0
15754605,1,26,4,3,39,563,5,0.0,17603.81,1,1,0,0.125,200.0,25.0,0.0,0.1282,3.75,0.0
15607040,3,27,4,2,38,593,4,88736.44,67020.03,0,1,0,0.3853,2862.09,1102.76,1.324,0.1053,1.6,44368.22
15715142,2,13,1,1,45,739,7,102703.62,147802.94,1,0,1,0.7994,3156.11,2522.99,0.6949,0.1556,3.05,102703.62
15810978,3,39,4,3,70,788,1,0.0,41610.62,1,1,0,0.1492,200.0,29.84,0.0,0.0143,3.15,0.0
15668886,3,28,4,3,38,684,3,0.0,44255.65,0,1,0,0.2047,200.0,40.94,0.0,0.0789,1.45,0.0
15780804,1,11,1,2,55,482,5,97318.25,78416.14,1,0,0,0.6001,2994.55,1797.03,1.241,0.0909,2.75,97318.25
15613880,3,12,1,2,58,591,5,128468.69,137254.55,1,0,0,0.5811,3929.06,2283.18,0.936,0.0862,2.75,128468.69
15775238,2,27,1,1,41,651,4,133432.59,151303.48,1,0,0,0.7268,4077.98,2963.88,0.8819,0.0976,2.6,133432.59
15786905,2,29,3,3,40,749,8,141782.57,86333.63,0,0,0,0.3298,4403.48,1452.27,1.6422,0.2,1.2,70891.28
15747867,1,2,1,3,24,583,9,135125.28,89801.9,0,0,0,0.2615,4128.76,1079.67,1.5047,0.375,1.35,135125.28
15600337,3,7,1,2,42,661,2,178820.91,29358.57,0,0,1,0.6191,5439.63,3367.67,6.0907,0.0476,0.3,178820.91
15801277,1,28,4,3,31,715,2,112212.14,181600.72,1,1,0,0.1646,3566.36,587.02,0.6179,0.0645,3.3,56106.07
15579334,2,34,2,1,45,769,5,126674.81,124118.71,0,1,1,0.9146,3925.24,3590.02,1.0206,0.1111,1.75,126674.81
15802741,1,32,2,1,51,625,7,136294.97,38867.46,0,1,1,0.8624,4213.85,3634.02,3.5066,0.1373,2.05,136294.97
15720649,1,27,2,2,36,641,5,66392.64,31106.67,0,1,0,0.5201,2116.78,1100.94,2.1343,0.1389,1.75,66392.64
15589493,2,3,4,3,27,716,1,122552.34,67611.36,0,1,0,0.2068,3876.57,801.67,1.8126,0.037,1.15,61276.17
15688251,1,9,4,2,43,767,1,76408.85,77837.63,0,1,0,0.4479,2492.27,1116.29,0.9816,0.0233,1.15,38204.43
15665238,2,9,1,2,36,745,8,145071.24,6078.46,0,0,0,0.5437,4427.14,2407.04,23.8625,0.2222,1.2,145071.24
15740900,1,7,4,3,34,589,6,0.0,177896.92,1,1,0,0.0923,200.0,18.46,0.0,0.1765,3.9,0.0
15681068,1,34,2,2,45,796,2,109730.22,123882.73,1,1,0,0.4409,3416.91,1506.52,0.8858,0.0444,3.3,109730.22
15748625,1,12,4,3,57,664,6,0.0,15304.08,1,1,0,0.1473,200.0,29.46,0.0,0.1053,3.9,0.0
15727299,3,16,2,2,62,445,1,64119.38,76569.64,1,1,1,0.5514,2048.58,1129.59,0.8374,0.0161,3.15,64119.38
15620204,2,31,4,1,57,543,1,106138.33,120657.32,1,1,1,0.7856,3384.15,2658.59,0.8797,0.0175,3.15,53069.16
15669516,3,9,4,3,36,746,2,0.0,16436.56,1,1,0,0.0396,200.0,7.92,0.0,0.0556,3.3,0.0
15736534,2,9,2,3,33,742,0,181656.51,107667.91,1,1,0,0.2006,5574.7,1118.28,1.6872,0.0,3.0,181656.51
15803457,1,29,4,3,32,750,5,0.0,95611.47,0,1,0,0.1034,200.0,20.68,0.0,0.1562,1.75,0.0
15659098,1,7,1,3,30,669,7,95128.86,19799.26,0,0,0,0.2012,2928.87,589.29,4.8044,0.2333,1.05,95128.86
15603436,3,32,3,2,49,594,2,126615.94,123214.74,1,0,0,0.559,3948.48,2207.2,1.0276,0.0408,2.3,63307.97
15566292,3,6,3,3,36,574,1,0.0,71709.12,1,0,0,0.0595,150.0,8.92,0.0,0.0278,2.15,0.0
15808621,2,7,4,3,36,659,2,76190.48,149066.14,1,1,0,0.0357,2485.71,88.74,0.5111,0.0556,3.3,38095.24
15580148,2,9,6,1,40,750,5,168286.81,20451.99,0,1,1,0.9828,5323.6,5232.03,8.228,0.125,1.75,56095.6
15776231,2,7,2,2,35,626,4,88109.81,32825.5,1,1,0,0.4019,2768.29,1112.58,2.6841,0.1143,3.6,88109.81
15773809,1,7,4,3,42,620,4,0.0,6232.31,0,1,0,0.0692,200.0,13.84,0.0,0.0952,1.6,0.0
15649423,1,27,3,3,35,580,8,0.0,10357.03,1,0,0,0.1108,150.0,16.62,0.0,0.2286,3.2,0.0
15734886,1,28,4,3,34,686,3,123971.51,147794.63,0,1,0,0.2109,3919.15,826.55,0.8388,0.0882,1.45,61985.76
15722548,1,11,1,1,48,540,0,148116.48,116973.48,0,0,0,0.8319,4518.49,3758.93,1.2662,0.0,0.0,148116.48
15650288,2,7,2,2,35,634,6,116269.01,129964.94,0,1,0,0.6176,3613.07,2231.43,0.8946,0.1714,1.9,116269.01
15629448,3,7,2,3,38,632,1,120599.21,92816.86,0,1,0,0.318,3742.98,1190.27,1.2993,0.0263,1.15,120599.21
15716164,1,26,2,1,41,501,3,144260.5,172114.67,0,1,0,0.6547,4452.81,2915.25,0.8382,0.0732,1.45,144260.5
15807609,3,22,6,1,25,650,3,86605.5,16649.31,0,1,1,0.9331,2873.16,2680.95,5.2014,0.12,1.45,28868.5
15578977,1,9,4,3,34,786,9,0.0,144517.19,0,1,0,0.0302,200.0,6.04,0.0,0.2647,2.35,0.0
15677369,2,26,1,2,37,554,4,58629.97,182038.6,0,0,0,0.5495,1833.9,1007.73,0.3221,0.1081,0.6,58629.97
15804072,3,28,3,3,42,701,5,0.0,24210.56,0,0,0,0.2145,150.0,32.17,0.0,0.119,0.75,0.0
15696859,1,11,3,3,45,474,10,0.0,172175.9,0,0,0,0.3292,150.0,49.38,0.0,0.2222,1.5,0.0
15653780,1,27,2,2,43,621,5,0.0,47578.45,1,1,0,0.5878,125.0,73.47,0.0,0.1163,3.75,0.0
15721658,3,33,4,2,56,672,2,209767.31,150694.42,1,1,1,0.6461,6493.02,4195.14,1.392,0.0357,3.3,104883.66
15578761,3,26,4,3,42,459,6,129634.25,177683.02,1,1,1,0.3383,4089.03,1383.32,0.7296,0.1429,3.9,64817.12
15736879,1,2,3,3,23,669,1,0.0,66088.83,0,0,0,0.0346,150.0,5.19,0.0,0.0435,0.15,0.0
15571973,1,29,2,2,38,776,2,169824.46,169291.7,0,1,0,0.5916,5219.73,3087.99,1.0031,0.0526,1.3,169824.46
15626742,1,8,2,3,36,694,3,97530.25,117140.41,1,1,0,0.1628,3050.91,496.69,0.8326,0.0833,3.45,97530.25
15672692,1,29,4,3,42,787,10,145988.65,79510.37,1,1,0,0.3391,4579.66,1552.96,1.8361,0.2381,4.5,72994.32
15673570,1,7,3,3,37,580,9,0.0,77108.66,1,0,0,0.0402,150.0,6.03,0.0,0.2432,3.35,0.0
15767432,1,23,6,3,25,711,7,0.0,9679.28,1,1,0,0.22,275.0,60.5,0.0,0.28,4.05,0.0
15654238,1,28,2,2,40,673,5,137494.28,81753.92,0,1,0,0.5246,4249.83,2229.46,1.6818,0.125,1.75,137494.28
15612525,1,31,1,1,57,499,1,0.0,131372.38,0,0,1,0.9773,75.0,73.3,0.0,0.0175,0.15,0.0
15812750,1,2,2,3,24,591,6,147360.0,25310.82,1,1,0,0.1191,4545.8,541.4,5.8218,0.25,3.9,147360.0
15790757,1,24,3,3,25,769,10,0.0,187925.75,0,0,0,0.1075,150.0,16.12,0.0,0.4,1.5,0.0
15723873,3,7,1,3,31,657,3,125167.02,98820.39,0,0,0,0.2431,3830.01,931.08,1.2666,0.0968,0.45,125167.02
15744607,2,8,4,2,43,738,9,121152.05,64166.7,0,1,1,0.576,3834.56,2208.71,1.8881,0.2093,2.35,60576.02
15612966,2,36,1,1,60,545,7,128981.07,176924.21,1,0,1,0.8626,3944.43,3402.47,0.729,0.1167,3.05,128981.07
15784209,1,11,2,2,47,497,6,0.0,90055.08,1,1,0,0.6342,125.0,79.27,0.0,0.1277,3.9,0.0
15794278,3,20,2,3,67,816,6,151858.98,72814.31,1,1,0,0.192,4680.77,898.71,2.0855,0.0896,3.9,151858.98
15766741,1,6,1,3,36,525,2,114628.4,168290.06,1,0,0,0.1735,3513.85,609.65,0.6811,0.0556,2.3,114628.4
15661036,1,13,4,3,46,725,6,0.0,161767.38,0,1,0,0.1547,200.0,30.94,0.0,0.1304,1.9,0.0
15705639,1,23,4,3,28,692,8,95059.02,44420.18,0,1,0,0.091,3051.77,277.71,2.1399,0.2857,2.2,47529.51
15637414,1,22,1,3,24,618,7,128736.39,37147.61,1,0,0,0.1451,3937.09,571.27,3.4654,0.2917,3.05,128736.39
15716835,1,1,2,3,24,546,8,156325.38,125381.02,1,1,0,0.1058,4814.76,509.4,1.2468,0.3333,4.2,156325.38
15696231,1,2,2,3,29,635,7,105405.97,149853.89,1,1,0,0.0636,3287.18,209.06,0.7034,0.2414,4.05,105405.97
15641675,1,32,5,1,49,611,2,88915.37,161435.02,0,0,1,0.9832,2892.46,2843.87,0.5508,0.0408,0.3,29638.46
15670755,1,17,4,3,60,650,8,0.0,102925.76,1,1,0,0.1217,200.0,24.34,0.0,0.1333,4.2,0.0
15640059,1,7,4,3,40,606,5,0.0,70899.27,1,1,0,0.0489,200.0,9.78,0.0,0.125,3.75,0.0
15787619,1,5,1,3,18,844,2,160980.03,145936.28,0,0,0,0.1709,4904.4,838.16,1.1031,0.1111,0.3,160980.03
15587535,3,31,2,1,46,450,5,177619.71,54227.06,0,1,0,0.7507,5453.59,4094.01,3.2754,0.1087,1.75,177619.71
15813034,3,8,2,3,38,727,2,62276.99,59280.79,1,1,0,0.306,1993.31,609.95,1.0505,0.0526,3.3,62276.99
15698839,2,11,4,2,46,460,4,127559.97,126952.5,1,1,0,0.4437,4026.8,1786.69,1.0048,0.087,3.6,63779.98
15790314,1,7,3,3,41,649,0,0.0,130567.02,1,0,0,0.0674,150.0,10.11,0.0,0.0,2.0,0.0
15634245,2,34,2,1,47,758,9,95523.16,73294.48,0,1,0,0.9308,2990.69,2783.73,1.3033,0.1915,2.35,95523.16
15677305,1,26,2,3,35,490,7,107749.03,3937.37,1,1,0,0.2452,3357.47,823.25,27.3588,0.2,4.05,107749.03
15661526,2,10,4,3,37,815,2,110777.26,2383.59,0,1,0,0.1346,3523.32,474.24,46.4555,0.0541,1.3,55388.63
15685997,3,30,4,3,39,838,5,166733.92,14279.44,0,1,0,0.1784,5202.02,928.04,11.6757,0.1282,1.75,83366.96
15660101,1,10,4,3,31,803,9,157120.86,141300.53,0,1,0,0.0525,4913.63,257.97,1.112,0.2903,2.35,78560.43
15637979,2,27,4,3,36,664,2,127160.78,78140.75,0,1,0,0.3103,4014.82,1245.8,1.6273,0.0556,1.3,63580.39
15815364,3,23,4,3,28,736,2,0.0,117431.1,1,1,0,0.0711,200.0,14.22,0.0,0.0714,3.3,0.0
15647099,1,27,2,3,37,633,9,156091.97,72008.61,0,1,0,0.3384,4807.76,1626.95,2.1677,0.2432,2.35,156091.97
15625944,1,12,2,2,58,664,5,98668.18,60887.58,1,1,0,0.4754,3085.05,1466.63,1.6205,0.0862,3.75,98668.18
15583212,1,27,2,1,43,600,5,134022.06,194764.83,0,1,0,0.6647,4145.66,2755.62,0.6881,0.1163,1.75,134022.06
15582741,1,28,2,2,35,693,5,124151.09,88705.14,0,1,1,0.3653,3849.53,1406.23,1.3996,0.1429,1.75,124151.09
15637876,2,27,1,2,36,663,6,77253.5,35817.97,0,0,1,0.4859,2392.6,1162.56,2.1568,0.1667,0.9,77253.5
15622750,2,24,2,2,21,742,1,114292.48,31520.4,0,1,0,0.4855,3553.77,1725.36,3.6259,0.0476,1.15,114292.48
15672056,2,8,6,1,43,710,2,140080.32,157908.19,1,1,1,0.9789,4477.41,4382.94,0.8871,0.0465,3.3,46693.44
15812351,3,23,2,2,27,710,2,135277.96,142200.15,0,1,0,0.388,4183.34,1623.14,0.9513,0.0741,1.3,135277.96
15810864,1,38,3,3,82,700,2,0.0,182055.36,1,0,0,0.0237,150.0,3.56,0.0,0.0244,2.3,0.0
15677921,2,18,3,1,60,720,9,115920.62,157552.08,0,0,1,0.9354,3627.62,3393.28,0.7358,0.15,1.35,57960.31
15724296,3,8,3,3,41,684,2,119782.72,120284.67,0,0,0,0.3153,3743.48,1180.32,0.9958,0.0488,0.3,59891.36
15685329,1,36,1,1,63,531,1,114715.71,24506.95,1,0,1,0.6524,3516.47,2294.15,4.6808,0.0159,2.15,114715.71
15584091,2,29,3,3,36,742,2,129748.54,47271.61,0,0,1,0.3012,4042.46,1217.59,2.7447,0.0556,0.3,64874.27
15640442,1,8,1,3,31,717,4,129722.57,41176.6,0,0,0,0.2403,3966.68,953.19,3.1503,0.129,0.6,129722.57
15639314,1,7,3,3,32,589,2,0.0,9468.64,1,0,0,0.0368,150.0,5.52,0.0,0.0625,2.3,0.0
15685320,1,9,1,3,36,767,3,139180.2,123880.19,0,0,0,0.2562,4250.41,1088.96,1.1235,0.0833,0.45,139180.2
15789158,2,12,4,1,49,636,6,113599.74,158887.09,0,1,1,0.7935,3607.99,2862.94,0.715,0.1224,1.9,56799.87
15752137,1,7,2,3,33,648,7,134944.0,117036.38,1,1,0,0.1039,4173.32,433.61,1.153,0.2121,4.05,134944.0
15712551,2,32,2,1,58,622,7,116922.25,120415.61,0,1,1,0.9603,3632.67,3488.45,0.971,0.1207,2.05,116922.25
15628936,3,3,1,3,28,692,9,118945.09,16064.25,0,0,1,0.3291,3643.35,1199.03,7.4039,0.3214,1.35,118945.09
15797227,1,4,4,3,28,754,8,0.0,52615.62,1,1,0,0.0264,200.0,5.28,0.0,0.2857,4.2,0.0
15769974,3,28,1,2,35,679,8,119182.73,121210.09,0,0,0,0.393,3650.48,1434.64,0.9833,0.2286,1.2,119182.73
15737051,1,2,4,3,27,639,8,0.0,192247.35,0,1,0,0.0274,200.0,5.48,0.0,0.2963,2.2,0.0
15585595,1,24,3,3,28,774,1,71264.02,68759.57,1,0,0,0.1465,2287.92,335.18,1.0364,0.0357,2.15,35632.01
15654060,1,6,3,3,41,517,2,0.0,75937.47,1,0,0,0.0768,150.0,11.52,0.0,0.0488,2.3,0.0
15745196,1,26,3,3,35,571,8,0.0,84569.13,0,0,0,0.244,150.0,36.6,0.0,0.2286,1.2,0.0
15571221,2,14,2,1,58,747,7,116313.57,190696.35,1,1,1,0.8012,3614.41,2895.87,0.6099,0.1207,4.05,116313.57
15660155,3,9,1,3,36,792,5,92140.15,67468.67,1,0,0,0.1707,2839.2,484.65,1.3657,0.1389,2.75,92140.15
15605284,1,3,4,3,26,688,1,0.0,104435.94,1,1,0,0.0264,200.0,5.28,0.0,0.0385,3.15,0.0
15694366,2,8,1,2,42,714,2,177640.09,47166.55,1,0,0,0.3716,5404.2,2008.2,3.7662,0.0476,2.3,177640.09
15600739,3,26,4,3,35,562,0,0.0,119899.52,0,1,0,0.2318,200.0,46.36,0.0,0.0,1.0,0.0
15653253,3,13,2,2,48,704,8,167997.6,173498.45,1,1,0,0.3798,5164.93,1961.64,0.9683,0.1667,4.2,167997.6
15763431,1,8,4,3,36,698,2,82275.35,93249.26,1,1,0,0.1359,2668.26,362.62,0.8823,0.0556,3.3,41137.68
15643696,1,12,4,3,49,611,3,0.0,142917.54,1,1,0,0.1401,200.0,28.02,0.0,0.0612,3.45,0.0
15707473,2,35,2,1,48,850,6,111962.99,111755.8,0,1,0,0.9085,3483.89,3165.11,1.0018,0.125,1.9,111962.99
15769504,2,29,2,3,34,743,1,131736.88,108543.21,1,1,0,0.3223,4077.11,1314.05,1.2137,0.0294,3.15,131736.88
15776807,1,2,2,3,29,654,1,0.0,180345.44,0,1,0,0.3386,125.0,42.32,0.0,0.0345,1.15,0.0
15686870,2,9,3,2,36,761,8,108239.11,99444.02,0,0,0,0.3521,3397.17,1196.14,1.0884,0.2222,1.2,54119.56
15668747,1,33,1,2,46,702,9,98444.19,109563.28,1,0,0,0.5222,3028.33,1581.39,0.8985,0.1957,3.35,98444.19
15766908,2,6,2,2,32,488,3,114540.38,92568.07,0,1,0,0.4864,3561.21,1732.17,1.2374,0.0938,1.45,114540.38
15570134,1,28,4,3,35,683,6,187530.66,37976.36,1,1,0,0.2363,5825.92,1376.66,4.938,0.1714,3.9,93765.33
15567367,2,27,1,1,42,601,9,133636.16,103315.74,1,0,0,0.6732,4084.08,2749.4,1.2935,0.2143,3.35,133636.16
15747542,1,12,4,3,52,605,7,0.0,173952.5,1,1,0,0.1066,200.0,21.32,0.0,0.1346,4.05,0.0
15762238,2,28,3,1,44,671,0,84745.03,34673.98,1,0,0,0.6902,2692.35,1858.26,2.444,0.0,2.0,42372.52
15681554,2,27,4,3,31,614,7,120599.38,46163.44,1,1,0,0.1632,3817.98,623.09,2.6124,0.2258,4.05,60299.69
15712825,3,21,3,3,29,511,9,0.0,140676.98,1,0,0,0.1054,150.0,15.81,0.0,0.3103,3.35,0.0
15640280,1,10,3,3,39,850,4,127771.35,151738.54,1,0,0,0.1194,3983.14,475.59,0.842,0.1026,2.6,63885.68
15756026,3,34,1,1,46,790,9,0.0,14679.81,0,0,1,0.9096,75.0,68.22,0.0,0.1957,1.35,0.0
15613319,1,29,1,2,33,793,0,0.0,175544.02,0,0,0,0.3974,75.0,29.8,0.0,0.0,0.0,0.0
15798906,1,17,4,3,69,628,5,0.0,181964.6,1,1,0,0.0853,200.0,17.06,0.0,0.0725,3.75,0.0
15708917,2,12,2,1,53,598,10,167772.96,136886.86,1,1,0,0.6723,5158.19,3467.85,1.2256,0.1887,4.5,167772.96
15778463,1,27,2,2,37,657,6,95845.6,122218.23,0,1,0,0.3765,3000.37,1129.64,0.7842,0.1622,1.9,95845.6
15699430,1,27,4,3,35,618,10,0.0,180439.75,0,1,0,0.0918,200.0,18.36,0.0,0.2857,2.5,0.0
15649992,3,18,3,3,65,681,7,134714.7,190419.81,1,0,0,0.2266,4191.44,949.78,0.7075,0.1077,3.05,67357.35
15578980,3,26,4,3,33,516,3,0.0,58685.59,1,1,0,0.0717,200.0,14.34,0.0,0.0909,3.45,0.0
15775306,2,1,6,1,28,421,8,122384.22,89017.38,1,1,1,0.9605,3946.53,3790.64,1.3748,0.2857,4.2,40794.74
15641655,1,23,3,3,26,700,2,0.0,50051.42,0,0,0,0.103,150.0,15.45,0.0,0.0769,0.3,0.0
15619708,1,4,4,3,25,745,5,157993.15,146041.45,0,1,0,0.1241,4939.79,613.03,1.0818,0.2,1.75,78996.58
15734565,1,3,4,3,29,696,8,0.0,191166.09,0,1,0,0.0214,200.0,4.28,0.0,0.2759,2.2,0.0
15806438,2,27,1,1,42,580,2,123331.36,103516.08,0,0,1,0.7736,3774.94,2920.29,1.1914,0.0476,0.3,123331.36
15591969,3,1,2,3,27,497,9,75263.16,164825.04,1,1,0,0.103,2382.89,245.44,0.4566,0.3333,4.35,75263.16
15747807,1,28,4,2,43,720,6,137824.03,172557.77,0,1,0,0.5282,4334.72,2289.6,0.7987,0.1395,1.9,68912.02
15596939,2,7,4,3,36,659,4,132578.92,84320.94,0,1,0,0.1958,4177.37,817.93,1.5723,0.1111,1.6,66289.46
15716155,1,30,1,3,36,841,5,156021.31,122662.98,0,0,0,0.2355,4755.64,1119.95,1.2719,0.1389,0.75,156021.31
15765311,3,7,2,2,34,642,8,0.0,72085.1,0,1,0,0.4484,125.0,56.05,0.0,0.2353,2.2,0.0
15757811,3,38,1,2,69,732,9,137453.43,110932.24,1,0,1,0.4142,4198.6,1739.06,1.2391,0.1304,3.35,137453.43
15603830,3,7,4,3,36,600,4,0.0,143635.36,0,1,0,0.0416,200.0,8.32,0.0,0.1111,1.6,0.0
15660602,2,6,4,3,33,464,8,164284.72,3710.34,1,1,0,0.0801,5128.54,410.8,44.2656,0.2424,4.2,82142.36
15660535,1,33,4,3,47,680,5,0.0,179843.33,1,1,0,0.1738,200.0,34.76,0.0,0.1064,3.75,0.0
15666633,3,14,4,3,56,758,1,0.0,10643.38,1,1,0,0.2532,200.0,50.64,0.0,0.0179,3.15,0.0
15596914,2,27,4,3,31,630,2,112373.49,131167.98,1,1,0,0.1599,3571.2,571.03,0.8567,0.0645,3.3,56186.74
15639788,1,26,4,3,39,577,10,0.0,10553.31,0,1,0,0.2095,200.0,41.9,0.0,0.2564,2.5,0.0
15695846,1,28,4,3,34,684,6,0.0,130928.22,1,1,0,0.0854,200.0,17.08,0.0,0.1765,3.9,0.0
15726234,3,28,1,2,41,708,5,0.0,157003.99,1,0,0,0.6045,75.0,45.34,0.0,0.122,2.75,0.0
15797964,2,23,2,3,29,732,1,154333.82,138527.56,1,1,0,0.2771,4755.01,1317.61,1.1141,0.0345,3.15,154333.82
15625881,2,7,4,3,37,634,3,111432.77,167032.49,1,1,0,0.2385,3542.98,845.0,0.6671,0.0811,3.45,55716.38
15780628,1,27,3,3,30,633,6,0.0,41642.29,0,0,0,0.1197,150.0,17.96,0.0,0.2,0.9,0.0
15575883,1,6,4,3,34,559,2,137390.11,9677.0,0,1,0,0.1726,4321.7,745.93,14.1961,0.0588,1.3,68695.05
15585036,3,28,4,3,37,694,3,0.0,147012.22,1,1,0,0.0913,200.0,18.26,0.0,0.0811,3.45,0.0
15589488,2,33,2,1,56,686,5,111642.08,80553.87,1,1,0,0.8239,3474.26,2862.44,1.3859,0.0893,3.75,111642.08
15585888,3,31,1,1,48,553,3,0.0,30730.95,1,0,1,0.8907,75.0,66.8,0.0,0.0625,2.45,0.0
15727915,1,6,1,3,36,507,4,83543.37,140134.43,0,0,0,0.2708,2581.3,699.02,0.5962,0.1111,0.6,83543.37
15707567,2,13,1,1,50,732,6,145338.76,91936.1,0,0,1,0.9389,4435.16,4164.17,1.5808,0.12,0.9,145338.76
15737792,1,30,1,2,31,818,1,186796.37,178252.63,0,0,0,0.564,5678.89,3202.89,1.0479,0.0323,0.15,186796.37
15599433,2,7,1,3,35,660,8,58641.43,198674.08,1,0,0,0.2148,1834.24,393.99,0.2952,0.2286,3.2,58641.43
15672012,3,29,2,1,41,773,5,0.0,28266.9,0,1,1,0.745,125.0,93.12,0.0,0.122,1.75,0.0
15806983,1,7,2,2,44,640,3,137148.68,92381.01,0,1,0,0.587,4239.46,2488.56,1.4846,0.0682,1.45,137148.68
15592222,1,11,1,1,49,505,7,80001.23,135180.11,0,0,0,0.7619,2475.04,1885.73,0.5918,0.1429,1.05,80001.23
15608968,2,3,3,3,21,714,6,86402.52,27330.59,0,0,0,0.0922,2742.08,252.82,3.1613,0.2857,0.9,43201.26
15586959,1,26,4,3,42,468,5,0.0,125305.34,0,1,0,0.1729,200.0,34.58,0.0,0.119,1.75,0.0
15646558,3,12,2,2,51,611,1,122874.74,149648.45,1,1,0,0.5458,3811.24,2080.17,0.8211,0.0196,3.15,122874.74
15725811,1,3,1,3,25,705,0,97544.29,59887.15,1,0,0,0.1019,3001.33,305.84,1.6288,0.0,2.0,97544.29
15572265,2,12,4,2,46,646,1,170826.55,45041.32,0,1,0,0.6147,5324.8,3273.15,3.7926,0.0217,1.15,85413.28
15794048,2,32,3,1,48,667,1,97133.92,113316.77,0,0,1,0.864,3064.02,2647.31,0.8572,0.0208,0.15,48566.96
15677610,2,26,2,2,41,511,8,153895.65,39087.42,1,1,0,0.4633,4741.87,2196.91,3.9371,0.1951,4.2,153895.65
15745012,1,27,4,3,43,653,6,0.0,7330.59,1,1,0,0.1981,200.0,39.62,0.0,0.1395,3.9,0.0
15601589,1,33,3,3,57,675,8,0.0,95463.29,1,0,0,0.2719,150.0,40.78,0.0,0.1404,3.2,0.0
15686436,3,6,4,3,32,523,4,0.0,167848.02,0,1,0,0.0601,200.0,12.02,0.0,0.125,1.6,0.0
15693864,2,31,2,1,49,567,5,134956.02,93953.84,0,1,1,0.9349,4173.68,3901.97,1.4364,0.102,1.75,134956.02
15760550,3,9,3,3,39,741,7,143637.58,174227.66,1,0,0,0.1949,4459.13,869.08,0.8244,0.1795,3.05,71818.79
15686137,3,6,2,3,32,456,9,147506.25,135399.21,1,1,0,0.0716,4550.19,325.79,1.0894,0.2812,4.35,147506.25
15809087,1,17,4,1,64,598,1,0.0,195635.3,0,1,1,0.6999,200.0,139.98,0.0,0.0156,1.15,0.0
15807663,1,7,2,1,43,667,8,190227.46,97508.04,0,1,1,0.8129,5831.82,4740.69,1.9509,0.186,2.2,190227.46
15809100,1,26,2,2,32,548,2,172448.77,188083.77,0,1,1,0.4967,5298.46,2631.75,0.9169,0.0625,1.3,172448.77
15794916,1,8,2,3,41,725,7,113980.21,116704.25,1,1,0,0.2175,3544.41,770.91,0.9767,0.1707,4.05,113980.21
15614215,1,13,3,3,53,717,6,0.0,97614.87,1,0,0,0.1743,150.0,26.15,0.0,0.1132,2.9,0.0
15805449,1,7,3,3,38,594,4,0.0,186884.04,0,0,0,0.0749,150.0,11.24,0.0,0.1053,0.6,0.0
15686983,2,23,3,3,25,678,10,76968.12,131501.72,1,0,0,0.1022,2459.04,251.31,0.5853,0.4,3.5,38484.06
15808017,1,6,4,3,38,545,1,88293.13,24302.95,1,1,0,0.2003,2848.79,570.61,3.6329,0.0263,3.15,44146.56
15756804,1,32,2,1,48,636,1,170833.46,110510.28,0,1,1,0.8511,5250.0,4468.27,1.5458,0.0208,1.15,170833.46
15646810,2,7,4,2,44,603,6,108122.39,108488.33,0,1,1,0.4973,3443.67,1712.54,0.9966,0.1364,1.9,54061.2
15710424,1,6,2,2,36,435,4,0.0,197015.2,1,1,0,0.6099,125.0,76.24,0.0,0.1111,3.6,0.0
15799422,1,26,2,2,40,535,8,0.0,27689.77,1,1,0,0.5376,125.0,67.2,0.0,0.2,4.2,0.0
15692750,2,32,6,1,45,629,7,129818.39,9217.55,0,1,1,0.9873,4169.55,4116.6,14.0823,0.1556,2.05,43272.8
15794549,1,28,4,3,35,722,2,163943.89,15068.18,1,1,0,0.2224,5118.32,1138.31,10.8794,0.0571,3.3,81971.95
15803764,1,1,4,3,28,561,7,0.0,7797.01,0,1,0,0.0378,200.0,7.56,0.0,0.25,2.05,0.0
15674840,1,27,3,3,38,645,5,101430.3,4400.32,1,0,0,0.3038,3192.91,970.01,23.0454,0.1316,2.75,50715.15
15653762,1,26,1,2,39,501,9,117301.66,182025.95,0,0,0,0.5422,3594.05,1948.69,0.6444,0.2308,1.35,117301.66
15581229,2,26,1,3,32,502,1,173340.83,122763.95,1,0,0,0.333,5275.22,1756.65,1.412,0.0312,2.15,173340.83
15800228,3,27,4,3,42,652,4,0.0,38152.01,1,1,0,0.1077,200.0,21.54,0.0,0.0952,3.6,0.0
15656333,1,26,2,3,33,574,3,134348.57,63163.99,0,1,0,0.3099,4155.46,1287.78,2.1269,0.0909,1.45,134348.57
15697497,1,31,4,2,45,518,9,105525.65,73418.29,1,1,0,0.4321,3365.77,1454.35,1.4373,0.2,4.35,52762.82
15585362,1,39,2,1,60,749,6,0.0,17978.68,0,1,1,0.9518,125.0,118.98,0.0,0.1,1.9,0.0
15571928,1,28,6,1,43,679,4,0.0,115136.51,0,1,1,0.9439,275.0,259.57,0.0,0.093,1.6,0.0
15785519,1,6,2,3,36,565,6,106192.1,149575.59,0,1,0,0.224,3310.76,741.61,0.71,0.1667,1.9,106192.1
15743007,1,32,2,1,45,643,4,45144.43,60917.24,0,1,1,0.7577,1479.33,1120.89,0.7411,0.0889,1.6,45144.43
15777211,1,16,2,3,65,515,7,92113.61,142548.33,1,1,0,0.2404,2888.41,694.37,0.6462,0.1077,4.05,92113.61
15721935,1,1,4,3,25,521,7,0.0,157878.67,1,1,0,0.0385,200.0,7.7,0.0,0.28,4.05,0.0
15591711,3,8,2,2,38,739,0,128366.44,12796.43,0,1,0,0.4073,3975.99,1619.42,10.0306,0.0,1.0,128366.44
15625021,1,7,4,3,42,585,2,0.0,18657.77,1,1,0,0.0559,200.0,11.18,0.0,0.0476,3.3,0.0
15702968,2,18,2,3,74,733,3,106545.53,134589.58,1,1,0,0.113,3321.37,375.31,0.7916,0.0405,3.45,106545.53
15600462,1,26,1,2,43,542,8,145618.37,10350.74,1,0,0,0.4882,4443.55,2169.34,14.067,0.186,3.2,145618.37
15768104,3,9,1,2,37,788,8,141541.25,66013.27,0,0,0,0.3552,4321.24,1534.9,2.1441,0.2162,1.2,141541.25
15780140,2,6,4,3,32,435,2,57017.06,5907.11,1,1,0,0.1157,1910.51,221.05,9.6506,0.0625,3.3,28508.53
15585255,1,6,2,1,42,577,9,0.0,74077.91,0,1,0,0.7434,125.0,92.92,0.0,0.2143,2.35,0.0
15772781,1,33,6,1,51,703,3,0.0,77294.56,1,1,1,0.948,275.0,260.7,0.0,0.0588,3.45,0.0
15669987,2,28,4,2,35,728,8,125884.95,54359.02,0,1,1,0.4191,3976.55,1666.57,2.3158,0.2286,2.2,62942.48
15697000,2,8,2,3,32,728,5,61825.5,156124.93,1,1,0,0.131,1979.76,259.35,0.396,0.1562,3.75,61825.5
15733119,1,8,4,3,35,718,8,0.0,94820.85,0,1,0,0.0654,200.0,13.08,0.0,0.2286,2.2,0.0
15782390,1,27,2,1,40,621,6,0.0,155155.25,0,1,0,0.8009,125.0,100.11,0.0,0.15,1.9,0.0
15654700,1,26,2,2,40,523,2,102967.41,128702.1,0,1,1,0.5651,3214.02,1816.24,0.8,0.05,1.3,102967.41
15632210,2,2,2,3,25,657,2,171770.55,22745.5,0,1,0,0.2909,5278.12,1535.41,7.5515,0.08,1.3,171770.55
15642041,2,8,4,3,40,727,1,93051.64,71865.31,0,1,1,0.311,2991.55,930.37,1.2948,0.025,1.15,46525.82
15709737,1,7,3,3,36,643,7,161064.64,84294.82,1,0,0,0.1989,4981.94,990.91,1.9107,0.1944,3.05,80532.32
15792388,1,32,2,1,48,645,7,90612.34,149139.13,1,1,0,0.6666,2843.37,1895.39,0.6076,0.1458,4.05,90612.34
15786014,1,1,4,3,28,568,5,145105.64,185489.11,0,1,0,0.1495,4553.17,680.7,0.7823,0.1786,1.75,72552.82
15794580,1,12,1,1,58,599,4,0.0,176407.15,0,0,1,0.9652,75.0,72.39,0.0,0.069,0.6,0.0
15675964,1,33,2,1,45,672,9,0.0,92027.69,1,1,1,0.7064,125.0,88.3,0.0,0.2,4.35,0.0
15814275,1,8,2,3,33,685,6,174912.72,43932.54,1,1,0,0.2352,5372.38,1263.58,3.9813,0.1818,3.9,174912.72
15724848,1,31,2,1,46,516,1,104947.72,115789.25,0,1,1,0.85,3273.43,2782.42,0.9064,0.0217,1.15,104947.72
15754713,3,8,2,3,31,685,10,135213.71,125777.28,1,1,0,0.0984,4181.41,411.45,1.075,0.3226,4.5,135213.71
15693814,3,5,4,3,25,806,7,0.0,18461.9,0,1,0,0.0134,200.0,2.68,0.0,0.28,2.05,0.0
15599660,1,7,4,3,36,604,6,116229.85,79633.38,1,1,0,0.1414,3686.9,521.33,1.4595,0.1667,3.9,58114.92
15746490,3,32,2,2,53,648,6,111201.41,121542.29,1,1,0,0.6063,3461.04,2098.43,0.9149,0.1132,3.9,111201.41
15566091,3,26,2,2,32,545,4,0.0,94739.2,0,1,0,0.558,125.0,69.75,0.0,0.125,1.6,0.0
15655961,2,4,2,2,27,756,1,131899.0,93302.29,0,1,0,0.409,4081.97,1669.53,1.4137,0.037,1.15,131899.0
15710404,1,6,2,3,35,569,10,124525.52,193793.78,1,1,0,0.1337,3860.77,516.18,0.6426,0.2857,4.5,124525.52
15775625,1,12,2,1,47,596,6,0.0,74835.65,0,1,0,0.8834,125.0,110.42,0.0,0.1277,1.9,0.0
15792328,1,6,2,2,39,475,6,0.0,56999.9,1,1,1,0.4396,125.0,54.95,0.0,0.1538,3.9,0.0
15719856,1,32,2,2,45,646,3,47134.75,57236.44,1,1,0,0.6243,1539.04,960.82,0.8235,0.0667,3.45,47134.75
15593773,3,9,3,3,35,784,3,0.0,81483.64,0,0,0,0.0512,150.0,7.68,0.0,0.0857,0.45,0.0
15733114,3,11,4,3,45,552,9,0.0,26752.56,0,1,0,0.2387,200.0,47.74,0.0,0.2,2.35,0.0
15797748,1,8,3,3,44,729,5,0.0,9200.54,1,0,0,0.1223,150.0,18.35,0.0,0.1136,2.75,0.0
15743411,3,17,2,1,61,609,1,0.0,22447.85,0,1,1,0.9594,125.0,119.92,0.0,0.0164,1.15,0.0
15753337,1,11,6,1,51,555,5,0.0,189122.89,0,1,1,0.9798,275.0,269.44,0.0,0.098,1.75,0.0
15601026,2,21,2,3,19,572,1,138657.08,16161.82,1,1,0,0.2495,4284.71,1069.04,8.5788,0.0526,3.15,138657.08
15658485,1,29,2,3,34,785,9,70302.48,68600.36,1,1,0,0.3212,2234.07,717.58,1.0248,0.2647,4.35,70302.48
15636731,2,28,4,3,36,714,1,101609.01,447.73,1,1,0,0.2418,3248.27,785.43,226.4369,0.0278,3.15,50804.5
15628303,3,8,2,2,35,738,3,0.0,15650.73,1,1,0,0.3796,125.0,47.45,0.0,0.0857,3.45,0.0
15633461,2,7,2,2,38,639,5,130170.82,149599.62,1,1,0,0.6129,4030.12,2470.06,0.8701,0.1316,3.75,130170.82
15677135,2,16,4,3,61,520,8,133802.29,90304.01,1,1,0,0.2885,4214.07,1215.76,1.4817,0.1311,4.2,66901.14
15590876,1,24,1,3,24,764,7,106234.02,115676.38,0,0,0,0.2803,3262.02,914.34,0.9184,0.2917,1.05,106234.02
15790782,3,7,1,2,39,661,6,132628.98,38812.67,0,0,0,0.4004,4053.87,1623.17,3.4171,0.1538,0.9,132628.98
15700476,2,6,4,3,41,564,9,103522.75,34338.21,1,1,0,0.1797,3305.68,594.03,3.0147,0.2195,4.35,51761.38
15634141,2,28,4,2,42,708,8,192390.52,823.36,0,1,0,0.3926,5971.72,2344.5,233.3817,0.1905,2.2,96195.26
15737795,3,6,1,2,36,512,1,0.0,135482.26,1,0,1,0.4482,75.0,33.62,0.0,0.0278,2.15,0.0
15790299,3,7,6,2,37,592,9,0.0,10656.89,1,1,0,0.6379,275.0,175.42,0.0,0.2432,4.35,0.0
15675316,1,27,3,3,38,619,3,0.0,116467.35,1,0,0,0.1299,150.0,19.48,0.0,0.0789,2.45,0.0
15613630,1,14,2,2,52,775,8,109922.61,96823.32,1,1,1,0.4849,3422.68,1659.66,1.1353,0.1538,4.2,109922.61
15662100,2,30,1,1,44,850,5,128605.32,171096.2,1,0,0,0.7551,3933.16,2969.93,0.7517,0.1136,2.75,128605.32
15668032,1,26,2,2,37,577,4,0.0,79881.39,1,1,0,0.4445,125.0,55.56,0.0,0.1081,3.6,0.0
15599289,1,28,2,1,37,724,10,68598.56,157862.82,0,1,0,0.7196,2182.96,1570.86,0.4345,0.2703,2.5,68598.56
15754084,3,8,2,3,35,710,1,106518.52,127951.81,1,1,0,0.1322,3320.56,438.98,0.8325,0.0286,3.15,106518.52
15676521,1,28,3,3,31,696,8,0.0,191074.11,0,0,0,0.2062,150.0,30.93,0.0,0.2581,1.2,0.0
15804586,1,31,2,1,46,376,6,0.0,157333.69,0,1,1,0.9716,125.0,121.45,0.0,0.1304,1.9,0.0
15781465,2,23,2,2,29,675,8,121326.42,133457.52,0,1,0,0.5438,3764.79,2047.29,0.9091,0.2759,2.2,121326.42
15729362,1,9,2,2,36,745,8,67226.37,130789.6,0,1,0,0.4531,2141.79,970.45,0.514,0.2222,2.2,67226.37
15709295,3,23,4,3,25,697,5,82931.85,128373.88,1,1,0,0.15,2687.96,403.19,0.646,0.2,3.75,41465.93
15745324,3,27,2,1,39,599,4,0.0,194273.2,0,1,1,0.7532,125.0,94.15,0.0,0.1026,1.6,0.0
15741336,1,28,2,3,38,715,5,118590.41,5684.17,1,1,1,0.3411,3682.71,1256.17,20.8596,0.1316,3.75,118590.41
15783659,1,17,2,3,67,659,4,145981.87,131043.2,1,1,0,0.2423,4504.46,1091.43,1.114,0.0597,3.6,145981.87
15620981,1,33,1,1,48,684,3,73309.38,21228.34,0,0,1,0.8193,2274.28,1863.32,3.4532,0.0625,0.45,73309.38
15630328,1,32,4,2,48,635,8,130796.33,43250.3,1,1,0,0.555,4123.89,2288.76,3.0241,0.1667,4.2,65398.16
15785899,2,9,2,2,33,789,8,151607.56,4389.4,0,1,0,0.417,4673.23,1948.74,34.5316,0.2424,2.2,151607.56
15606149,2,36,1,1,66,571,9,111577.01,189271.9,1,0,0,0.6961,3422.31,2382.27,0.5895,0.1364,3.35,111577.01
15671139,3,8,2,3,39,694,0,107042.74,102284.2,1,1,0,0.2083,3336.28,694.95,1.0465,0.0,3.0,107042.74
15660429,3,27,3,2,42,665,2,156371.61,156774.94,1,0,1,0.5443,4841.15,2635.04,0.9974,0.0476,2.3,78185.8
15571002,1,28,1,1,44,706,4,129605.99,69865.49,0,0,0,0.6989,3963.18,2769.87,1.8551,0.0909,0.6,129605.99
15631681,3,30,3,3,43,807,0,0.0,85523.24,1,0,0,0.2978,150.0,44.67,0.0,0.0,2.0,0.0
15731522,3,39,4,3,67,771,8,0.0,51219.8,1,1,0,0.125,200.0,25.0,0.0,0.1194,4.2,0.0
15619529,3,1,1,3,27,531,8,132576.25,7222.92,0,0,0,0.3009,4052.29,1219.33,18.3524,0.2963,1.2,132576.25
15628034,1,27,2,3,37,629,6,129101.3,23971.33,1,1,0,0.307,3998.04,1227.4,5.3854,0.1622,3.9,129101.3
15686164,2,30,2,3,31,850,1,108822.4,132173.31,1,1,0,0.2885,3389.67,977.92,0.8233,0.0323,3.15,108822.4
15582797,3,8,2,3,35,685,4,137948.51,113639.64,0,1,0,0.2694,4263.46,1148.58,1.2139,0.1143,1.6,137948.51
15753831,3,7,2,3,32,642,7,100433.8,39768.59,1,1,0,0.0954,3138.01,299.37,2.5254,0.2188,4.05,100433.8
15731815,3,16,6,1,63,529,4,96134.11,108732.96,0,1,1,0.9936,3159.02,3138.8,0.8841,0.0635,1.6,32044.7
15580956,2,28,2,1,43,683,4,115888.04,117349.19,1,1,1,0.7159,3601.64,2578.41,0.9875,0.093,3.6,115888.04
15602084,1,27,2,3,42,663,5,124626.07,78004.5,1,1,0,0.3255,3863.78,1257.66,1.5977,0.119,3.75,124626.07
15589805,1,26,2,3,34,563,6,139810.34,152417.79,1,1,0,0.2284,4319.31,986.53,0.9173,0.1765,3.9,139810.34
15720893,3,27,3,3,34,637,9,0.0,26057.08,0,0,0,0.1147,150.0,17.2,0.0,0.2647,1.35,0.0
15641009,1,6,1,3,37,544,3,84496.71,79972.09,0,0,0,0.2363,2609.9,616.72,1.0566,0.0811,0.45,84496.71
15605926,2,17,3,2,70,649,9,116854.71,107125.79,1,0,0,0.3723,3655.64,1360.99,1.0908,0.1286,3.35,58427.36
15805955,1,32,2,2,48,638,10,138333.03,47679.14,1,1,0,0.6428,4274.99,2747.96,2.9013,0.2083,4.5,138333.03
15801488,1,3,4,3,25,723,3,0.0,134509.47,1,1,0,0.0208,200.0,4.16,0.0,0.12,3.45,0.0
15605918,2,7,3,3,43,635,5,78992.75,153265.31,0,0,0,0.2804,2519.78,706.55,0.5154,0.1163,0.75,39496.38
15779711,3,29,3,3,38,750,7,97257.41,179883.04,1,0,0,0.2334,3067.72,716.01,0.5407,0.1842,3.05,48628.7
15705620,1,8,4,3,34,730,5,122453.37,138882.98,0,1,0,0.1887,3873.6,730.95,0.8817,0.1471,1.75,61226.68
15685357,3,29,1,3,36,750,8,112940.07,9855.81,1,0,0,0.2731,3463.2,945.8,11.4581,0.2222,3.2,112940.07
15570060,1,27,2,1,43,586,8,132558.26,67046.83,0,1,1,0.6782,4101.75,2781.81,1.9771,0.186,2.2,132558.26
15582616,1,26,4,3,38,520,4,0.0,56388.63,0,1,0,0.1382,200.0,27.64,0.0,0.1053,1.6,0.0
15799515,1,32,2,1,48,652,8,133297.24,77764.37,0,1,0,0.7561,4123.92,3118.1,1.7141,0.1667,2.2,133297.24
15642937,1,31,4,3,46,550,7,0.0,130590.35,0,1,0,0.2815,200.0,56.3,0.0,0.1522,2.05,0.0
15624729,1,2,1,3,27,594,0,197041.8,151912.49,0,0,0,0.266,5986.25,1592.34,1.2971,0.0,0.0,197041.8
15566156,2,29,3,2,44,749,0,71497.79,151083.8,0,0,0,0.5377,2294.93,1233.98,0.4732,0.0,0.0,35748.89
15792360,1,7,4,3,32,668,7,0.0,777.37,1,1,0,0.0388,200.0,7.76,0.0,0.2188,4.05,0.0
15807008,2,27,1,1,35,614,6,128100.28,69454.24,0,0,1,0.7358,3918.01,2882.87,1.8444,0.1714,0.9,128100.28
15704770,1,4,3,3,25,773,1,124532.78,11723.57,1,0,0,0.1348,3885.98,523.83,10.6215,0.04,2.15,62266.39
15756475,2,6,4,3,31,551,9,82293.82,91565.25,1,1,0,0.0564,2668.81,150.52,0.8987,0.2903,4.35,41146.91
15655339,1,6,2,3,36,566,1,142120.91,79616.37,0,1,0,0.2758,4388.63,1210.38,1.785,0.0278,1.15,142120.91
15613749,3,6,2,2,34,569,0,151839.26,102299.81,0,1,1,0.3781,4680.18,1769.58,1.4842,0.0,1.0,151839.26
15664521,3,7,4,3,31,659,7,149620.88,104533.51,1,1,0,0.1629,4688.63,763.78,1.4313,0.2258,4.05,74810.44
15681206,1,33,2,1,49,722,3,168197.66,140765.57,0,1,1,0.8543,5170.93,4417.53,1.1949,0.0612,1.45,168197.66
15745527,1,7,4,3,37,655,5,93147.0,66214.13,0,1,0,0.2153,2994.41,644.7,1.4067,0.1351,1.75,46573.5
15806926,1,27,4,3,35,615,2,97440.02,139816.1,1,1,0,0.258,3123.2,805.79,0.6969,0.0571,3.3,48720.01
15724563,2,29,3,3,42,752,3,65046.08,140139.28,1,0,0,0.2697,2101.38,566.74,0.4641,0.0714,2.45,32523.04
15782899,3,22,1,3,28,661,7,95357.49,102297.15,0,0,0,0.2978,2935.72,874.26,0.9322,0.25,1.05,95357.49
15623521,3,10,4,3,43,838,9,123105.88,145765.83,0,1,0,0.2994,3893.18,1165.62,0.8445,0.2093,2.35,61552.94
15810218,3,2,5,2,29,610,9,0.0,83912.24,1,0,0,0.5558,225.0,125.06,0.0,0.3103,3.35,0.0
15645621,3,10,3,3,44,811,3,0.0,78439.73,1,0,0,0.098,150.0,14.7,0.0,0.0682,2.45,0.0
15608114,3,17,1,2,62,587,7,121286.27,6776.92,1,0,0,0.5765,3713.59,2140.88,17.8943,0.1129,3.05,121286.27
15659557,2,25,4,3,28,811,4,167738.82,9903.42,1,1,0,0.097,5232.16,507.52,16.9358,0.1429,3.6,83869.41
15787772,1,29,1,2,38,759,1,104091.29,91561.91,0,0,0,0.4438,3197.74,1419.16,1.1368,0.0263,0.15,104091.29
15691111,2,27,4,2,42,648,8,121980.56,4027.02,0,1,0,0.4242,3859.42,1637.17,30.283,0.1905,2.2,60990.28
15592089,1,29,4,3,43,788,10,0.0,116111.51,1,1,0,0.2892,200.0,57.84,0.0,0.2326,4.5,0.0
15633897,2,8,4,3,39,725,1,50880.98,184023.54,1,1,0,0.0843,1726.43,145.54,0.2765,0.0256,3.15,25440.49
15701301,1,27,3,2,42,646,3,175159.9,67124.48,0,0,1,0.4654,5404.8,2515.39,2.6094,0.0714,0.45,87579.95
15723685,2,22,4,3,26,601,7,105514.69,50070.59,0,1,0,0.1374,3365.44,462.41,2.1073,0.2692,2.05,52757.34
15701602,2,11,5,1,52,521,5,116497.31,53793.1,0,0,1,0.9886,3719.92,3677.51,2.1656,0.0962,0.75,38832.44
15739189,3,26,4,3,33,561,6,0.0,45261.47,0,1,0,0.107,200.0,21.4,0.0,0.1818,1.9,0.0
15573086,1,6,2,3,42,564,7,99824.45,36721.4,1,1,0,0.2073,3119.73,646.72,2.7184,0.1667,4.05,99824.45
15569050,1,11,2,1,45,444,6,0.0,130009.85,0,1,1,0.8551,125.0,106.89,0.0,0.1333,1.9,0.0
15750765,3,17,2,3,71,650,0,0.0,175380.77,1,1,0,0.3158,125.0,39.48,0.0,0.0,3.0,0.0
15799811,1,8,2,1,40,724,10,0.0,127847.25,0,1,1,0.6548,125.0,81.85,0.0,0.25,2.5,0.0
15698442,3,8,2,3,35,719,3,122964.88,138231.7,1,1,0,0.1471,3813.95,561.03,0.8895,0.0857,3.45,122964.88
15655274,1,21,3,3,29,548,4,0.0,48673.18,1,0,0,0.0784,150.0,11.76,0.0,0.1379,2.6,0.0
15603594,3,2,4,3,24,635,4,0.0,70668.77,1,1,0,0.0423,200.0,8.46,0.0,0.1667,3.6,0.0
15585961,3,26,3,3,43,496,3,0.0,199505.53,1,0,0,0.2369,150.0,35.53,0.0,0.0698,2.45,0.0
15686936,1,28,2,2,37,676,5,89634.69,169583.18,1,1,1,0.3623,2814.04,1019.53,0.5286,0.1351,3.75,89634.69
15770424,2,6,4,3,40,541,7,95710.11,49063.42,0,1,0,0.3161,3071.3,970.84,1.9507,0.175,2.05,47855.06
15587451,2,9,2,1,41,778,7,139706.31,63337.19,0,1,0,0.7684,4316.19,3316.56,2.2057,0.1707,2.05,139706.31
15602010,2,35,2,1,45,850,5,103909.86,60083.11,0,1,1,0.8502,3242.3,2756.6,1.7294,0.1111,1.75,103909.86
15600583,1,7,2,3,31,633,1,0.0,48606.71,0,1,0,0.328,125.0,41.0,0.0,0.0323,1.15,0.0
15654673,1,12,2,1,49,625,6,173434.9,165580.93,0,1,1,0.7272,5328.05,3874.56,1.0474,0.1224,1.9,173434.9
15717164,3,6,4,3,32,485,6,102238.01,194010.12,1,1,0,0.0888,3267.14,290.12,0.527,0.1875,3.9,51119.0
15765014,1,31,3,1,48,547,1,179380.74,69263.1,1,0,0,0.6842,5531.42,3784.6,2.5898,0.0208,2.15,89690.37
15682639,1,7,4,3,32,642,3,0.0,88698.83,1,1,0,0.0324,200.0,6.48,0.0,0.0938,3.45,0.0
15729279,1,23,2,3,25,718,4,108691.95,63030.97,0,1,0,0.2029,3385.76,686.97,1.7244,0.16,1.6,108691.95
15759805,1,27,4,3,32,582,4,0.0,59668.81,0,1,0,0.0849,200.0,16.98,0.0,0.125,1.6,0.0
15767864,1,7,3,3,33,628,6,0.0,184230.23,0,0,0,0.0712,150.0,10.68,0.0,0.1818,0.9,0.0
15769948,2,8,1,2,35,737,0,133377.8,64050.19,1,0,0,0.5693,4076.33,2320.65,2.0824,0.0,2.0,133377.8
15686345,3,10,4,3,34,828,9,0.0,81853.98,1,1,0,0.0176,200.0,3.52,0.0,0.2647,4.35,0.0
15688071,3,12,2,1,53,609,10,0.0,154642.91,1,1,0,0.7004,125.0,87.55,0.0,0.1887,4.5,0.0
15681174,1,8,1,3,39,730,1,116537.6,145679.6,0,0,0,0.2914,3571.13,1040.63,0.8,0.0256,0.15,116537.6
15667521,1,22,3,3,22,631,3,0.0,30781.77,0,0,0,0.0819,150.0,12.28,0.0,0.1364,0.45,0.0
15750243,3,10,3,3,40,830,4,0.0,81622.52,1,0,0,0.0394,150.0,5.91,0.0,0.1,2.6,0.0
15695475,1,2,3,3,29,645,1,130131.08,196474.35,1,0,0,0.0573,4053.93,232.29,0.6623,0.0345,2.15,65065.54
15689176,1,12,3,3,46,663,3,0.0,176276.1,1,0,0,0.1227,150.0,18.4,0.0,0.0652,2.45,0.0
15652955,3,8,2,2,30,678,0,0.0,35113.08,0,1,0,0.3861,125.0,48.26,0.0,0.0,1.0,0.0
15668958,1,6,2,3,30,521,2,107316.09,64299.82,0,1,0,0.2037,3344.48,681.27,1.669,0.0667,1.3,107316.09
15631054,1,22,4,3,24,625,1,0.0,180969.55,1,1,0,0.0511,200.0,10.22,0.0,0.0417,3.15,0.0
15581479,1,6,2,3,30,523,1,83181.29,138176.78,1,1,0,0.094,2620.44,246.32,0.602,0.0333,3.15,83181.29
15577478,1,38,2,3,72,714,3,0.0,86733.61,1,1,0,0.1228,125.0,15.35,0.0,0.0417,3.45,0.0
15780870,3,17,2,3,67,580,3,153946.14,7418.92,1,1,0,0.1905,4743.38,903.61,20.7477,0.0448,3.45,153946.14
15692317,1,8,4,3,30,722,5,0.0,166376.54,0,1,0,0.0385,200.0,7.7,0.0,0.1667,1.75,0.0
15593969,3,27,2,2,39,630,7,135483.17,140881.2,0,1,1,0.5231,4189.5,2191.53,0.9617,0.1795,2.05,135483.17
15570417,1,6,4,3,35,579,1,0.0,4460.2,0,1,0,0.0624,200.0,12.48,0.0,0.0286,1.15,0.0
15779059,1,28,4,3,38,670,4,119624.54,110472.12,1,1,0,0.2986,3788.74,1131.32,1.0828,0.1053,3.6,59812.27
15785980,3,7,4,3,34,588,6,121132.26,86460.28,0,1,0,0.223,3833.97,854.98,1.401,0.1765,1.9,60566.13
15644200,3,30,2,1,42,807,1,0.0,16500.66,0,1,1,0.8311,125.0,103.89,0.0,0.0238,1.15,0.0
15793949,1,33,2,1,48,726,4,0.0,114020.06,0,1,1,0.929,125.0,116.12,0.0,0.0833,1.6,0.0
15645103,2,5,2,3,25,812,5,54817.55,131660.31,0,1,0,0.2193,1769.53,388.06,0.4164,0.2,1.75,54817.55
15705860,2,7,2,1,40,631,3,107949.45,52449.62,0,1,1,0.7668,3363.48,2579.12,2.0581,0.075,1.45,107949.45
15623828,1,8,1,3,30,682,4,0.0,161465.31,1,0,0,0.2397,75.0,17.98,0.0,0.1333,2.6,0.0
15715003,3,32,2,2,49,625,2,80816.45,20018.79,1,1,0,0.6016,2549.49,1533.77,4.0368,0.0408,3.3,80816.45
15623471,2,7,2,2,38,607,3,98205.77,176318.27,0,1,0,0.5773,3071.17,1772.99,0.557,0.0789,1.45,98205.77
15798348,3,32,2,2,50,600,6,94684.27,50488.91,1,1,0,0.566,2965.53,1678.49,1.8753,0.12,3.9,94684.27
15743016,3,22,2,2,22,602,7,141604.76,30379.6,0,1,0,0.3792,4373.14,1658.29,4.661,0.3182,2.05,141604.76
15769499,3,36,4,3,74,545,3,0.0,161326.73,1,1,0,0.0806,200.0,16.12,0.0,0.0405,3.45,0.0
15798521,3,8,4,3,33,675,3,0.0,45348.08,0,1,0,0.056,200.0,11.2,0.0,0.0909,1.45,0.0
15706534,1,32,1,1,47,581,1,122949.14,180251.68,0,0,1,0.8594,3763.47,3234.33,0.6821,0.0213,0.15,122949.14
15706186,2,7,3,3,33,640,8,81677.22,34925.56,0,0,0,0.1286,2600.32,334.4,2.3385,0.2424,1.2,40838.61
15812197,1,10,1,2,38,850,7,80293.98,126555.74,0,0,0,0.3622,2483.82,899.64,0.6345,0.1842,1.05,80293.98
15650933,3,31,2,1,48,490,8,155413.06,187921.3,0,1,0,0.764,4787.39,3657.57,0.827,0.1667,2.2,155413.06
15692991,3,28,4,3,38,710,4,0.0,136390.88,1,1,0,0.105,200.0,21.0,0.0,0.1053,3.6,0.0
15631189,2,7,2,2,38,613,9,67111.65,78566.64,0,1,1,0.4485,2138.35,959.05,0.8542,0.2368,2.35,67111.65
15762198,1,10,2,3,34,812,5,103818.43,166038.27,1,1,0,0.0945,3239.55,306.14,0.6253,0.1471,3.75,103818.43
15699598,1,23,4,3,20,723,4,0.0,140385.33,1,1,0,0.0586,200.0,11.72,0.0,0.2,3.6,0.0
15692744,1,6,3,3,36,512,4,152169.12,38629.3,0,0,1,0.2068,4715.07,975.08,3.9391,0.1111,0.6,76084.56
15688963,1,33,2,1,52,731,10,0.0,24998.75,1,1,1,0.8284,125.0,103.55,0.0,0.1923,4.5,0.0
15599131,2,2,4,3,26,650,4,214346.96,128815.33,0,1,0,0.1775,6630.41,1176.9,1.664,0.1538,1.6,107173.48
15680303,1,12,2,1,57,594,6,0.0,19376.56,0,1,1,0.9656,125.0,120.7,0.0,0.1053,1.9,0.0
15628674,1,10,2,2,40,844,7,113348.14,31904.31,0,1,1,0.5161,3525.44,1819.48,3.5526,0.175,2.05,113348.14
15648075,2,33,2,1,47,686,5,170935.94,173179.79,0,1,1,0.9094,5253.08,4777.15,0.987,0.1064,1.75,170935.94
15586970,2,13,2,1,52,695,8,103023.26,22485.64,1,1,0,0.7276,3215.7,2339.74,4.5815,0.1538,4.2,103023.26
15625698,3,22,3,3,23,624,6,0.0,196668.51,1,0,0,0.067,150.0,10.05,0.0,0.2609,2.9,0.0
15790497,3,6,3,3,37,503,6,0.0,136506.86,0,0,0,0.0725,150.0,10.88,0.0,0.1622,0.9,0.0
15682618,1,26,4,3,31,535,7,111855.04,36278.89,1,1,0,0.1233,3555.65,438.41,3.0831,0.2258,4.05,55927.52
15762937,2,29,4,3,32,743,6,140348.56,163254.39,1,1,0,0.1984,4410.46,875.04,0.8597,0.1875,3.9,70174.28
15750929,3,8,4,3,39,702,8,0.0,99654.13,0,1,0,0.0836,200.0,16.72,0.0,0.2051,2.2,0.0
15729832,1,2,2,3,29,658,3,145512.84,20207.02,0,1,0,0.272,4490.39,1221.39,7.2007,0.1034,1.45,145512.84
15633650,2,28,4,3,41,677,8,146720.98,4195.84,1,1,0,0.2857,4601.63,1314.69,34.9599,0.1951,4.2,73360.49
15748856,1,7,2,3,32,664,10,107209.73,112340.2,1,1,0,0.0901,3341.29,301.05,0.9543,0.3125,4.5,107209.73
15589195,2,29,1,1,38,766,7,130933.74,2035.94,1,0,0,0.6922,4003.01,2770.88,64.2796,0.1842,3.05,130933.74
15699911,3,26,2,2,35,461,8,0.0,132295.95,0,1,0,0.6009,125.0,75.11,0.0,0.2286,2.2,0.0
15663438,3,8,2,2,36,688,0,89772.3,177383.68,0,1,1,0.3831,2818.17,1079.64,0.5061,0.0,1.0,89772.3
15692583,1,28,4,3,32,678,5,0.0,90284.47,0,1,0,0.1166,200.0,23.32,0.0,0.1562,1.75,0.0
15591257,1,4,4,3,24,796,8,0.0,61349.37,0,1,0,0.0347,200.0,6.94,0.0,0.3333,2.2,0.0
15646513,1,10,2,1,42,803,5,0.0,196466.83,0,1,1,0.7744,125.0,96.8,0.0,0.119,1.75,0.0
15708063,1,8,5,1,36,712,2,100749.5,70758.37,0,0,1,0.9594,3247.48,3115.63,1.4238,0.0556,0.3,33583.17
15696098,1,26,4,3,31,498,10,0.0,13892.57,0,1,0,0.0762,200.0,15.24,0.0,0.3226,2.5,0.0
15645517,3,5,4,3,22,850,2,0.0,9684.52,1,1,0,0.0122,200.0,2.44,0.0,0.0909,3.3,0.0
15649744,1,32,4,2,51,628,3,123981.31,40546.15,1,1,0,0.5333,3919.44,2090.24,3.0577,0.0588,3.45,61990.66
15604304,2,26,2,2,34,539,4,91622.42,136603.42,1,1,0,0.3868,2873.67,1111.54,0.6707,0.1176,3.6,91622.42
15784092,1,8,2,3,36,732,7,126195.81,133172.48,1,1,0,0.1376,3910.87,538.14,0.9476,0.1944,4.05,126195.81
15585198,1,8,1,3,41,715,4,94267.9,152821.12,1,0,1,0.3441,2903.04,998.94,0.6168,0.0976,2.6,94267.9
15624347,1,7,4,3,40,651,4,0.0,147715.83,1,1,0,0.041,200.0,8.2,0.0,0.1,3.6,0.0
15621687,1,10,4,3,34,813,0,0.0,43169.15,0,1,0,0.0731,200.0,14.62,0.0,0.0,1.0,0.0
15689081,1,3,2,2,29,692,4,0.0,76755.99,0,1,1,0.4352,125.0,54.4,0.0,0.1379,1.6,0.0
15813168,2,29,6,1,39,756,3,100717.85,73406.04,1,1,1,0.9815,3296.54,3235.55,1.372,0.0769,3.45,33572.62
15604295,1,6,4,3,36,543,6,0.0,176728.28,0,1,0,0.0485,200.0,9.7,0.0,0.1667,1.9,0.0
15724127,1,24,3,3,26,790,4,141581.71,98309.27,0,0,0,0.1561,4397.45,686.44,1.4402,0.1538,0.6,70790.86
15673055,3,6,4,3,38,494,7,0.0,6203.66,1,1,0,0.0384,200.0,7.68,0.0,0.1842,4.05,0.0
15768201,1,30,2,3,39,850,2,148586.64,176791.27,1,1,0,0.2798,4582.6,1282.21,0.8405,0.0513,3.3,148586.64
15782219,3,3,4,3,29,703,9,0.0,50679.48,0,1,0,0.0327,200.0,6.54,0.0,0.3103,2.35,0.0
15746410,3,6,4,3,38,432,7,0.0,150580.88,0,1,0,0.0676,200.0,13.52,0.0,0.1842,2.05,0.0
15780144,2,26,4,3,32,512,2,123403.85,80120.19,0,1,0,0.2215,3902.12,864.32,1.5402,0.0625,1.3,61701.92
15590476,1,2,4,3,28,589,7,0.0,151645.96,0,1,0,0.0341,200.0,6.82,0.0,0.25,2.05,0.0
15624293,1,31,2,1,46,514,3,106511.85,55072.32,0,1,0,0.7254,3320.36,2408.59,1.934,0.0652,1.45,106511.85
15618182,1,28,3,3,38,678,2,0.0,115068.99,0,0,0,0.1814,150.0,27.21,0.0,0.0526,0.3,0.0
15660316,2,26,1,1,34,420,1,135549.9,149471.13,0,0,1,0.7697,4141.5,3187.71,0.9069,0.0294,0.15,135549.9
15678886,2,8,4,3,38,679,7,110555.37,46522.68,0,1,0,0.3043,3516.66,1070.12,2.3763,0.1842,2.05,55277.68
15616330,1,7,4,3,31,595,4,0.0,189995.86,0,1,0,0.0457,200.0,9.14,0.0,0.129,1.6,0.0
15592229,1,33,2,1,52,713,0,185891.54,46369.57,1,1,1,0.6971,5701.75,3974.69,4.0088,0.0,3.0,185891.54
15798424,2,15,2,1,59,833,1,130854.59,30722.52,1,1,1,0.8627,4050.64,3494.49,4.2591,0.0169,3.15,130854.59
15714750,1,28,3,2,42,690,3,92578.14,70810.6,0,0,0,0.44,2927.34,1288.03,1.3074,0.0714,0.45,46289.07
15648800,2,23,2,2,21,731,8,132312.06,106663.46,0,1,1,0.5832,4094.36,2387.83,1.2405,0.381,2.2,132312.06
15626147,1,37,1,1,62,608,8,144976.5,175836.03,0,0,1,0.9555,4424.3,4227.42,0.8245,0.129,1.2,144976.5
15626608,3,11,1,2,48,479,5,87070.23,85646.41,1,0,0,0.5913,2687.11,1588.89,1.0166,0.1042,2.75,87070.23
15723250,1,6,4,3,42,519,8,0.0,101485.72,1,1,0,0.0519,200.0,10.38,0.0,0.1905,4.2,0.0
15592583,1,33,5,1,47,731,1,115414.19,191734.67,0,0,1,0.9884,3687.43,3644.66,0.6019,0.0213,0.15,38471.4
15759381,3,17,2,2,61,617,7,91070.43,101839.77,1,1,0,0.4195,2857.11,1198.56,0.8942,0.1148,4.05,91070.43
15585241,3,4,4,3,29,756,2,117412.19,4888.91,0,1,0,0.1293,3722.37,481.3,24.0111,0.069,1.3,58706.1
15589358,2,10,4,3,31,848,4,90018.45,193132.98,0,1,0,0.0323,2900.55,93.69,0.4661,0.129,1.6,45009.22
15672704,1,25,4,3,24,809,4,0.0,193518.76,0,1,0,0.0931,200.0,18.62,0.0,0.1667,1.6,0.0
15789955,2,13,3,1,56,698,1,112414.81,93982.02,0,0,1,0.9457,3522.44,3331.17,1.1961,0.0179,0.15,56207.4
15596800,2,9,2,3,33,779,1,158456.76,197000.92,1,1,1,0.2745,4878.7,1339.2,0.8043,0.0303,3.15,158456.76
15627305,3,7,2,2,35,606,7,0.0,106837.06,0,1,1,0.4962,125.0,62.02,0.0,0.2,2.05,0.0
15645316,2,32,2,1,58,612,1,149641.53,115161.28,1,1,0,0.8099,4614.25,3737.08,1.2994,0.0172,3.15,149641.53
15593973,3,27,2,3,33,663,8,122528.18,196260.3,0,1,0,0.2787,3800.85,1059.3,0.6243,0.2424,2.2,122528.18
15647301,2,31,4,2,45,549,3,143734.01,96404.38,1,1,0,0.484,4512.02,2183.82,1.4909,0.0667,3.45,71867.0
15750258,1,28,2,3,32,675,2,155663.31,97658.66,0,1,0,0.3185,4794.9,1527.18,1.5939,0.0625,1.3,155663.31
15685309,1,27,2,2,35,669,7,0.0,49108.23,1,1,1,0.3602,125.0,45.03,0.0,0.2,4.05,0.0
15628205,2,26,1,2,34,571,1,101736.66,195651.66,1,0,0,0.4886,3127.1,1527.9,0.52,0.0294,2.15,101736.66
15733974,3,6,2,3,37,500,9,125822.21,111698.0,0,1,0,0.3122,3899.67,1217.48,1.1264,0.2432,2.35,125822.21
15762110,1,7,4,3,37,628,0,0.0,171707.93,1,1,0,0.0505,200.0,10.1,0.0,0.0,3.0,0.0
15706899,1,6,4,3,34,559,4,0.0,66721.98,1,1,0,0.0367,200.0,7.34,0.0,0.1176,3.6,0.0
15732660,1,24,2,3,27,769,2,0.0,57876.05,1,1,0,0.2967,125.0,37.09,0.0,0.0741,3.3,0.0
15656121,2,8,3,3,31,733,6,157791.07,177994.81,0,0,0,0.2829,4883.73,1381.61,0.8865,0.1935,0.9,78895.54
15614220,1,4,3,3,22,750,5,0.0,105125.65,1,0,0,0.0239,150.0,3.58,0.0,0.2273,2.75,0.0
15645269,1,27,4,3,42,583,4,0.0,17439.66,0,1,0,0.168,200.0,33.6,0.0,0.0952,1.6,0.0
15698510,2,6,4,3,42,468,9,181627.14,172668.39,0,1,0,0.3222,5648.81,1820.05,1.0519,0.2143,2.35,90813.57
15569247,3,33,1,1,57,727,1,109679.72,753.37,1,0,0,0.7623,3365.39,2565.44,145.3925,0.0175,2.15,109679.72
15566251,1,27,2,2,37,618,5,96652.86,98686.4,0,1,1,0.3813,3024.59,1153.28,0.9794,0.1351,1.75,96652.86
15716134,1,7,4,3,40,617,5,190008.32,107047.92,1,1,0,0.1882,5900.25,1110.43,1.775,0.125,3.75,95004.16
15763625,3,9,4,3,41,793,9,0.0,152153.74,0,1,0,0.0811,200.0,16.22,0.0,0.2195,2.35,0.0
15605965,1,7,4,3,43,630,9,0.0,34338.04,1,1,0,0.1259,200.0,25.18,0.0,0.2093,4.35,0.0
15694821,2,9,1,1,43,765,4,148962.76,173878.87,1,0,1,0.767,4543.88,3485.16,0.8567,0.093,2.6,148962.76
15601688,1,1,2,3,28,546,8,0.0,159254.29,0,1,0,0.2236,125.0,27.95,0.0,0.2857,2.2,0.0
15575581,2,27,4,3,30,614,3,131344.52,54776.64,0,1,0,0.2007,4140.34,830.97,2.3978,0.1,1.45,65672.26
15671209,2,22,6,1,29,593,5,101713.84,134594.99,0,1,0,0.8719,3326.42,2900.31,0.7557,0.1724,1.75,33904.61
15616529,3,7,2,2,34,613,3,0.0,41724.72,1,1,0,0.4241,125.0,53.01,0.0,0.0882,3.45,0.0
15773906,1,7,3,3,38,655,4,0.0,110527.71,0,0,0,0.0706,150.0,10.59,0.0,0.1053,0.6,0.0
15722993,1,23,1,3,27,700,6,137963.07,8996.79,0,0,0,0.2322,4213.89,978.47,15.333,0.2222,0.9,137963.07
15752463,3,25,1,3,29,826,4,129938.07,190200.53,1,0,0,0.2002,3973.14,795.42,0.6832,0.1379,2.6,129938.07
15589754,2,12,1,1,45,652,2,151421.44,115333.43,1,0,0,0.7582,4617.64,3501.09,1.3129,0.0444,2.3,151421.44
15669899,2,34,1,1,45,755,7,135643.0,143619.52,0,0,1,0.9275,4144.29,3843.83,0.9445,0.1556,1.05,135643.0
15766887,3,6,4,3,39,538,2,122773.5,58467.08,1,1,0,0.2091,3883.2,811.98,2.0998,0.0513,3.3,61386.75
15768006,1,8,2,3,34,729,3,152303.8,12128.69,0,1,0,0.2405,4694.11,1128.93,12.5563,0.0882,1.45,152303.8
15741295,1,12,4,3,49,615,3,0.0,49872.33,1,1,0,0.1719,200.0,34.38,0.0,0.0612,3.45,0.0
15811327,3,13,1,2,54,700,1,79415.67,139735.54,1,0,0,0.5508,2457.47,1353.57,0.5683,0.0185,2.15,79415.67
15690007,2,31,4,1,58,434,9,125801.03,60891.8,0,1,1,0.9262,3974.03,3680.75,2.0659,0.1552,2.35,62900.52
15690664,3,8,4,3,37,729,10,0.0,100862.54,0,1,0,0.0615,200.0,12.3,0.0,0.2703,2.5,0.0
15719348,1,6,2,2,35,513,8,0.0,76640.29,0,1,1,0.4666,125.0,58.32,0.0,0.2286,2.2,0.0
15781802,1,9,2,2,41,755,6,104817.41,126013.58,0,1,1,0.4772,3269.52,1560.21,0.8318,0.1463,1.9,104817.41
15752731,1,27,2,3,30,615,9,0.0,87347.82,0,1,0,0.3262,125.0,40.78,0.0,0.3,2.35,0.0
15600997,2,29,3,3,32,747,5,67495.04,77370.37,1,0,0,0.1675,2174.85,364.29,0.8724,0.1562,2.75,33747.52
15750776,1,30,2,3,36,850,0,164850.54,62722.44,1,1,0,0.1463,5070.52,741.82,2.6282,0.0,3.0,164850.54
15723907,2,33,3,2,49,712,5,154776.42,196257.68,0,0,0,0.6043,4793.29,2896.59,0.7886,0.102,0.75,77388.21
15633419,2,22,4,3,28,622,1,143124.63,81723.8,0,1,0,0.1524,4493.74,684.85,1.7513,0.0357,1.15,71562.32
15702430,1,26,2,2,35,548,10,0.0,31299.71,1,1,0,0.4079,125.0,50.99,0.0,0.2857,4.5,0.0
15710456,1,22,4,3,27,607,2,0.0,63495.86,0,1,0,0.1026,200.0,20.52,0.0,0.0741,1.3,0.0
15650351,1,27,2,3,38,653,8,102133.38,166520.96,1,1,0,0.3264,3189.0,1040.89,0.6133,0.2105,4.2,102133.38
15590820,3,3,1,3,26,699,6,79932.41,150242.44,0,0,0,0.1769,2472.97,437.47,0.532,0.2308,0.9,79932.41
15640454,2,8,1,1,40,693,0,120711.73,27345.18,0,0,1,0.7409,3696.35,2738.63,4.4142,0.0,0.0,120711.73
15697789,2,27,4,2,43,647,3,122717.53,87000.39,1,1,0,0.4851,3881.53,1882.93,1.4105,0.0698,3.45,61358.76
15808182,3,26,4,2,36,478,3,92363.3,44912.7,0,1,0,0.3596,2970.9,1068.34,2.0565,0.0833,1.45,46181.65
15588670,3,28,2,1,40,705,5,203715.15,179978.68,0,1,1,0.8217,6236.45,5124.49,1.1319,0.125,1.75,203715.15
15721292,3,8,4,3,39,719,5,0.0,145759.7,0,1,0,0.0582,200.0,11.64,0.0,0.1282,1.75,0.0
15604217,1,8,3,3,34,726,9,0.0,14121.61,0,0,0,0.0544,150.0,8.16,0.0,0.2647,1.35,0.0
15651369,1,2,4,3,21,626,1,0.0,66232.23,0,1,0,0.033,200.0,6.6,0.0,0.0476,1.15,0.0
15782454,1,11,2,1,49,552,4,0.0,190296.76,1,1,1,0.8038,125.0,100.48,0.0,0.0816,3.6,0.0
15814032,2,30,3,3,31,807,1,93460.47,172782.69,0,0,0,0.085,2953.81,251.07,0.5409,0.0323,0.15,46730.24
15570326,1,7,4,3,34,621,6,0.0,99128.13,1,1,0,0.0414,200.0,8.28,0.0,0.1765,3.9,0.0
15624428,2,22,2,3,24,651,7,40224.7,178341.33,1,1,0,0.1787,1331.74,237.98,0.2255,0.2917,4.05,40224.7
15755638,1,28,2,2,43,673,5,168069.73,146992.24,1,1,1,0.5352,5167.09,2765.43,1.1434,0.1163,3.75,168069.73
15600992,1,7,4,3,36,652,1,0.0,151314.98,1,1,0,0.0279,200.0,5.58,0.0,0.0278,3.15,0.0
15755649,2,12,2,1,47,584,7,130538.77,92915.84,0,1,0,0.9181,4041.16,3710.19,1.4049,0.1489,2.05,130538.77
15795228,1,9,2,3,37,756,3,132623.6,58974.0,1,1,0,0.239,4103.71,980.79,2.2488,0.0811,3.45,132623.6
15589257,1,28,4,3,35,670,3,103465.02,174627.06,1,1,0,0.2655,3303.95,877.2,0.5925,0.0857,3.45,51732.51
15719302,1,34,2,1,50,765,9,126547.8,79579.94,1,1,1,0.6757,3921.43,2649.71,1.5902,0.18,4.35,126547.8
15639882,1,6,4,3,30,528,2,128262.72,50771.16,0,1,0,0.1967,4047.88,796.22,2.5262,0.0667,1.3,64131.36
15791279,1,8,2,3,40,701,5,169742.64,153537.55,1,1,1,0.2851,5217.28,1487.45,1.1055,0.125,3.75,169742.64
15636935,1,24,4,3,29,797,1,0.0,132975.39,1,1,0,0.0389,200.0,7.78,0.0,0.0345,3.15,0.0
15686909,2,2,1,2,27,639,3,150795.81,85208.93,1,0,0,0.379,4598.87,1742.97,1.7697,0.1111,2.45,150795.81
15589572,3,39,4,1,61,785,4,129855.72,170214.82,0,1,1,0.9435,4095.67,3864.26,0.7629,0.0656,1.6,64927.86
15779947,3,21,6,1,28,363,6,146098.43,100615.14,0,1,1,0.9829,4657.95,4578.3,1.452,0.2143,1.9,48699.48
15573769,1,24,4,3,24,764,7,0.0,186105.99,0,1,0,0.0698,200.0,13.96,0.0,0.2917,2.05,0.0
15578866,1,28,2,2,43,676,2,0.0,55119.53,1,1,0,0.5202,125.0,65.03,0.0,0.0465,3.3,0.0
15739131,2,3,2,3,28,718,4,65643.3,28760.99,0,1,0,0.3303,2094.3,691.75,2.2823,0.1429,1.6,65643.3
15813444,3,27,4,3,34,590,6,0.0,171021.44,0,1,0,0.1443,200.0,28.86,0.0,0.1765,1.9,0.0
15678058,1,7,2,3,38,584,9,104584.16,176678.72,0,1,0,0.3425,3262.52,1117.41,0.5919,0.2368,2.35,104584.16
15769169,1,7,1,2,41,645,7,0.0,28667.56,1,0,0,0.5894,75.0,44.21,0.0,0.1707,3.05,0.0
15804602,2,9,3,3,30,772,6,99785.28,197238.03,0,0,0,0.0571,3143.56,179.5,0.5059,0.2,0.9,49892.64
15651052,2,11,2,1,46,399,2,127655.22,139994.68,0,1,1,0.9705,3954.66,3838.0,0.9119,0.0435,1.3,127655.22
15724334,1,1,2,3,22,529,5,0.0,151169.83,0,1,0,0.2776,125.0,34.7,0.0,0.2273,1.75,0.0
15569451,1,6,2,3,35,463,2,101257.16,118113.64,1,1,0,0.1235,3162.71,390.59,0.8573,0.0571,3.3,101257.16
15650098,1,27,4,3,40,630,7,0.0,34453.17,1,1,0,0.1327,200.0,26.54,0.0,0.175,4.05,0.0
15724307,1,19,1,3,76,780,10,121313.88,64872.33,1,0,0,0.0214,3714.42,79.49,1.87,0.1316,3.5,121313.88
15599268,3,7,4,3,32,584,5,0.0,10956.82,0,1,0,0.0477,200.0,9.54,0.0,0.1562,1.75,0.0
15594864,2,9,2,3,30,752,4,81523.38,36885.85,1,1,0,0.1799,2570.7,462.47,2.2101,0.1333,3.6,81523.38
15616451,1,33,2,2,47,697,6,128252.66,168053.4,1,1,0,0.5967,3972.58,2370.44,0.7632,0.1277,3.9,128252.66
15715667,1,30,3,3,32,850,7,0.0,155227.0,0,0,0,0.1453,150.0,21.8,0.0,0.2188,1.05,0.0
15658969,1,13,6,1,51,711,7,0.0,38409.79,0,1,1,0.9618,275.0,264.5,0.0,0.1373,2.05,0.0
15738174,1,26,3,3,32,452,5,0.0,75279.39,1,0,0,0.079,150.0,11.85,0.0,0.1562,2.75,0.0
15813590,3,7,4,3,42,610,6,0.0,158302.59,0,1,1,0.0709,200.0,14.18,0.0,0.1429,1.9,0.0
15624229,1,23,4,3,22,694,4,0.0,11525.72,1,1,0,0.043,200.0,8.6,0.0,0.1818,3.6,0.0
15674148,3,6,2,2,33,579,6,0.0,94993.04,0,1,1,0.5303,125.0,66.29,0.0,0.1818,1.9,0.0
15625080,3,34,2,1,54,745,8,0.0,173912.29,0,1,1,0.9729,125.0,121.61,0.0,0.1481,2.2,0.0
15682528,1,6,1,2,33,572,5,0.0,41139.05,1,0,0,0.373,75.0,27.98,0.0,0.1515,2.75,0.0
15696900,2,1,4,3,29,505,3,145541.56,58019.95,1,1,0,0.1223,4566.25,558.45,2.5084,0.1034,3.45,72770.78
15730038,1,23,1,2,23,706,5,0.0,164128.41,0,0,1,0.5101,75.0,38.26,0.0,0.2174,0.75,0.0
15812272,2,8,4,2,44,693,5,124601.58,46998.13,1,1,1,0.3607,3938.05,1420.45,2.6511,0.1136,3.75,62300.79
15654654,2,28,4,3,33,725,7,115182.84,177279.41,1,1,0,0.2381,3655.49,870.37,0.6497,0.2121,4.05,57591.42
15697625,1,9,4,3,37,791,2,163789.49,75832.53,0,1,0,0.2616,5113.68,1337.74,2.1599,0.0541,1.3,81894.74
15616280,1,11,2,1,46,536,1,65733.41,61094.53,0,1,0,0.7221,2097.0,1514.24,1.0759,0.0217,1.15,65733.41
15654229,3,13,3,3,47,699,1,0.0,30117.44,1,0,0,0.1723,150.0,25.85,0.0,0.0213,2.15,0.0
15628298,3,31,2,1,47,500,8,128486.11,179227.12,0,1,0,0.7918,3979.58,3151.03,0.7169,0.1702,2.2,128486.11
15733387,3,33,2,2,53,707,6,109663.47,52110.45,1,1,0,0.5722,3414.9,1954.01,2.1044,0.1132,3.9,109663.47
15775572,2,26,4,2,42,531,6,88324.31,75248.75,0,1,0,0.4438,2849.73,1264.71,1.1737,0.1429,1.9,44162.16
15613844,1,21,4,3,28,557,7,146445.24,184317.74,0,1,0,0.2175,4593.36,999.06,0.7945,0.25,2.05,73222.62
15578515,1,27,4,3,38,659,3,0.0,158553.1,0,1,0,0.2064,200.0,41.28,0.0,0.0789,1.45,0.0
15607598,3,26,4,3,31,575,6,0.0,95686.42,1,1,0,0.083,200.0,16.6,0.0,0.1935,3.9,0.0
15742480,2,9,3,3,36,775,2,109949.05,71682.54,1,0,0,0.2364,3448.47,815.22,1.5338,0.0556,2.3,54974.52
15749482,3,9,2,3,30,772,4,78653.05,1790.48,0,1,0,0.1792,2484.59,445.24,43.904,0.1333,1.6,78653.05
15607537,2,12,2,1,46,587,9,107850.82,139431.0,0,1,1,0.9157,3360.52,3077.23,0.7735,0.1957,2.35,107850.82
15575410,2,27,4,2,39,667,4,83765.35,118358.54,0,1,0,0.3678,2712.96,997.83,0.7077,0.1026,1.6,41882.68
15684865,1,39,2,3,66,771,7,143773.07,130827.88,1,1,0,0.3129,4438.19,1388.71,1.0989,0.1061,4.05,143773.07
15600700,2,16,2,2,63,523,6,116227.27,119404.63,1,1,0,0.6485,3611.82,2342.27,0.9734,0.0952,3.9,116227.27
15774155,2,7,2,3,33,662,0,103471.52,162703.0,1,1,0,0.219,3229.15,707.18,0.6359,0.0,3.0,103471.52
15634267,1,8,4,3,42,717,5,0.0,172665.21,0,1,0,0.0713,200.0,14.26,0.0,0.119,1.75,0.0
15619626,1,4,3,3,24,746,3,137492.35,170142.09,1,0,0,0.1005,4274.77,429.61,0.8081,0.125,2.45,68746.18
15660422,1,1,4,3,28,569,7,0.0,73977.23,0,1,0,0.0446,200.0,8.92,0.0,0.25,2.05,0.0
15617934,1,6,2,3,36,579,9,129829.59,60906.12,1,1,0,0.1137,4019.89,457.06,2.1316,0.25,4.35,129829.59
15760774,1,21,4,3,21,519,1,146329.57,194867.27,1,1,0,0.0617,4589.89,283.2,0.7509,0.0476,3.15,73164.78
15813132,2,8,2,2,30,696,4,114027.7,193716.56,1,1,0,0.4675,3545.83,1657.68,0.5886,0.1333,3.6,114027.7
15593331,2,3,1,3,25,693,6,146580.69,14633.35,1,0,0,0.2267,4472.42,1013.9,10.0162,0.24,2.9,146580.69
15616709,2,27,3,2,38,587,0,132122.42,31730.32,0,0,0,0.5732,4113.67,2357.96,4.1638,0.0,0.0,66061.21
15658052,1,27,2,1,44,626,10,81553.93,20063.63,0,1,1,0.7048,2571.62,1812.48,4.0646,0.2273,2.5,81553.93
15721189,1,37,4,3,66,666,7,0.0,99792.82,1,1,0,0.0788,200.0,15.76,0.0,0.1061,4.05,0.0
15711288,1,1,4,3,24,512,6,0.0,37654.31,0,1,0,0.0481,200.0,9.62,0.0,0.25,1.9,0.0
15770030,3,23,4,3,28,689,3,0.0,192449.02,1,1,0,0.0582,200.0,11.64,0.0,0.1071,3.45,0.0
15803681,1,25,4,3,26,803,4,0.0,181208.47,1,1,0,0.0658,200.0,13.16,0.0,0.1538,3.6,0.0
15702789,2,6,2,3,32,548,5,175214.71,155165.61,1,1,0,0.2206,5381.44,1187.15,1.1292,0.1562,3.75,175214.71
15814930,2,27,2,1,40,588,10,125534.51,121504.18,0,1,1,0.8162,3891.04,3175.87,1.0332,0.25,2.5,125534.51
15658306,1,18,2,3,68,693,4,97705.99,61569.07,1,1,0,0.1811,3056.18,553.47,1.5869,0.0588,3.6,97705.99
15699523,2,31,4,1,55,499,4,126817.65,123269.71,0,1,0,0.9471,4004.53,3792.69,1.0288,0.0727,1.6,63408.82
15610383,1,32,8,1,46,628,1,46870.43,31272.14,0,1,1,0.9956,1756.11,1748.38,1.4987,0.0217,1.15,11717.61
15615032,3,12,4,3,46,624,3,0.0,62825.03,1,1,0,0.1205,200.0,24.1,0.0,0.0652,3.45,0.0
15781989,1,8,2,2,42,733,9,120094.93,184056.45,0,1,0,0.5478,3727.85,2042.12,0.6525,0.2143,2.35,120094.93
15647402,1,27,4,3,38,628,3,0.0,48924.73,1,1,0,0.108,200.0,21.6,0.0,0.0789,3.45,0.0
15740494,1,27,4,3,33,633,3,0.0,191111.02,0,1,0,0.1149,200.0,22.98,0.0,0.0909,1.45,0.0
15701265,2,26,3,3,36,559,1,104356.94,54184.06,1,0,0,0.3257,3280.71,1068.53,1.9259,0.0278,2.15,52178.47
15743532,2,3,2,2,27,704,5,147004.34,64381.33,0,1,1,0.5563,4535.13,2522.89,2.2833,0.1852,1.75,147004.34
15794870,2,9,4,3,38,744,6,73023.17,78770.86,0,1,0,0.2289,2390.7,547.23,0.927,0.1579,1.9,36511.58
15747591,3,27,1,2,40,665,1,173432.55,116766.79,1,0,0,0.4495,5277.98,2372.45,1.4853,0.025,2.15,173432.55
15726557,1,27,1,2,42,638,7,165679.92,32916.29,0,0,0,0.5226,5045.4,2636.73,5.0332,0.1667,1.05,165679.92
15732199,3,10,1,3,31,837,9,104678.62,50972.6,1,0,0,0.1288,3215.36,414.14,2.0536,0.2903,3.35,104678.62
15662291,1,31,6,1,55,534,8,116973.26,122066.5,0,1,1,0.9938,3784.2,3760.74,0.9583,0.1455,2.2,38991.09
15749050,1,26,2,2,36,548,3,0.0,65996.9,0,1,0,0.6029,125.0,75.36,0.0,0.0833,1.45,0.0
15781586,2,10,2,2,38,837,2,126732.85,79577.38,1,1,0,0.4927,3926.99,1934.83,1.5926,0.0526,3.3,126732.85
15617078,1,27,2,1,44,658,6,148481.09,130529.13,0,1,0,0.6771,4579.43,3100.73,1.1375,0.1364,1.9,148481.09
15723339,1,26,4,3,38,554,4,137654.05,172629.67,1,1,0,0.342,4329.62,1480.73,0.7974,0.1053,3.6,68827.02
15671322,2,8,2,2,30,724,7,115315.04,15216.53,0,1,0,0.6075,3584.45,2177.55,7.5778,0.2333,2.05,115315.04
15793854,1,8,2,3,42,723,2,99095.73,17512.53,1,1,0,0.3271,3097.87,1013.31,5.6582,0.0476,3.3,99095.73
15756539,2,27,3,3,39,585,7,165610.41,131852.01,0,0,0,0.3407,5118.31,1743.81,1.256,0.1795,1.05,82805.2
15612064,1,6,4,3,33,474,5,0.0,181945.52,0,1,1,0.0851,200.0,17.02,0.0,0.1515,1.75,0.0
15625916,3,6,2,3,32,562,6,161628.66,91482.5,0,1,0,0.3192,4973.86,1587.66,1.7668,0.1875,1.9,161628.66
15683195,1,8,2,3,32,719,9,146605.27,77119.45,1,1,0,0.0923,4523.16,417.49,1.901,0.2812,4.35,146605.27
15690182,2,7,2,1,37,635,5,113488.68,95611.74,0,1,1,0.6652,3529.66,2347.93,1.187,0.1351,1.75,113488.68
15721719,1,9,4,3,42,743,7,77002.2,80428.42,1,1,0,0.201,2510.07,504.52,0.9574,0.1667,4.05,38501.1
15641690,3,18,3,3,67,681,7,0.0,163714.92,1,0,0,0.0727,150.0,10.9,0.0,0.1045,3.05,0.0
15634896,1,26,3,3,39,521,6,0.0,27375.15,1,0,0,0.1267,150.0,19.01,0.0,0.1538,2.9,0.0
15671590,3,4,4,3,25,741,4,0.0,73873.65,1,1,0,0.0284,200.0,5.68,0.0,0.16,3.6,0.0
15779182,3,14,1,1,46,790,8,182364.53,139266.48,0,0,1,0.7737,5545.94,4290.89,1.3095,0.1739,1.2,182364.53
15778287,1,7,4,3,35,622,8,0.0,131772.51,1,1,0,0.027,200.0,5.4,0.0,0.2286,4.2,0.0
15609510,1,12,1,2,45,669,7,149364.58,173454.07,1,0,0,0.5234,4555.94,2384.58,0.8611,0.1556,3.05,149364.58
15742229,1,12,1,2,59,583,7,127450.14,67552.71,1,0,0,0.5956,3898.5,2321.95,1.8866,0.1186,3.05,127450.14
15658532,3,36,2,3,63,520,5,162278.32,34765.33,1,1,0,0.2888,4993.35,1442.08,4.6677,0.0794,3.75,162278.32
15590993,3,6,3,3,37,579,5,152212.88,120219.14,0,0,0,0.2836,4716.39,1337.57,1.2661,0.1351,0.75,76106.44
15565701,3,28,1,2,39,698,9,161993.89,90212.38,0,0,0,0.4818,4934.82,2377.6,1.7957,0.2308,1.35,161993.89
15597239,3,6,2,2,39,548,7,131468.44,164975.82,0,1,0,0.4148,4069.05,1687.84,0.7969,0.1795,2.05,131468.44
15688880,2,8,2,1,40,672,10,102980.44,1285.81,0,1,1,0.7608,3214.41,2445.52,80.0277,0.25,2.5,102980.44
15813917,2,7,2,2,31,653,9,143321.97,83679.46,0,1,0,0.5034,4424.66,2227.37,1.7127,0.2903,2.35,143321.97
15679611,3,28,1,2,37,734,2,130404.92,34548.74,0,0,0,0.3887,3987.15,1549.81,3.7744,0.0541,0.3,130404.92
15636589,1,29,4,3,41,794,7,0.0,74275.08,1,1,0,0.1041,200.0,20.82,0.0,0.1707,4.05,0.0
15687752,1,7,3,3,30,641,2,87505.47,7278.57,1,0,0,0.1305,2775.16,362.16,12.0207,0.0667,2.3,43752.74
15584363,1,10,2,3,30,824,0,133634.02,162053.92,1,1,0,0.0655,4134.02,270.78,0.8246,0.0,3.0,133634.02
15737748,3,26,1,3,33,534,3,151233.62,199336.63,0,0,0,0.2935,4612.01,1353.62,0.7587,0.0909,0.45,151233.62
15803365,3,12,1,1,55,653,2,70263.83,62347.71,1,0,0,0.6614,2182.91,1443.78,1.1269,0.0364,2.3,70263.83
15793247,1,6,4,3,34,498,5,0.0,91711.66,1,1,0,0.0391,200.0,7.82,0.0,0.1471,3.75,0.0
15572360,1,8,1,3,30,683,10,57657.49,79240.9,0,0,0,0.2804,1804.72,506.04,0.7276,0.3333,1.5,57657.49
15795166,2,7,4,3,42,618,8,153572.31,76679.6,1,1,0,0.1549,4807.17,744.63,2.0028,0.1905,4.2,76786.16
15724620,1,6,2,3,37,538,1,134752.08,162511.55,0,1,0,0.2649,4167.56,1103.99,0.8292,0.027,1.15,134752.08
15800856,3,7,2,3,34,643,3,83132.09,21360.88,1,1,0,0.1876,2618.96,491.32,3.8916,0.0882,3.45,83132.09
15671097,1,26,4,3,31,428,2,0.0,54487.43,0,1,0,0.1986,200.0,39.72,0.0,0.0645,1.3,0.0
15683930,2,27,4,3,32,593,9,134096.53,53931.05,0,1,1,0.096,4222.9,405.4,2.4864,0.2812,2.35,67048.26
15749004,1,28,4,3,31,718,0,118100.59,103165.15,0,1,0,0.2334,3743.02,873.62,1.1448,0.0,1.0,59050.3
15800434,2,15,1,1,52,811,10,76915.4,146359.81,0,0,1,0.9189,2382.46,2189.24,0.5255,0.1923,1.5,76915.4
15709117,3,35,2,2,46,823,3,81576.75,28370.95,1,1,1,0.6159,2572.3,1584.28,2.8753,0.0652,3.45,81576.75
15638806,3,12,3,3,49,645,2,0.0,10023.15,0,0,0,0.1692,150.0,25.38,0.0,0.0408,0.3,0.0
15662294,1,8,4,3,33,710,10,118327.17,192928.82,1,1,0,0.0474,3749.82,177.74,0.6133,0.303,4.5,59163.58
15690079,3,7,3,3,30,591,8,124857.69,50485.7,0,0,0,0.2613,3895.73,1017.95,2.4731,0.2667,1.2,62428.84
15759317,2,24,2,2,27,748,2,90971.85,131662.47,1,1,0,0.3531,2854.16,1007.8,0.6909,0.0741,3.3,90971.85
15750497,1,30,2,3,37,850,7,153147.75,152235.3,1,1,0,0.2908,4719.43,1372.41,1.006,0.1892,4.05,153147.75
15596181,1,6,2,3,38,542,8,65942.26,68093.23,1,1,1,0.2778,2103.27,584.29,0.9684,0.2105,4.2,65942.26
15576602,1,10,4,3,38,809,3,0.0,80061.31,1,1,0,0.0245,200.0,4.9,0.0,0.0789,3.45,0.0
15644833,1,13,2,1,54,675,2,0.0,149583.67,0,1,1,0.9392,125.0,117.4,0.0,0.037,1.3,0.0
15734634,3,22,1,3,27,607,5,100912.19,7631.27,0,0,0,0.2821,3102.37,875.18,13.2218,0.1852,0.75,100912.19
15808689,1,30,4,3,31,850,4,0.0,33082.81,1,1,0,0.0526,200.0,10.52,0.0,0.129,3.6,0.0
15720702,1,9,2,2,37,789,3,0.0,121883.87,0,1,1,0.5244,125.0,65.55,0.0,0.0811,1.45,0.0
15665077,1,27,6,1,43,598,5,0.0,100722.72,1,1,1,0.9253,275.0,254.46,0.0,0.1163,3.75,0.0
15763612,2,9,3,3,41,756,2,124439.49,47093.11,1,0,0,0.2924,3883.18,1135.44,2.6424,0.0488,2.3,62219.74
15596493,1,33,4,3,47,687,7,0.0,177624.01,1,1,0,0.1595,200.0,31.9,0.0,0.1489,4.05,0.0
15704483,1,8,3,3,40,724,6,0.0,106149.48,0,0,0,0.0758,150.0,11.37,0.0,0.15,0.9,0.0
15598846,1,28,2,1,44,700,2,58781.76,16874.92,0,1,0,0.7059,1888.45,1333.06,3.4832,0.0455,1.3,58781.76
15629244,3,12,3,1,50,635,7,159453.64,54560.79,0,0,1,0.7353,4933.61,3627.68,2.9224,0.14,1.05,79726.82
15765537,2,3,2,3,26,687,2,142721.52,153605.75,1,1,0,0.3269,4406.65,1440.53,0.9291,0.0769,3.3,142721.52
15729975,1,32,1,2,46,613,8,167795.6,44390.38,1,0,0,0.5938,5108.87,3033.65,3.7799,0.1739,3.2,167795.6
15682773,1,29,4,2,38,781,3,128345.69,63218.85,0,1,0,0.3848,4050.37,1558.58,2.0301,0.0789,1.45,64172.84
15688007,3,3,2,3,20,703,3,165260.98,41626.78,1,1,0,0.1038,5082.83,527.6,3.97,0.15,3.45,165260.98
15574331,2,37,1,1,62,593,3,118233.81,24765.53,1,0,1,0.8325,3622.01,3015.32,4.7739,0.0484,2.45,118233.81
15645572,1,29,2,1,40,743,6,0.0,28280.8,0,1,1,0.7478,125.0,93.48,0.0,0.15,1.9,0.0
15742854,3,32,4,3,46,640,8,0.0,89043.19,0,1,0,0.2688,200.0,53.76,0.0,0.1739,2.2,0.0
15575417,2,10,4,3,37,849,7,143452.74,17294.12,1,1,0,0.1176,4503.58,529.62,8.2944,0.1892,4.05,71726.37
15796721,1,9,4,3,38,778,3,145018.49,126702.41,1,1,0,0.1591,4550.55,723.99,1.1446,0.0789,3.45,72509.24
15734942,2,26,2,2,38,539,8,82407.51,13123.41,0,1,0,0.5678,2597.23,1474.71,6.2789,0.2105,2.2,82407.51
15664772,2,1,4,3,28,489,1,79460.98,167973.63,1,1,0,0.0414,2583.83,106.97,0.4731,0.0357,3.15,39730.49
15576683,3,26,2,1,43,568,9,0.0,125870.79,0,1,1,0.8308,125.0,103.85,0.0,0.2093,2.35,0.0
15682563,3,7,2,3,38,618,5,126473.99,91972.49,0,1,0,0.3285,3919.22,1287.46,1.3751,0.1316,1.75,126473.99
15650889,2,28,4,3,30,710,10,133537.1,155593.74,0,1,0,0.1649,4206.11,693.59,0.8582,0.3333,2.5,66768.55
15612108,1,12,2,2,52,625,5,164978.01,67788.49,1,1,0,0.4876,5074.34,2474.25,2.4337,0.0962,3.75,164978.01
15761132,3,13,2,2,46,682,7,128029.72,62615.35,1,1,0,0.4672,3965.89,1852.86,2.0447,0.1522,4.05,128029.72
15645511,3,8,2,2,43,727,2,97403.18,107415.02,1,1,1,0.354,3047.1,1078.67,0.9068,0.0465,3.3,97403.18
15609824,1,29,6,1,41,794,7,176845.41,166526.26,0,1,1,0.9905,5580.36,5527.35,1.062,0.1707,2.05,58948.47
15640268,3,17,2,3,71,652,4,0.0,120107.1,1,1,0,0.2762,125.0,34.52,0.0,0.0563,3.6,0.0
15645778,3,8,2,2,42,670,3,81589.04,188227.8,0,1,0,0.6289,2572.67,1617.95,0.4335,0.0714,1.45,81589.04
15691104,2,26,4,2,40,460,6,119507.58,91560.63,0,1,1,0.3979,3785.23,1506.14,1.3052,0.15,1.9,59753.79
15714567,3,21,3,3,26,568,6,0.0,166495.2,0,0,0,0.1783,150.0,26.74,0.0,0.2308,0.9,0.0
15777826,1,7,2,3,30,643,5,94443.77,165614.4,1,1,0,0.1284,2958.31,379.85,0.5703,0.1667,3.75,94443.77
15668445,1,6,4,3,37,521,2,0.0,86372.24,1,1,0,0.0511,200.0,10.22,0.0,0.0541,3.3,0.0
15576162,1,7,2,3,32,615,7,92199.84,2755.53,1,1,0,0.1272,2891.0,367.74,33.4478,0.2188,4.05,92199.84
15778135,3,6,2,1,43,575,3,0.0,83594.51,0,1,0,0.7699,125.0,96.24,0.0,0.0698,1.45,0.0
15613141,1,28,2,3,41,717,3,135756.96,103706.41,1,1,0,0.3355,4197.71,1408.33,1.309,0.0732,3.45,135756.96
15635435,1,32,1,1,54,648,9,120633.42,5924.38,0,0,1,0.9447,3694.0,3489.72,20.3588,0.1667,1.35,120633.42
15596552,2,11,2,1,48,535,5,134542.73,58203.67,1,1,1,0.8203,4161.28,3413.5,2.3115,0.1042,3.75,134542.73
15623644,3,2,4,3,29,626,7,0.0,49361.84,0,1,0,0.0492,200.0,9.84,0.0,0.2414,2.05,0.0
15683403,3,12,1,1,52,611,7,0.0,73585.18,1,0,1,0.8261,75.0,61.96,0.0,0.1346,3.05,0.0
15615029,3,8,2,2,39,734,6,0.0,95135.27,1,1,0,0.408,125.0,51.0,0.0,0.1538,3.9,0.0
15769005,1,13,4,3,49,709,4,154344.49,38794.57,1,1,0,0.3103,4830.33,1498.85,3.9784,0.0816,3.6,77172.24
15746326,1,7,3,3,43,591,3,0.0,198926.36,1,0,0,0.1471,150.0,22.06,0.0,0.0698,2.45,0.0
15722364,1,7,4,3,43,664,9,189026.53,56099.86,1,1,0,0.2913,5870.8,1710.16,3.3694,0.2093,4.35,94513.26
15704954,1,6,2,3,37,431,0,120764.08,117023.08,1,1,0,0.2125,3747.92,796.43,1.032,0.0,3.0,120764.08
15694409,2,22,3,3,22,647,3,97975.82,62083.0,1,0,0,0.1301,3089.27,401.91,1.5781,0.1364,2.45,48987.91
15754068,1,6,4,3,32,578,4,0.0,141822.8,1,1,0,0.0284,200.0,5.68,0.0,0.125,3.6,0.0
15683841,2,6,4,3,41,555,10,113270.2,185387.14,1,1,0,0.1602,3598.11,576.42,0.611,0.2439,4.5,56635.1
15789095,3,9,3,3,30,775,4,0.0,57461.13,1,0,0,0.0356,150.0,5.34,0.0,0.1333,2.6,0.0
15719958,2,10,4,3,39,850,3,124548.99,120380.12,1,1,0,0.1088,3936.47,428.29,1.0346,0.0769,3.45,62274.5
15689514,1,7,2,1,43,625,8,201696.07,133020.9,0,1,1,0.8005,6175.88,4943.79,1.5163,0.186,2.2,201696.07
15621353,3,27,4,3,37,645,7,0.0,13589.93,0,1,0,0.1466,200.0,29.32,0.0,0.1892,2.05,0.0
15627232,2,7,2,1,44,608,7,114203.47,77830.36,1,1,1,0.6718,3551.1,2385.63,1.4673,0.1591,4.05,114203.47
15745843,3,28,4,3,31,689,4,0.0,136610.02,1,1,0,0.0882,200.0,17.64,0.0,0.129,3.6,0.0
15722902,2,12,2,1,50,652,8,125437.64,17160.94,1,1,1,0.8408,3888.13,3269.14,7.3091,0.16,4.2,125437.64
15791767,1,24,4,3,26,769,7,0.0,176843.53,0,1,0,0.0815,200.0,16.3,0.0,0.2692,2.05,0.0
15792722,1,27,2,1,43,611,8,64897.75,114996.33,0,1,0,0.7052,2071.93,1461.13,0.5643,0.186,2.2,64897.75
15723006,1,6,3,3,38,489,8,0.0,196990.79,1,0,0,0.073,150.0,10.95,0.0,0.2105,3.2,0.0
15771942,2,31,2,1,46,528,9,135555.66,133146.03,0,1,1,0.9335,4191.67,3912.92,1.0181,0.1957,2.35,135555.66
15774738,1,7,2,2,44,632,3,107764.75,185667.72,0,1,0,0.6189,3357.94,2078.23,0.5804,0.0682,1.45,107764.75
15574004,1,21,4,3,27,429,6,117307.44,24020.49,1,1,0,0.1307,3719.22,486.1,4.8834,0.2222,3.9,58653.72
15587233,1,6,6,1,41,457,8,73700.12,185750.02,1,1,1,0.9644,2486.0,2397.5,0.3968,0.1951,4.2,24566.71
15808228,3,29,2,2,44,768,6,60603.4,178045.97,1,1,0,0.55,1943.1,1068.7,0.3404,0.1364,3.9,60603.4
15682834,3,28,4,3,35,715,4,40169.88,199857.47,1,1,0,0.0695,1405.1,97.65,0.201,0.1143,3.6,20084.94
15571752,2,27,2,2,32,668,10,92041.87,43595.9,1,1,0,0.3528,2886.26,1018.27,2.1112,0.3125,4.5,92041.87
15743067,2,2,2,2,26,625,3,130483.95,122810.53,0,1,0,0.5375,4039.52,2171.24,1.0625,0.1154,1.45,130483.95
15714466,1,30,6,2,41,846,5,0.0,3440.47,0,1,1,0.5343,275.0,146.93,0.0,0.122,1.75,0.0
15617982,3,27,4,3,42,661,3,0.0,35989.41,0,1,0,0.2405,200.0,48.1,0.0,0.0714,1.45,0.0
15696637,1,21,1,3,23,571,10,151097.28,17163.75,1,0,0,0.1334,4607.92,614.7,8.8028,0.4348,3.5,151097.28
15690647,3,32,2,1,46,582,8,67563.31,44506.09,0,1,1,0.7148,2151.9,1538.18,1.518,0.1739,2.2,67563.31
15672756,1,28,1,3,35,716,8,112808.18,17848.3,1,0,0,0.2529,3459.25,874.84,6.32,0.2286,3.2,112808.18
15704586,1,29,3,3,42,758,7,0.0,76209.56,1,0,0,0.1234,150.0,18.51,0.0,0.1667,3.05,0.0
15674526,1,18,2,3,66,725,4,86459.8,141476.56,1,1,0,0.1546,2718.79,420.32,0.6111,0.0606,3.6,86459.8
15775295,1,27,1,2,40,630,0,118633.08,60032.46,1,0,1,0.5514,3633.99,2003.78,1.9761,0.0,2.0,118633.08
15684196,1,32,2,1,55,627,2,159441.27,100686.11,0,1,1,0.9242,4908.24,4536.2,1.5835,0.0364,1.3,159441.27
15727281,1,22,4,3,27,653,9,0.0,96429.29,0,1,0,0.0373,200.0,7.46,0.0,0.3333,2.35,0.0
15787835,2,29,4,2,38,775,4,125212.65,15795.88,1,1,1,0.3704,3956.38,1465.44,7.9264,0.1053,3.6,62606.32
15730540,3,14,4,2,45,794,8,88656.37,116547.31,0,1,0,0.4472,2859.69,1278.85,0.7607,0.1778,2.2,44328.18
15646276,1,30,2,3,32,831,2,146033.62,191260.74,0,1,0,0.2442,4506.01,1100.37,0.7635,0.0625,1.3,146033.62
15582180,1,1,2,3,29,561,9,120268.13,173870.39,1,1,0,0.0882,3733.04,329.25,0.6917,0.3103,4.35,120268.13
15697095,3,13,4,3,46,705,7,0.0,117273.35,0,1,0,0.1619,200.0,32.38,0.0,0.1522,2.05,0.0
15748797,3,27,2,2,33,636,0,0.0,92277.47,0,1,1,0.5668,125.0,70.85,0.0,0.0,1.0,0.0
15754796,2,31,4,2,46,487,4,135070.58,44244.49,1,1,1,0.6099,4252.12,2593.37,3.0528,0.087,3.6,67535.29
15628947,1,28,3,3,38,693,3,0.0,78133.48,0,0,1,0.1986,150.0,29.79,0.0,0.0789,0.45,0.0
15775546,3,21,4,3,29,517,5,0.0,103402.88,0,1,0,0.1066,200.0,21.32,0.0,0.1724,1.75,0.0
15670481,1,23,3,3,27,684,9,122550.05,137835.82,1,0,0,0.1919,3826.5,734.31,0.8891,0.3333,3.35,61275.02
15619029,3,27,4,3,43,620,2,0.0,20670.1,0,1,0,0.2887,200.0,57.74,0.0,0.0465,1.3,0.0
15613282,1,4,2,3,29,757,8,130306.49,77469.38,0,1,0,0.1849,4034.19,745.92,1.682,0.2759,2.2,130306.49
15721487,1,23,2,3,27,739,6,0.0,57572.38,1,1,0,0.2521,125.0,31.51,0.0,0.2222,3.9,0.0
15797276,3,27,2,2,41,662,4,90350.77,75884.65,0,1,1,0.5453,2835.52,1546.21,1.1906,0.0976,1.6,90350.77
15612494,1,26,2,1,44,359,6,128747.69,146955.71,0,1,1,0.912,3987.43,3636.54,0.8761,0.1364,1.9,128747.69
15629617,3,1,1,3,23,572,2,126873.52,67040.12,1,0,0,0.2594,3881.21,1006.79,1.8925,0.087,2.3,126873.52
15600821,1,18,2,3,69,721,2,108424.19,178418.35,1,1,0,0.2368,3377.73,799.85,0.6077,0.029,3.3,108424.19
15579062,1,8,3,3,32,707,9,0.0,30807.02,0,0,0,0.0276,150.0,4.14,0.0,0.2812,1.35,0.0
15814268,1,26,2,1,40,444,5,84350.07,143835.76,0,1,0,0.6533,2655.5,1734.84,0.5864,0.125,1.75,84350.07
15710164,1,36,3,1,73,523,7,0.0,130883.9,0,0,1,0.7039,150.0,105.58,0.0,0.0959,1.05,0.0
15693904,2,28,3,3,30,685,4,84958.6,194343.72,1,0,0,0.0836,2698.76,225.62,0.4372,0.1333,2.6,42479.3
15588986,2,23,2,2,29,673,4,99097.36,9796.69,1,1,0,0.4442,3097.92,1376.1,10.1144,0.1379,3.6,99097.36
15797733,2,6,3,3,30,503,10,136622.55,47310.24,0,0,0,0.1772,4248.68,752.87,2.8877,0.3333,1.5,68311.27
15620507,2,26,2,2,30,485,5,156771.68,141148.21,1,1,0,0.4308,4828.15,2079.97,1.1107,0.1667,3.75,156771.68
15685150,2,4,4,3,28,799,7,167658.33,111138.25,1,1,0,0.1244,5229.75,650.58,1.5085,0.25,4.05,83829.16
15667651,3,27,4,3,33,585,8,0.0,114182.07,0,1,0,0.104,200.0,20.8,0.0,0.2424,2.2,0.0
15774166,2,22,3,3,24,607,2,109483.54,127560.77,1,0,0,0.2335,3434.51,801.96,0.8583,0.0833,2.3,54741.77
15649280,2,26,2,1,40,521,9,134504.78,18082.06,0,1,0,0.7929,4160.14,3298.58,7.4382,0.225,2.35,134504.78
15705657,1,26,2,2,44,535,2,114427.86,136330.26,1,1,0,0.4939,3557.84,1757.22,0.8393,0.0455,3.3,114427.86
15753969,3,13,1,2,45,724,5,83888.54,34121.81,1,0,0,0.5362,2591.66,1389.65,2.4584,0.1111,2.75,83888.54
15742378,2,6,2,2,32,520,5,110029.77,56246.69,0,1,0,0.61,3425.89,2089.79,1.9562,0.1562,1.75,110029.77
15794874,3,8,1,3,41,696,9,127523.75,191417.42,1,0,0,0.231,3900.71,901.06,0.6662,0.2195,3.35,127523.75
15589221,2,7,4,3,30,657,1,139762.13,23317.88,1,1,0,0.1367,4392.86,600.5,5.9935,0.0333,3.15,69881.06
15596671,3,27,1,1,42,603,8,91611.12,144675.3,0,0,1,0.6735,2823.33,1901.51,0.6332,0.1905,1.2,91611.12
15583668,1,28,1,2,42,726,2,109471.79,175161.05,1,0,0,0.5481,3359.15,1841.15,0.625,0.0476,2.3,109471.79
15710206,1,27,2,2,39,591,4,150500.64,14928.8,0,1,0,0.4751,4640.02,2204.47,10.0806,0.1026,1.6,150500.64
15799966,2,34,1,1,59,792,9,101609.77,161479.19,0,0,1,0.9819,3123.29,3066.76,0.6292,0.1525,1.35,101609.77
15794560,1,11,2,1,57,550,5,0.0,133501.94,1,1,0,0.6606,125.0,82.57,0.0,0.0877,3.75,0.0
15626485,1,22,2,3,26,601,8,78892.23,23703.52,1,1,0,0.1342,2491.77,334.4,3.3282,0.3077,4.2,78892.23
15703143,1,25,1,3,29,820,3,82344.84,115985.38,1,0,0,0.2345,2545.35,596.88,0.71,0.1034,2.45,82344.84
15809772,1,12,2,1,48,667,2,0.0,43229.2,0,1,0,0.8935,125.0,111.69,0.0,0.0417,1.3,0.0
15687959,3,26,2,2,44,573,4,0.0,94862.93,1,1,0,0.5448,125.0,68.1,0.0,0.0909,3.6,0.0
15585282,1,19,3,2,62,755,1,127706.33,142377.69,1,0,0,0.3989,3981.19,1588.1,0.8969,0.0161,2.15,63853.16
15714993,1,26,2,2,41,552,9,124349.34,135635.25,0,1,0,0.6463,3855.48,2491.8,0.9168,0.2195,2.35,124349.34
15596021,3,7,4,3,44,598,8,0.0,148487.9,0,1,0,0.1696,200.0,33.92,0.0,0.1818,2.2,0.0
15646615,2,1,3,3,28,576,1,119336.29,58976.85,1,0,0,0.1741,3730.09,649.41,2.0234,0.0357,2.15,59668.14
15742632,1,28,1,3,31,670,9,0.0,76254.83,1,0,0,0.2943,75.0,22.07,0.0,0.2903,3.35,0.0
15574068,2,11,1,1,56,504,9,104217.3,55857.48,0,0,1,0.9741,3201.52,3118.6,1.8657,0.1607,1.35,104217.3
15806967,1,39,2,3,65,778,7,0.0,77867.23,1,1,0,0.3005,125.0,37.56,0.0,0.1077,4.05,0.0
15796334,2,6,2,1,39,558,10,144757.02,22878.16,0,1,1,0.8271,4467.71,3695.24,6.327,0.2564,2.5,144757.02
15688713,3,7,2,2,44,627,6,0.0,114469.55,1,1,0,0.5197,125.0,64.96,0.0,0.1364,3.9,0.0
15796179,1,8,2,1,43,683,8,0.0,96754.8,0,1,0,0.7566,125.0,94.58,0.0,0.186,2.2,0.0
15598751,1,26,5,1,43,556,6,0.0,125154.57,0,0,1,0.976,225.0,219.6,0.0,0.1395,0.9,0.0
15703019,1,27,3,3,38,583,10,0.0,113597.64,1,0,0,0.1436,150.0,21.54,0.0,0.2632,3.5,0.0
15646302,1,23,2,3,24,705,7,100169.51,121408.55,0,1,0,0.2265,3130.09,708.97,0.8251,0.2917,2.05,100169.51
15680855,1,7,1,3,33,637,2,145731.83,109219.43,1,0,0,0.1517,4446.95,674.6,1.3343,0.0606,2.3,145731.83
15697311,3,13,2,2,56,697,5,110802.03,50230.31,1,1,1,0.4812,3449.06,1659.69,2.2058,0.0893,3.75,110802.03
15585367,2,31,2,1,46,555,4,120392.99,177719.88,0,1,1,0.938,3736.79,3505.11,0.6774,0.087,1.6,120392.99
15726556,2,22,3,3,26,594,6,135067.52,131211.86,0,0,0,0.1925,4202.03,808.89,1.0294,0.2308,0.9,67533.76
15676242,3,7,2,3,31,632,3,136556.44,82152.83,0,1,1,0.3212,4221.69,1356.01,1.6622,0.0968,1.45,136556.44
15684198,1,26,4,3,38,551,10,0.0,216.27,1,1,0,0.2792,200.0,55.84,0.0,0.2632,4.5,0.0
15774882,1,28,2,3,35,687,3,99587.43,1713.1,1,1,1,0.2852,3112.62,887.72,58.099,0.0857,3.45,99587.43
15714227,1,33,2,1,53,672,7,0.0,136910.18,1,1,0,0.6802,125.0,85.02,0.0,0.1321,4.05,0.0
15608653,3,26,2,3,34,521,7,70731.07,20243.97,1,1,1,0.3415,2246.93,767.33,3.4938,0.2059,4.05,70731.07
15784280,2,8,3,3,35,686,2,109342.82,86043.27,1,0,0,0.2399,3430.28,822.92,1.2708,0.0571,2.3,54671.41
15789546,3,2,4,3,28,639,8,0.0,126561.07,0,1,0,0.0221,200.0,4.42,0.0,0.2857,2.2,0.0
15590320,1,20,3,3,66,850,4,0.0,64350.8,1,0,0,0.082,150.0,12.3,0.0,0.0606,2.6,0.0
15678385,1,1,4,3,25,465,2,78247.31,10472.31,1,1,0,0.0788,2547.42,200.74,7.4711,0.08,3.3,39123.66
15571778,1,35,2,1,55,817,10,117561.49,95941.55,0,1,1,0.9213,3651.84,3364.44,1.2253,0.1818,2.5,117561.49
15657085,1,1,2,3,23,578,10,88980.32,125222.36,1,1,0,0.072,2794.41,201.2,0.7106,0.4348,4.5,88980.32
15640627,3,7,4,3,34,611,4,0.0,170950.58,0,1,0,0.039,200.0,7.8,0.0,0.1176,1.6,0.0
15566211,2,27,2,1,41,616,1,103560.57,236.45,0,1,1,0.841,3231.82,2717.96,436.1363,0.0244,1.15,103560.57
15669293,1,6,1,3,37,517,5,113308.84,31517.16,1,0,0,0.2527,3474.27,877.95,3.595,0.1351,2.75,113308.84
15595067,3,27,4,3,40,637,6,0.0,181610.6,1,1,0,0.1294,200.0,25.88,0.0,0.15,3.9,0.0
15753566,1,30,2,2,32,806,3,63763.49,156593.09,0,1,0,0.5208,2037.9,1061.34,0.4072,0.0938,1.45,63763.49
15650391,1,22,2,3,29,633,7,169988.35,4272.0,0,1,0,0.3145,5224.65,1643.15,39.782,0.2414,2.05,169988.35
15681843,2,27,4,3,35,624,0,180303.24,163587.9,0,1,0,0.2527,5609.1,1417.42,1.1022,0.0,1.0,90151.62
15814846,1,13,2,1,52,691,3,0.0,175843.68,0,1,1,0.9289,125.0,116.11,0.0,0.0577,1.45,0.0
15670374,2,35,7,1,49,819,1,120656.86,166164.3,0,0,1,0.9919,3919.71,3887.96,0.7261,0.0204,0.15,30164.22
15762332,2,26,4,3,31,568,1,61592.14,61796.64,1,1,0,0.0938,2047.76,192.08,0.9967,0.0323,3.15,30796.07
15700223,1,15,2,2,48,806,4,164701.68,21439.49,1,1,0,0.4974,5066.05,2519.85,7.6818,0.0833,3.6,164701.68
15729956,3,23,2,3,26,726,1,80780.16,19225.85,1,1,0,0.126,2548.4,321.1,4.2014,0.0385,3.15,80780.16
15594862,1,6,3,3,36,552,8,0.0,132547.02,0,0,0,0.1068,150.0,16.02,0.0,0.2222,1.2,0.0
15598782,2,29,3,3,30,755,6,154221.37,62688.55,1,0,0,0.1815,4776.64,866.96,2.4601,0.2,2.9,77110.68
15745080,1,2,2,3,26,634,8,0.0,21760.96,0,1,0,0.2918,125.0,36.48,0.0,0.3077,2.2,0.0
15703399,1,24,3,3,26,756,5,101641.14,154460.68,1,0,0,0.2357,3199.23,754.06,0.658,0.1923,2.75,50820.57
15732175,1,9,1,3,37,776,2,0.0,8065.0,1,0,0,0.3436,75.0,25.77,0.0,0.0541,2.3,0.0
15630725,1,32,2,1,45,649,5,92786.66,173365.9,0,1,1,0.8003,2908.6,2327.75,0.5352,0.1111,1.75,92786.66
15640260,2,7,4,3,32,595,8,131081.66,69428.79,1,1,0,0.0809,4132.45,334.32,1.888,0.25,4.2,65540.83
15716822,1,7,2,3,30,646,5,98014.74,12757.14,1,1,0,0.1655,3065.44,507.33,7.6825,0.1667,3.75,98014.74
15583748,3,7,4,3,38,592,8,0.0,180426.2,0,1,0,0.1029,200.0,20.58,0.0,0.2105,2.2,0.0
15605968,1,1,2,3,26,574,8,97460.1,43093.67,1,1,0,0.1065,3048.8,324.7,2.2615,0.3077,4.2,97460.1
15790683,1,10,3,3,36,850,1,104077.19,68594.0,1,0,0,0.1047,3272.32,342.61,1.5173,0.0278,2.15,52038.6
15607713,3,25,4,3,29,850,1,0.0,197996.65,1,1,0,0.028,200.0,5.6,0.0,0.0345,3.15,0.0
15700212,1,31,3,2,46,475,10,0.0,122953.0,0,0,1,0.5316,150.0,79.74,0.0,0.2174,1.5,0.0
15626710,1,27,2,2,39,642,4,0.0,76821.24,1,1,0,0.5101,125.0,63.76,0.0,0.1026,3.6,0.0
15716491,3,33,1,1,51,710,4,93656.95,141400.51,1,0,1,0.7961,2884.71,2296.52,0.6623,0.0784,2.6,93656.95
15625824,3,7,8,1,30,596,6,121345.88,41921.75,0,1,1,0.9782,3990.38,3903.39,2.8945,0.2,1.9,30336.47
15617705,1,27,1,2,39,609,8,141675.23,175664.25,1,0,0,0.3579,4325.26,1548.01,0.8065,0.2051,3.2,141675.23
15761976,3,29,4,3,31,797,8,0.0,117916.63,0,1,0,0.0864,200.0,17.28,0.0,0.2581,2.2,0.0
15634891,2,26,2,1,43,504,7,102365.49,194690.77,0,1,1,0.8987,3195.96,2872.21,0.5258,0.1628,2.05,102365.49
15744517,3,13,1,1,50,735,9,0.0,166677.35,0,0,1,0.9224,75.0,69.18,0.0,0.18,1.35,0.0
15686963,3,28,2,2,30,680,3,0.0,160131.58,0,1,0,0.5165,125.0,64.56,0.0,0.1,1.45,0.0
15808189,1,11,3,3,52,449,6,0.0,123622.0,1,0,0,0.2799,150.0,41.98,0.0,0.1154,2.9,0.0
15580845,2,13,1,1,57,685,7,101868.51,113483.96,1,0,0,0.8042,3131.06,2518.0,0.8976,0.1228,3.05,101868.51
15799156,3,6,3,3,38,569,8,0.0,79618.79,0,0,0,0.1184,150.0,17.76,0.0,0.2105,1.2,0.0
15694296,1,7,4,3,35,631,9,112392.45,24472.23,0,1,0,0.2597,3571.77,927.59,4.5925,0.2571,2.35,56196.22
15677049,2,22,3,3,25,595,7,106570.34,177025.79,1,0,0,0.2237,3347.11,748.75,0.602,0.28,3.05,53285.17
15583595,1,21,2,3,28,461,8,0.0,103349.74,1,1,0,0.252,125.0,31.5,0.0,0.2857,4.2,0.0
15590146,1,12,1,1,50,630,1,81947.76,63606.22,1,0,1,0.6588,2533.43,1669.02,1.2883,0.02,2.15,81947.76
15801548,1,27,4,3,31,661,7,144162.3,14490.79,1,1,0,0.1532,4524.87,693.21,9.9479,0.2258,4.05,72081.15
15660833,2,9,3,3,39,796,5,86350.87,105080.53,0,0,0,0.2033,2740.53,557.15,0.8218,0.1282,0.75,43175.44
15762277,1,13,1,1,47,710,5,158623.14,83499.89,0,0,1,0.7039,4833.69,3402.43,1.8997,0.1064,0.75,158623.14
15791302,1,9,4,3,32,741,8,0.0,143598.7,0,1,0,0.0365,200.0,7.3,0.0,0.25,2.2,0.0
15798975,2,12,1,1,48,606,4,132403.56,36091.91,0,0,1,0.9174,4047.11,3712.82,3.6684,0.0833,0.6,132403.56
15599956,1,4,3,3,27,747,10,0.0,13007.89,0,0,0,0.0448,150.0,6.72,0.0,0.3704,1.5,0.0
15577274,2,26,2,1,43,549,3,134985.66,6101.41,0,1,0,0.8512,4174.57,3553.39,22.1201,0.0698,1.45,134985.66
15701200,1,6,4,3,36,576,6,0.0,48314.0,1,1,0,0.0376,200.0,7.52,0.0,0.1667,3.9,0.0
15638149,1,6,2,2,37,528,6,103772.45,197111.99,0,1,0,0.4196,3238.17,1358.74,0.5265,0.1622,1.9,103772.45
15786199,1,6,2,3,33,535,2,133040.32,110299.78,1,1,0,0.1467,4116.21,603.85,1.2062,0.0606,3.3,133040.32
15701765,3,26,3,3,37,575,0,0.0,30114.32,0,0,0,0.2713,150.0,40.7,0.0,0.0,0.0,0.0
15586974,1,7,4,3,39,656,10,0.0,98894.64,1,1,0,0.0483,200.0,9.66,0.0,0.2564,4.5,0.0
15729040,1,6,4,3,42,440,2,0.0,49826.68,0,1,0,0.1255,200.0,25.1,0.0,0.0476,1.3,0.0
15788676,3,6,4,3,38,539,8,71460.67,10074.05,1,1,0,0.1482,2343.82,347.35,7.0928,0.2105,4.2,35730.34
15602497,3,10,1,3,39,850,6,133214.13,20769.88,1,0,0,0.263,4071.42,1070.78,6.4135,0.1538,2.9,133214.13
15701333,1,27,1,2,37,646,7,96558.66,163427.18,0,0,0,0.428,2971.76,1271.91,0.5908,0.1892,1.05,96558.66
15812071,1,14,3,2,54,744,6,93806.31,140068.77,1,0,0,0.4947,2964.19,1466.38,0.6697,0.1111,2.9,46903.16
15634375,3,28,3,3,36,710,8,0.0,83206.19,0,0,0,0.2599,150.0,38.98,0.0,0.2222,1.2,0.0
15738267,1,36,2,2,64,544,3,124043.8,111402.97,1,1,1,0.4357,3846.31,1675.84,1.1135,0.0469,3.45,124043.8
15786800,2,13,1,1,52,723,5,131694.97,92873.5,1,0,1,0.8244,4025.85,3318.91,1.418,0.0962,2.75,131694.97
15591130,3,21,3,3,29,507,6,0.0,94780.9,1,0,0,0.0876,150.0,13.14,0.0,0.2069,2.9,0.0
15720662,1,29,2,3,35,787,1,106266.8,16607.15,1,1,0,0.215,3313.0,712.3,6.3985,0.0286,3.15,106266.8
15751531,3,7,4,3,41,598,8,0.0,161954.43,1,1,0,0.04,200.0,8.0,0.0,0.1951,4.2,0.0
15653595,1,14,3,3,51,796,6,0.0,194733.28,1,0,0,0.1469,150.0,22.04,0.0,0.1176,2.9,0.0
15568360,3,26,2,2,41,569,4,139840.36,163524.7,1,1,0,0.368,4320.21,1589.84,0.8552,0.0976,3.6,139840.36
15781210,1,8,3,3,34,711,8,0.0,48260.19,0,0,0,0.079,150.0,11.85,0.0,0.2353,1.2,0.0
15668058,2,7,2,2,35,661,8,124098.54,86678.48,0,1,0,0.5844,3847.96,2248.75,1.4317,0.2286,2.2,124098.54
15597131,1,6,2,3,32,415,5,145807.59,3064.65,1,1,0,0.244,4499.23,1097.81,47.5617,0.1562,3.75,145807.59
15697283,3,1,4,3,23,578,8,0.0,112124.98,0,1,0,0.0385,200.0,7.7,0.0,0.3478,2.2,0.0
15640953,1,22,4,3,26,611,2,107508.93,120801.65,1,1,0,0.123,3425.27,421.31,0.89,0.0769,3.3,53754.46
15715031,1,22,3,3,28,600,6,0.0,52193.23,1,0,0,0.0827,150.0,12.4,0.0,0.2143,2.9,0.0
15589660,2,27,1,2,32,661,1,145980.23,56636.28,1,0,0,0.4687,4454.41,2087.78,2.5775,0.0312,2.15,145980.23
15769818,1,30,1,2,37,850,3,212778.2,69372.88,1,0,0,0.5099,6458.35,3293.11,3.0671,0.0811,2.45,212778.2
15782736,2,31,1,1,47,573,4,152522.47,164038.07,1,0,1,0.9016,4650.67,4193.04,0.9298,0.0851,2.6,152522.47
15614818,3,29,1,3,33,764,9,168964.77,118982.51,1,0,0,0.2185,5143.94,1123.95,1.4201,0.2727,3.35,168964.77
15794014,1,30,4,3,34,838,8,0.0,27472.07,0,1,0,0.0471,200.0,9.42,0.0,0.2353,2.2,0.0
15732448,1,25,2,3,28,821,8,0.0,36754.13,1,1,0,0.2313,125.0,28.91,0.0,0.2857,4.2,0.0
15723411,3,27,2,3,36,607,4,98266.3,46416.36,1,1,0,0.2168,3072.99,666.22,2.117,0.1111,3.6,98266.3
15797686,1,6,2,3,38,558,8,113000.92,152872.39,1,1,0,0.155,3515.03,544.83,0.7392,0.2105,4.2,113000.92
15605950,2,1,4,3,23,530,1,137060.88,165227.23,1,1,0,0.0939,4311.83,404.88,0.8295,0.0435,3.15,68530.44
15812497,2,7,2,2,37,654,5,112146.12,75927.35,0,1,0,0.6358,3489.38,2218.55,1.477,0.1351,1.75,112146.12
15690678,1,26,2,3,33,530,4,129307.32,172930.28,1,1,0,0.2644,4004.22,1058.72,0.7477,0.1212,3.6,129307.32
15747677,3,17,2,3,69,656,6,163975.09,36108.5,1,1,0,0.1183,5044.25,596.73,4.5411,0.087,3.9,163975.09
15618926,3,6,4,3,43,520,7,0.0,36202.74,1,1,0,0.0863,200.0,17.26,0.0,0.1628,4.05,0.0
15673908,2,27,2,2,42,602,6,158414.85,131886.46,1,1,0,0.5301,4877.45,2585.54,1.2011,0.1429,3.9,158414.85
15727944,2,33,2,1,48,701,1,92072.68,133992.36,1,1,0,0.8536,2887.18,2464.5,0.6871,0.0208,3.15,92072.68
15807294,3,27,4,3,30,653,2,88243.29,96658.26,1,1,0,0.1951,2847.3,555.51,0.9129,0.0667,3.3,44121.64
15618581,3,2,4,3,25,668,8,0.0,135112.09,1,1,0,0.0176,200.0,3.52,0.0,0.32,4.2,0.0
15584364,1,12,2,1,48,652,4,59486.31,163944.18,0,1,1,0.8818,1909.59,1683.88,0.3628,0.0833,1.6,59486.31
15599552,3,32,4,3,54,639,2,0.0,53843.71,1,1,0,0.191,200.0,38.2,0.0,0.037,3.3,0.0
15749177,3,33,3,3,52,730,7,0.0,122398.84,1,0,0,0.2648,150.0,39.72,0.0,0.1346,3.05,0.0
15718779,1,9,2,3,34,780,1,0.0,64804.04,1,1,0,0.2539,125.0,31.74,0.0,0.0294,3.15,0.0
15568106,1,27,3,3,38,592,8,119278.01,19370.73,1,0,0,0.3157,3728.34,1177.04,6.1573,0.2105,3.2,59639.0
15779481,1,7,4,3,34,628,4,158741.43,126192.54,1,1,0,0.1284,4962.24,637.15,1.2579,0.1176,3.6,79370.72
15709994,1,27,1,2,40,658,7,140596.95,135459.02,1,0,1,0.4926,4292.91,2114.69,1.0379,0.175,3.05,140596.95
15772777,3,25,4,3,29,850,10,0.0,94815.04,1,1,0,0.0812,200.0,16.24,0.0,0.3448,4.5,0.0
15706815,2,6,2,2,37,515,2,90432.92,188366.04,1,1,1,0.6459,2837.99,1833.06,0.4801,0.0541,3.3,90432.92
15618018,1,26,3,3,35,571,1,104783.81,178512.52,1,0,0,0.3418,3293.51,1125.72,0.587,0.0286,2.15,52391.9
15671032,2,9,4,2,42,760,0,77992.97,97906.38,1,1,0,0.4091,2539.79,1039.03,0.7966,0.0,3.0,38996.48
15634281,2,28,1,1,43,720,10,110822.9,72861.94,0,0,0,0.8586,3399.69,2918.97,1.521,0.2326,1.5,110822.9
15766374,2,7,4,3,42,632,4,119624.6,195978.86,1,1,0,0.2446,3788.74,926.73,0.6104,0.0952,3.6,59812.3
15600991,2,8,4,3,31,694,6,109052.59,19448.93,1,1,1,0.2723,3471.58,945.31,5.6068,0.1935,3.9,54526.3
15777576,3,26,1,3,40,559,5,139129.44,32635.54,1,0,0,0.3395,4248.88,1442.49,4.263,0.125,2.75,139129.44
15742613,2,29,4,2,42,773,8,152324.66,171733.22,0,1,0,0.408,4769.74,1946.05,0.887,0.1905,2.2,76162.33
15649523,1,7,4,3,38,581,1,0.0,46176.22,0,1,0,0.0649,200.0,12.98,0.0,0.0263,1.15,0.0
15651063,2,26,4,2,37,524,9,127480.58,179634.69,0,1,0,0.4044,4024.42,1627.48,0.7097,0.2432,2.35,63740.29
15683124,1,13,1,1,53,713,6,115029.4,191521.32,0,0,1,0.8949,3525.88,3155.31,0.6006,0.1132,0.9,115029.4
15618314,1,8,2,3,40,676,8,114005.78,67998.45,1,1,0,0.1911,3545.17,677.48,1.6766,0.2,4.2,114005.78
15670823,2,27,2,1,42,651,1,116646.76,44731.8,0,1,1,0.8424,3624.4,3053.19,2.6076,0.0238,1.15,116646.76
15607133,3,33,4,1,49,717,1,110864.38,124532.9,1,1,1,0.6613,3525.93,2331.7,0.8902,0.0204,3.15,55432.19
15615012,1,2,2,3,23,594,5,156267.59,160968.44,0,1,0,0.2383,4813.03,1146.95,0.9708,0.2174,1.75,156267.59
15725141,1,28,2,1,44,716,3,109528.28,27341.63,0,1,1,0.6831,3410.85,2329.95,4.0058,0.0682,1.45,109528.28
15623560,1,27,2,3,35,668,6,102482.76,53994.64,1,1,0,0.2472,3199.48,790.91,1.898,0.1714,3.9,102482.76
15693018,2,3,2,3,23,678,10,115563.71,91633.53,1,1,0,0.3032,3591.91,1089.07,1.2611,0.4348,4.5,115563.71
15636756,1,1,4,3,23,545,2,0.0,189613.12,0,1,0,0.0626,200.0,12.52,0.0,0.087,1.3,0.0
15647474,1,27,4,3,40,613,9,95624.36,60706.33,1,1,0,0.325,3068.73,997.34,1.5752,0.225,4.35,47812.18
15576714,3,23,4,3,21,687,8,0.0,154767.34,1,1,0,0.0582,200.0,11.64,0.0,0.381,4.2,0.0
15585047,1,3,1,3,28,715,7,160376.61,196853.11,0,0,0,0.2049,4886.3,1001.2,0.8147,0.25,1.05,160376.61
15743976,2,7,2,2,41,618,8,37702.79,195775.48,1,1,0,0.4675,1256.08,587.22,0.1926,0.1951,4.2,37702.79
15793881,1,28,1,3,35,721,6,118273.83,3086.89,1,0,0,0.2979,3623.21,1079.35,38.3025,0.1714,2.9,118273.83
15576517,2,26,4,3,34,445,7,131082.17,70618.0,1,1,0,0.1487,4132.47,614.5,1.8562,0.2059,4.05,65541.09
15631072,1,8,3,3,38,690,1,94456.0,55034.02,1,0,0,0.1998,2983.68,596.14,1.7163,0.0263,2.15,47228.0
15730394,1,28,3,2,43,709,8,0.0,168035.62,0,0,1,0.429,150.0,64.35,0.0,0.186,1.2,0.0
15631460,3,28,4,3,42,671,3,0.0,128449.33,1,1,0,0.1142,200.0,22.84,0.0,0.0714,3.45,0.0
15692002,1,6,2,3,33,538,6,93791.38,199249.29,1,1,0,0.3365,2938.74,988.89,0.4707,0.1818,3.9,93791.38
15595282,1,28,4,3,33,735,4,0.0,149474.69,0,1,0,0.1072,200.0,21.44,0.0,0.1212,1.6,0.0
15789548,1,27,4,3,37,592,7,0.0,126726.33,1,1,0,0.095,200.0,19.0,0.0,0.1892,4.05,0.0
15758035,1,19,1,2,61,747,7,155973.13,147554.26,1,0,0,0.4737,4754.19,2252.06,1.057,0.1148,3.05,155973.13
15617518,2,8,2,3,36,675,7,89409.95,149399.7,1,1,0,0.2559,2807.3,718.39,0.5985,0.1944,4.05,89409.95
15651802,3,27,4,2,39,632,5,97854.37,93536.38,0,1,0,0.4153,3135.63,1302.23,1.0462,0.1282,1.75,48927.18
15631813,1,7,4,3,39,621,6,0.0,58883.91,1,1,0,0.048,200.0,9.6,0.0,0.1538,3.9,0.0
15729668,3,1,2,2,29,521,3,60280.62,154271.41,0,1,0,0.4008,1933.42,774.91,0.3907,0.1034,1.45,60280.62
15741728,3,7,2,3,36,591,7,135216.8,122022.89,1,1,0,0.1483,4181.5,620.12,1.1081,0.1944,4.05,135216.8
15576676,2,23,4,3,28,706,6,124923.35,50299.14,1,1,0,0.2435,3947.7,961.26,2.4836,0.2143,3.9,62461.68
15711378,1,8,4,3,38,677,4,0.0,187800.63,0,1,0,0.0609,200.0,12.18,0.0,0.1053,1.6,0.0
15765520,2,4,2,3,27,769,7,188614.07,171344.09,0,1,0,0.2932,5783.42,1695.7,1.1008,0.2593,2.05,188614.07
15656726,1,9,2,3,32,771,5,62321.62,40920.59,1,1,0,0.2392,1994.65,477.12,1.523,0.1562,3.75,62321.62
15647842,2,32,2,1,48,601,8,120782.7,63940.68,0,1,1,0.9308,3748.48,3489.09,1.889,0.1667,2.2,120782.7
15719309,1,28,3,2,42,670,1,115961.58,29483.87,1,0,0,0.4439,3628.85,1610.85,3.9329,0.0238,2.15,57980.79
15748718,1,1,2,3,28,517,2,115062.61,179056.23,0,1,0,0.295,3576.88,1055.18,0.6426,0.0714,1.3,115062.61
15594404,1,35,4,2,49,834,8,160602.25,129273.94,0,1,0,0.4676,5018.07,2346.45,1.2423,0.1633,2.2,80301.12
15751158,1,26,6,1,42,571,4,108825.34,55558.51,0,1,1,0.9866,3539.76,3492.33,1.9587,0.0952,1.6,36275.11
15593470,2,26,2,3,36,576,8,166287.85,23305.85,1,1,0,0.3017,5113.64,1542.79,7.1347,0.2222,4.2,166287.85
15695129,1,28,1,3,31,718,1,152663.77,17128.64,1,0,0,0.1648,4654.91,767.13,8.9123,0.0323,2.15,152663.77
15640865,2,27,4,3,31,636,9,80844.69,74641.9,1,1,0,0.0862,2625.34,226.3,1.0831,0.2903,4.35,40422.34
15714080,2,26,4,2,40,566,2,97001.36,154486.01,0,1,0,0.4718,3110.04,1467.32,0.6279,0.05,1.3,48500.68
15648721,1,18,4,3,64,711,4,0.0,3185.67,1,1,0,0.0826,200.0,16.52,0.0,0.0625,3.6,0.0
15801466,1,26,4,3,39,574,2,122524.61,88463.63,0,1,0,0.3476,3875.74,1347.21,1.385,0.0513,1.3,61262.3
15750248,1,27,2,2,35,619,8,132292.63,65682.93,0,1,0,0.3994,4093.78,1635.06,2.0141,0.2286,2.2,132292.63
15758726,1,22,4,3,24,588,0,0.0,140586.08,1,1,0,0.0956,200.0,19.12,0.0,0.0,3.0,0.0
15781553,2,34,2,1,49,760,9,91502.99,117232.9,0,1,1,0.9387,2870.09,2694.15,0.7805,0.1837,2.35,91502.99
15649121,1,12,2,1,52,665,3,0.0,116137.01,0,1,1,0.9414,125.0,117.68,0.0,0.0577,1.45,0.0
15674811,2,3,4,3,29,739,3,59385.98,105533.96,1,1,0,0.0678,1981.58,134.35,0.5627,0.1034,3.45,29692.99
15646037,1,17,6,2,77,641,9,0.0,81514.06,1,1,0,0.3762,275.0,103.46,0.0,0.1169,4.35,0.0
15722578,2,23,2,3,21,685,6,97956.5,164966.27,1,1,0,0.2856,3063.7,874.99,0.5938,0.2857,3.9,97956.5
15665695,1,32,4,3,49,594,4,0.0,23631.55,1,1,0,0.3063,200.0,61.26,0.0,0.0816,3.6,0.0
15801062,3,26,3,3,40,557,4,0.0,105433.53,1,0,0,0.1345,150.0,20.18,0.0,0.1,2.6,0.0
15662955,1,3,4,3,27,697,8,141223.68,90591.15,0,1,0,0.1231,4436.71,546.16,1.5589,0.2963,2.2,70611.84
15770309,1,2,1,3,18,656,10,151762.74,127014.32,1,0,0,0.1356,4627.88,627.54,1.1948,0.5556,3.5,151762.74
15657386,2,8,3,2,43,712,1,141749.74,90905.26,1,0,0,0.4326,4402.49,1904.52,1.5593,0.0233,2.15,70874.87
15777797,3,8,2,3,38,689,5,75075.14,8651.92,1,1,1,0.2746,2377.25,652.79,8.6763,0.1316,3.75,75075.14
15783955,1,23,4,3,25,697,4,165686.11,15467.98,0,1,0,0.1643,5170.58,849.53,10.7109,0.16,1.6,82843.05
15804516,1,7,2,2,38,589,2,0.0,79915.28,0,1,0,0.558,125.0,69.75,0.0,0.0526,1.3,0.0
15681758,3,21,4,3,25,525,10,0.0,69361.95,0,1,0,0.0686,200.0,13.72,0.0,0.4,2.5,0.0
15630321,1,8,4,3,44,680,3,0.0,86935.08,0,1,0,0.1886,200.0,37.72,0.0,0.0682,1.45,0.0
15588248,1,22,4,3,28,617,0,0.0,7597.83,1,1,1,0.279,200.0,55.8,0.0,0.0,3.0,0.0
15591932,1,8,2,3,32,680,5,92961.61,116957.6,0,1,0,0.2367,2913.85,689.71,0.7948,0.1562,1.75,92961.61
15810347,3,27,3,3,30,662,9,0.0,157884.83,1,0,0,0.0623,150.0,9.35,0.0,0.3,3.35,0.0
15595303,2,13,2,1,46,736,5,130812.91,77981.54,1,1,1,0.7833,4049.39,3171.89,1.6775,0.1087,3.75,130812.91
15634950,2,12,2,1,57,657,8,107174.58,126369.55,1,1,1,0.8165,3340.24,2727.31,0.8481,0.1404,4.2,107174.58
15685372,3,11,2,1,54,350,1,152677.48,191973.49,1,1,1,0.8194,4705.32,3855.54,0.7953,0.0185,3.15,152677.48
15745827,1,7,2,3,30,617,3,132005.77,142940.39,0,1,0,0.1809,4085.17,739.01,0.9235,0.1,1.45,132005.77
15755868,1,6,1,2,35,562,7,0.0,48869.67,0,0,0,0.4889,75.0,36.67,0.0,0.2,1.05,0.0
15735222,3,23,4,3,23,705,5,0.0,73131.73,1,1,0,0.0616,200.0,12.32,0.0,0.2174,3.75,0.0
15604804,1,26,2,3,33,516,7,127305.5,120037.36,1,1,0,0.1673,3944.16,659.86,1.0605,0.2121,4.05,127305.5
15718944,1,26,4,3,37,573,6,0.0,193995.37,0,1,0,0.1571,200.0,31.42,0.0,0.1622,1.9,0.0
15678626,3,26,3,3,31,538,0,0.0,179453.66,0,0,0,0.1656,150.0,24.84,0.0,0.0,0.0,0.0
15571550,1,8,2,2,39,699,9,0.0,80963.92,0,1,0,0.6039,125.0,75.49,0.0,0.2308,2.35,0.0
15723053,2,6,3,3,32,504,8,170291.22,15658.99,1,0,0,0.1143,5258.74,601.07,10.8743,0.25,3.2,85145.61
15661528,3,12,2,1,47,583,5,102562.23,92708.1,0,1,0,0.7034,3201.87,2252.2,1.1063,0.1064,1.75,102562.23
15754177,3,13,3,1,53,712,2,111061.01,26542.17,0,0,0,0.8144,3481.83,2835.6,4.1842,0.0377,0.3,55530.5
15683544,3,17,2,2,62,626,3,0.0,65010.74,1,1,0,0.6497,125.0,81.21,0.0,0.0484,3.45,0.0
15708048,1,27,2,3,34,631,4,124379.14,106892.91,0,1,0,0.2632,3856.37,1015.0,1.1636,0.1176,1.6,124379.14
15701109,1,27,2,2,37,663,7,0.0,185210.63,1,1,0,0.4928,125.0,61.6,0.0,0.1892,4.05,0.0
15600110,2,26,2,2,41,506,3,57745.76,4035.46,0,1,0,0.6253,1857.37,1161.41,14.306,0.0732,1.45,57745.76
15651533,2,31,2,1,50,570,5,129293.74,177805.44,0,1,1,0.9559,4003.81,3827.24,0.7272,0.1,1.75,129293.74
15777904,1,33,4,3,45,703,7,0.0,68831.72,1,1,0,0.1486,200.0,29.72,0.0,0.1556,4.05,0.0
15655574,2,28,2,1,40,698,8,150777.1,114732.62,0,1,0,0.669,4648.31,3109.72,1.3141,0.2,2.2,150777.1
15569423,3,8,4,3,41,731,4,0.0,22299.27,0,1,0,0.0651,200.0,13.02,0.0,0.0976,1.6,0.0
15718106,1,7,3,3,34,625,6,0.0,197283.2,0,0,0,0.0571,150.0,8.56,0.0,0.1765,0.9,0.0
15585067,3,7,2,3,31,634,9,108632.48,179485.96,1,1,1,0.3075,3383.97,1040.57,0.6052,0.2903,4.35,108632.48
15675501,1,12,2,2,59,616,5,153861.1,17699.48,1,1,0,0.403,4740.83,1910.55,8.6925,0.0847,3.75,153861.1
15633233,1,11,2,1,56,500,1,100374.58,118490.8,0,1,1,0.9467,3136.24,2969.08,0.8471,0.0179,1.15,100374.58
15667134,1,6,3,3,32,446,8,0.0,133292.94,0,0,0,0.0726,150.0,10.89,0.0,0.25,1.2,0.0
15659105,1,32,2,1,47,669,9,61196.54,58170.24,0,1,0,0.8103,1960.9,1588.92,1.052,0.1915,2.35,61196.54
15575409,2,7,2,2,31,581,6,116891.72,107137.3,0,1,0,0.5569,3631.75,2022.52,1.091,0.1935,1.9,116891.72
15752342,2,33,6,1,54,704,6,133656.91,145071.33,0,1,1,0.9947,4284.71,4262.0,0.9213,0.1111,1.9,44552.3
15654851,1,9,1,2,44,748,2,92911.52,85495.24,1,0,0,0.4969,2862.35,1422.3,1.0867,0.0455,2.3,92911.52
15741429,3,28,4,3,31,680,9,119825.75,101139.3,1,1,0,0.1796,3794.77,681.54,1.1847,0.2903,4.35,59912.88
15682356,1,27,4,2,37,655,7,111852.84,10511.13,0,1,0,0.3788,3555.59,1346.86,10.6404,0.1892,2.05,55926.42
15806447,2,8,4,3,32,690,0,106683.52,137916.49,1,1,0,0.1645,3400.51,559.38,0.7735,0.0,3.0,53341.76
15800229,2,8,1,2,40,695,7,139022.24,193383.13,1,0,0,0.6344,4245.67,2693.45,0.7189,0.175,3.05,139022.24
15663441,2,28,2,1,40,700,4,148571.07,189826.96,0,1,1,0.7687,4582.13,3522.28,0.7827,0.1,1.6,148571.07
15791991,1,14,1,1,52,773,4,0.0,144113.42,1,0,0,0.8381,75.0,62.86,0.0,0.0769,2.6,0.0
15775082,1,9,3,3,42,749,1,129776.72,143538.51,1,0,0,0.2252,4043.3,910.55,0.9041,0.0238,2.15,64888.36
15579706,1,32,2,1,46,611,5,0.0,77677.14,0,1,1,0.8822,125.0,110.28,0.0,0.1087,1.75,0.0
15718247,3,32,4,3,46,606,8,0.0,183717.94,1,1,0,0.2569,200.0,51.38,0.0,0.1739,4.2,0.0
15755722,1,1,1,3,24,554,10,0.0,92180.62,0,0,0,0.3491,75.0,26.18,0.0,0.4167,1.5,0.0
15582259,1,26,4,3,37,567,7,0.0,28690.9,1,1,0,0.1008,200.0,20.16,0.0,0.1892,4.05,0.0
15716994,3,1,2,2,24,559,3,114739.92,85891.02,0,1,1,0.3898,3567.2,1390.49,1.3359,0.125,1.45,114739.92
15586880,2,7,4,3,41,594,2,122545.65,42050.24,1,1,0,0.2613,3876.37,1012.9,2.9142,0.0488,3.3,61272.82
15713854,1,26,4,3,37,513,6,0.0,110142.34,0,1,0,0.1329,200.0,26.58,0.0,0.1622,1.9,0.0
15780835,2,22,2,2,26,652,1,131908.35,179269.79,1,1,0,0.4031,4082.25,1645.55,0.7358,0.0385,3.15,131908.35
15675896,2,28,2,2,42,680,7,105722.69,90558.24,1,1,1,0.6283,3296.68,2071.3,1.1674,0.1667,4.05,105722.69
15658459,3,9,4,3,33,784,10,0.0,162022.47,0,1,0,0.0177,200.0,3.54,0.0,0.303,2.5,0.0
15658057,3,30,6,1,44,812,8,0.0,66926.83,0,1,1,0.9526,275.0,261.96,0.0,0.1818,2.2,0.0
15801767,3,29,4,3,40,784,8,0.0,108891.3,0,1,0,0.1721,200.0,34.42,0.0,0.2,2.2,0.0
15569178,1,21,2,3,18,570,4,82767.42,71811.9,0,1,0,0.1631,2608.02,425.37,1.1525,0.2222,1.6,82767.42
15731478,1,28,1,1,42,712,1,87842.98,92223.59,0,0,0,0.6533,2710.29,1770.63,0.9525,0.0238,0.15,87842.98
15811236,3,8,2,3,39,705,6,133261.13,78065.9,1,1,0,0.2099,4122.83,865.38,1.707,0.1538,3.9,133261.13
15746749,3,28,4,3,32,681,3,0.0,59679.9,1,1,0,0.0683,200.0,13.66,0.0,0.0938,3.45,0.0
15662758,1,7,2,2,41,620,0,97925.11,85000.32,0,1,0,0.4203,3062.75,1287.27,1.152,0.0,1.0,97925.11
15709387,1,13,2,2,52,711,5,0.0,159808.95,1,1,0,0.5981,125.0,74.76,0.0,0.0962,3.75,0.0
15572093,1,22,2,3,24,613,7,140453.91,129001.3,0,1,0,0.26,4338.62,1128.04,1.0888,0.2917,2.05,140453.91
15713826,2,22,1,2,20,613,0,117356.19,113557.7,0,0,1,0.6276,3595.69,2256.66,1.0334,0.0,0.0,117356.19
15570205,3,8,4,3,36,682,5,0.0,147758.51,1,1,0,0.0251,200.0,5.02,0.0,0.1389,3.75,0.0
15589348,3,10,2,3,37,850,4,137204.77,28865.59,1,1,0,0.1982,4241.14,840.59,4.7531,0.1081,3.6,137204.77
15804610,1,27,3,3,41,601,1,0.0,160607.06,1,0,0,0.1519,150.0,22.78,0.0,0.0244,2.15,0.0
15700854,3,7,2,2,35,595,8,0.0,100015.79,0,1,1,0.4661,125.0,58.26,0.0,0.2286,2.2,0.0
15758836,3,8,3,3,36,675,3,54098.18,54478.52,1,0,0,0.1978,1772.95,350.69,0.993,0.0833,2.45,27049.09
15772933,3,7,2,3,31,591,8,0.0,141677.33,1,1,0,0.1866,125.0,23.32,0.0,0.2581,4.2,0.0
15809006,1,2,3,3,23,602,7,113758.48,84077.6,0,0,0,0.1743,3562.75,620.99,1.353,0.3043,1.05,56879.24
15689612,3,26,1,2,34,554,8,0.0,106981.03,1,0,0,0.359,75.0,26.92,0.0,0.2353,3.2,0.0
15744614,1,6,2,3,37,541,9,118636.92,73551.44,1,1,0,0.1023,3684.11,376.88,1.613,0.2432,4.35,118636.92
15704250,1,6,3,3,34,506,7,0.0,115842.1,0,0,0,0.0714,150.0,10.71,0.0,0.2059,1.05,0.0
15700255,2,10,3,2,44,814,8,95488.82,107013.59,0,0,0,0.3538,3014.66,1066.59,0.8923,0.1818,1.2,47744.41
15669410,1,8,3,3,30,683,8,110829.52,24938.84,0,0,0,0.195,3474.89,677.6,4.4439,0.2667,1.2,55414.76
15807595,2,11,4,1,51,485,7,144244.59,51113.14,0,1,0,0.785,4527.34,3553.96,2.822,0.1373,2.05,72122.3
15664523,2,28,4,3,31,696,8,122021.92,33828.64,0,1,0,0.2713,3860.66,1047.4,3.607,0.2581,2.2,61010.96
15642833,1,27,4,3,30,608,8,0.0,128875.86,0,1,0,0.0684,200.0,13.68,0.0,0.2667,2.2,0.0
15605279,1,14,8,1,50,792,9,0.0,194700.81,1,1,1,0.981,350.0,343.35,0.0,0.18,4.35,0.0
15713644,3,3,4,3,22,686,5,0.0,158974.45,0,1,0,0.0413,200.0,8.26,0.0,0.2273,1.75,0.0
15750466,2,9,2,2,42,790,1,85839.62,198182.73,0,1,0,0.6438,2700.19,1738.38,0.4331,0.0238,1.15,85839.62
15739054,1,22,1,3,29,654,4,96974.97,141404.07,1,0,0,0.2036,2984.25,607.59,0.6858,0.1379,2.6,96974.97
15612771,1,6,2,3,35,452,4,148172.44,4175.68,1,1,0,0.1443,4570.17,659.48,35.4761,0.1143,3.6,148172.44
15788483,3,8,2,2,38,719,0,0.0,126876.47,0,1,0,0.5635,125.0,70.44,0.0,0.0,1.0,0.0
15732832,1,28,4,3,40,707,5,0.0,41052.82,0,1,0,0.1646,200.0,32.92,0.0,0.125,1.75,0.0
15772892,1,33,1,1,49,699,2,0.0,105760.01,0,0,0,0.911,75.0,68.32,0.0,0.0408,0.3,0.0
15713843,3,10,3,3,30,850,2,0.0,27937.12,1,0,0,0.0267,150.0,4.0,0.0,0.0667,2.3,0.0
15567993,3,5,2,3,28,828,8,134766.85,79355.87,0,1,0,0.1585,4168.01,660.63,1.6982,0.2857,2.2,134766.85
15617603,2,10,4,3,30,850,5,123210.56,102180.27,1,1,0,0.0962,3896.32,374.83,1.2058,0.1667,3.75,61605.28
15744983,3,13,2,2,47,712,1,139887.01,95719.73,1,1,0,0.5517,4321.61,2384.23,1.4614,0.0213,3.15,139887.01
15630419,1,7,2,1,44,634,9,149961.11,57121.51,0,1,0,0.6697,4623.83,3096.58,2.6253,0.2045,2.35,149961.11
15738828,2,13,1,1,45,730,6,152880.97,162478.11,0,0,0,0.8604,4661.43,4010.69,0.9409,0.1333,0.9,152880.97
15778025,2,8,3,3,43,685,9,108589.47,194808.51,1,0,0,0.2844,3407.68,969.14,0.5574,0.2093,3.35,54294.74
15799479,3,10,2,3,33,809,9,0.0,124045.65,1,1,0,0.2083,125.0,26.04,0.0,0.2727,4.35,0.0
15684269,3,28,2,2,35,707,3,56674.48,17987.4,0,1,1,0.5581,1825.23,1018.66,3.1506,0.0857,1.45,56674.48
15762745,3,7,2,2,32,648,8,0.0,133653.38,0,1,0,0.4484,125.0,56.05,0.0,0.25,2.2,0.0
15746970,3,34,4,2,57,760,1,0.0,25101.17,1,1,0,0.3626,200.0,72.52,0.0,0.0175,3.15,0.0
15725024,2,30,3,3,33,805,3,105663.56,33330.89,1,0,0,0.1308,3319.91,434.24,3.17,0.0909,2.45,52831.78
15592116,1,27,4,3,39,585,7,0.0,2401.26,0,1,0,0.1657,200.0,33.14,0.0,0.1795,2.05,0.0
15624391,3,27,2,2,30,595,5,100683.54,178361.04,1,1,0,0.3528,3145.51,1109.74,0.5645,0.1667,3.75,100683.54
15567422,1,7,4,3,42,630,6,0.0,162697.93,0,1,0,0.0709,200.0,14.18,0.0,0.1429,1.9,0.0
15612627,2,2,4,3,29,627,5,139541.58,80607.33,0,1,0,0.1618,4386.25,709.7,1.7311,0.1724,1.75,69770.79
15574879,2,27,3,2,37,631,2,121801.72,23146.62,1,0,0,0.3641,3804.05,1385.05,5.262,0.0541,2.3,60900.86
15745107,2,9,1,2,38,776,5,112281.7,89893.6,1,0,0,0.5635,3443.45,1940.38,1.249,0.1316,2.75,112281.7
15734491,3,28,4,3,36,676,4,0.0,3173.31,1,1,0,0.1203,200.0,24.06,0.0,0.1111,3.6,0.0
15675320,3,29,3,2,40,758,5,93499.82,123218.81,0,0,0,0.4489,2954.99,1326.5,0.7588,0.125,0.75,46749.91
15643824,1,7,3,3,33,637,0,132255.99,74588.41,1,0,0,0.1516,4117.68,624.24,1.7731,0.0,2.0,66128.0
15643438,1,5,4,3,20,850,7,0.0,31288.77,0,1,0,0.0217,200.0,4.34,0.0,0.35,2.05,0.0
15721730,3,27,4,3,44,601,4,0.0,58561.31,0,1,0,0.2418,200.0,48.36,0.0,0.0909,1.6,0.0
15680727,1,13,2,1,49,735,5,121973.28,148804.36,0,1,0,0.7287,3784.2,2757.55,0.8197,0.102,1.75,121973.28
15752508,2,7,4,3,32,614,7,99462.8,51117.06,1,1,0,0.108,3183.88,343.86,1.9457,0.2188,4.05,49731.4
15808846,2,23,4,3,21,672,3,165878.76,164537.17,1,1,0,0.088,5176.36,455.52,1.0081,0.1429,3.45,82939.38
15727251,1,7,1,3,30,642,8,117494.27,61977.82,0,0,0,0.3111,3599.83,1119.91,1.8957,0.2667,1.2,117494.27
15663489,2,22,2,2,29,633,0,138577.34,193362.99,0,1,0,0.5231,4282.32,2240.08,0.7167,0.0,1.0,138577.34
15683677,3,9,2,3,39,769,9,0.0,47722.79,1,1,0,0.3086,125.0,38.57,0.0,0.2308,4.35,0.0
15596414,3,9,2,2,41,796,8,107525.07,18510.41,0,1,0,0.4887,3350.75,1637.51,5.8086,0.1951,2.2,107525.07
15730639,1,3,4,3,23,715,7,139224.92,65057.71,0,1,0,0.168,4376.75,735.29,2.14,0.3043,2.05,69612.46
15672132,1,28,1,2,42,695,7,121453.63,46374.64,0,0,0,0.6139,3718.61,2282.85,2.6189,0.1667,1.05,121453.63
15742638,1,24,3,3,25,747,4,0.0,42039.67,1,0,0,0.0503,150.0,7.54,0.0,0.16,2.6,0.0
15578603,2,32,1,1,54,584,1,77354.37,138192.98,0,0,1,0.9585,2395.63,2296.21,0.5598,0.0185,0.15,77354.37
15726088,1,6,2,2,40,476,6,0.0,22735.45,1,1,0,0.4691,125.0,58.64,0.0,0.15,3.9,0.0
15682533,1,30,1,2,39,850,7,79259.99,186910.74,1,0,0,0.3786,2452.8,928.63,0.4241,0.1795,3.05,79259.99
15772995,1,6,2,3,30,529,2,116295.29,75285.47,0,1,0,0.2235,3613.86,807.7,1.5447,0.0667,1.3,116295.29
15765694,3,32,1,1,59,584,1,0.0,130260.11,1,0,1,0.9157,75.0,68.68,0.0,0.0169,2.15,0.0
15659486,2,7,2,3,34,586,9,74309.81,15034.93,0,1,0,0.2983,2354.29,702.28,4.9421,0.2647,2.35,74309.81
15568963,2,8,2,3,34,674,2,152797.9,175709.4,0,1,1,0.3185,4708.94,1499.8,0.8696,0.0588,1.3,152797.9
15703820,1,6,4,2,42,552,9,133701.07,101069.71,0,1,1,0.3587,4211.03,1510.5,1.3228,0.2143,2.35,66850.54
15569410,2,27,4,3,33,601,7,114430.18,153012.13,1,1,0,0.2111,3632.91,766.91,0.7478,0.2121,4.05,57215.09
15632256,1,1,1,3,29,541,7,127504.57,86173.92,0,0,0,0.2067,3900.14,806.16,1.4796,0.2414,1.05,127504.57
15724466,2,29,2,1,41,744,2,84113.41,197548.63,0,1,0,0.6696,2648.4,1773.37,0.4258,0.0488,1.3,84113.41
15777639,3,22,3,3,23,595,10,101126.66,37042.8,0,0,0,0.1627,3183.8,518.0,2.7299,0.4348,1.5,50563.33
15802501,2,8,4,3,33,724,5,103564.83,121085.72,0,1,0,0.1981,3306.94,655.1,0.8553,0.1515,1.75,51782.42
15778410,3,31,1,1,52,533,7,0.0,194113.99,1,0,1,0.9094,75.0,68.2,0.0,0.1346,3.05,0.0
15670702,1,7,3,3,37,618,2,168178.21,101273.23,1,0,0,0.2071,5195.35,1075.96,1.6606,0.0541,2.3,84089.1
15704763,2,26,2,1,39,523,1,143903.11,118711.75,1,1,1,0.6613,4442.09,2937.55,1.2122,0.0256,3.15,143903.11
15645544,2,27,2,1,30,642,5,129753.69,582.53,0,1,0,0.6852,4017.61,2752.87,222.3599,0.1667,1.75,129753.69
15757646,1,7,4,3,35,584,9,0.0,192381.21,0,1,0,0.0942,200.0,18.84,0.0,0.2571,2.35,0.0
15701121,1,6,1,3,38,521,5,110641.18,136507.69,1,0,1,0.2398,3394.24,813.94,0.8105,0.1316,2.75,110641.18
15796313,1,27,4,2,36,662,4,166909.2,138871.12,0,1,1,0.4489,5207.28,2337.55,1.2019,0.1111,1.6,83454.6
15815660,1,29,2,3,34,758,1,154139.45,60728.89,1,1,0,0.1315,4749.18,624.52,2.5381,0.0294,3.15,154139.45
15602844,1,8,1,2,38,717,7,97459.06,189175.71,0,0,0,0.4247,2998.77,1273.58,0.5152,0.1842,1.05,97459.06
15636238,1,7,4,3,40,611,1,0.0,102547.56,1,1,0,0.057,200.0,11.4,0.0,0.025,3.15,0.0
15770101,2,9,4,3,43,766,6,112088.04,36706.56,1,1,0,0.3386,3562.64,1206.31,3.0535,0.1395,3.9,56044.02
15645543,1,27,4,3,34,636,3,0.0,44756.25,1,1,0,0.0676,200.0,13.52,0.0,0.0882,3.45,0.0
15596397,1,35,4,3,48,814,7,0.0,132870.15,1,1,0,0.2,200.0,40.0,0.0,0.1458,4.05,0.0
15770525,3,4,3,3,28,760,1,141038.57,16287.38,0,0,0,0.1597,4381.16,699.67,8.6588,0.0357,0.15,70519.28
15684267,2,7,4,3,39,607,2,84468.67,121945.42,1,1,0,0.1971,2734.06,538.88,0.6927,0.0513,3.3,42234.34
15689980,3,28,1,2,36,725,4,118520.26,131173.9,0,0,1,0.4114,3630.61,1493.63,0.9035,0.1111,0.6,118520.26
15633260,1,7,1,3,37,600,1,142663.46,88669.89,1,0,0,0.2361,4354.9,1028.19,1.6089,0.027,2.15,142663.46
15756471,2,2,4,3,27,656,4,118627.16,160835.3,1,1,0,0.1117,3758.81,419.86,0.7376,0.1481,3.6,59313.58
15721303,3,7,1,3,34,640,1,137523.02,24761.36,0,0,0,0.2642,4200.69,1109.82,5.5537,0.0294,0.15,137523.02
15802256,1,1,4,3,28,439,7,110976.23,138526.96,0,1,0,0.1922,3529.29,678.33,0.8011,0.25,2.05,55488.12
15725664,1,26,1,2,38,549,8,107283.4,157442.75,0,0,0,0.5022,3293.5,1654.0,0.6814,0.2105,1.2,107283.4
15674851,1,7,3,3,38,622,5,0.0,105295.77,0,0,0,0.0591,150.0,8.86,0.0,0.1316,0.75,0.0
15701946,1,8,1,3,34,715,4,124314.45,97782.92,0,0,0,0.1953,3804.43,743.01,1.2713,0.1176,0.6,124314.45
15748947,1,27,2,3,41,657,5,95858.37,68255.88,1,1,0,0.3053,3000.75,916.13,1.4044,0.122,3.75,95858.37
15673342,1,8,4,3,36,703,2,0.0,108790.95,0,1,0,0.0789,200.0,15.78,0.0,0.0556,1.3,0.0
15601008,1,10,4,3,33,802,8,0.0,143706.18,0,1,0,0.0358,200.0,7.16,0.0,0.2424,2.2,0.0
15771636,3,29,1,2,36,793,0,0.0,148993.47,0,0,0,0.4795,75.0,35.96,0.0,0.0,0.0,0.0
15642002,1,26,3,2,35,554,6,117707.18,95277.15,0,0,1,0.3736,3681.22,1375.3,1.2354,0.1714,0.9,58853.59
15693381,3,6,3,3,38,533,1,135289.33,152956.33,1,0,0,0.2387,4208.68,1004.61,0.8845,0.0263,2.15,67644.66
15607691,1,7,2,3,36,658,8,174060.46,94925.62,1,1,0,0.166,5346.81,887.57,1.8336,0.2222,4.2,174060.46
15589380,2,8,4,3,40,713,3,114446.84,87308.18,1,1,0,0.2322,3633.41,843.68,1.3108,0.075,3.45,57223.42
15603846,3,8,4,3,37,711,2,0.0,83978.86,0,1,1,0.0834,200.0,16.68,0.0,0.0541,1.3,0.0
15753549,1,2,1,3,25,669,1,157848.53,37543.93,0,0,1,0.1501,4810.46,722.05,4.2043,0.04,0.15,157848.53
15725355,1,26,1,2,43,439,8,0.0,104889.3,1,0,0,0.6224,75.0,46.68,0.0,0.186,3.2,0.0
15773017,3,29,4,3,37,763,6,0.0,149705.25,1,1,0,0.1089,200.0,21.78,0.0,0.1622,3.9,0.0
15625641,2,38,4,3,74,697,3,108071.36,16445.79,1,1,0,0.1893,3442.14,651.6,6.571,0.0405,3.45,54035.68
15776467,3,28,4,3,35,702,8,14262.8,54689.16,0,1,0,0.2252,627.88,141.4,0.2608,0.2286,2.2,7131.4
15746451,3,8,1,2,41,686,7,102749.72,194913.86,1,0,0,0.3671,3157.49,1159.11,0.5272,0.1707,3.05,102749.72
15777922,3,7,4,3,36,629,1,161757.87,146371.72,1,1,0,0.1416,5052.74,715.47,1.1051,0.0278,3.15,80878.94
15606841,1,10,4,3,38,823,1,0.0,156603.7,0,1,0,0.033,200.0,6.6,0.0,0.0263,1.15,0.0
15757648,2,28,1,2,35,683,5,95698.79,182566.76,1,0,0,0.5501,2945.96,1620.57,0.5242,0.1429,2.75,95698.79
15677173,1,6,2,2,37,555,9,124969.13,60194.05,0,1,0,0.3708,3874.07,1436.51,2.0761,0.2432,2.35,124969.13
15764170,2,7,2,1,44,647,4,93960.35,36579.53,0,1,1,0.8251,2943.81,2428.94,2.5686,0.0909,1.6,93960.35
15610446,1,33,5,1,51,714,4,88308.87,5862.53,0,0,1,0.9864,2874.27,2835.18,15.0607,0.0784,0.6,29436.29
15612776,3,30,4,3,39,850,10,0.0,143030.09,1,1,0,0.2919,200.0,58.38,0.0,0.2564,4.5,0.0
15794122,1,33,4,3,59,713,3,0.0,62700.08,1,1,0,0.2285,200.0,45.7,0.0,0.0508,3.45,0.0
15774931,1,6,2,3,30,452,7,112935.87,99017.34,1,1,0,0.073,3513.08,256.45,1.1406,0.2333,4.05,112935.87
15779247,3,23,2,3,24,683,8,98567.1,187987.01,0,1,0,0.2848,3082.01,877.76,0.5243,0.3333,2.2,98567.1
15707078,1,21,1,2,26,577,1,180530.51,123454.62,0,0,0,0.3735,5490.92,2050.86,1.4623,0.0385,0.15,180530.51
15605263,1,6,1,3,33,552,5,140931.57,10921.5,1,0,0,0.1689,4302.95,726.77,12.9029,0.1515,2.75,140931.57
15607381,2,29,4,3,31,769,7,148913.72,53817.23,0,1,0,0.2202,4667.41,1027.76,2.767,0.2258,2.05,74456.86
15683471,1,8,3,3,38,691,7,0.0,81617.4,0,0,0,0.0784,150.0,11.76,0.0,0.1842,1.05,0.0
15605037,1,35,1,1,49,818,2,0.0,192298.84,1,0,1,0.9103,75.0,68.27,0.0,0.0408,2.3,0.0
15576085,1,8,3,3,41,739,5,0.0,143882.25,0,0,0,0.0705,150.0,10.58,0.0,0.122,0.75,0.0
15770435,1,32,4,2,50,639,6,115335.32,53130.41,1,1,0,0.5726,3660.06,2095.75,2.1708,0.12,3.9,57667.66
15592994,1,37,4,3,65,651,0,0.0,190454.04,1,1,0,0.1207,200.0,24.14,0.0,0.0,3.0,0.0
15624068,1,24,3,3,26,779,0,0.0,111906.0,1,0,0,0.1674,150.0,25.11,0.0,0.0,2.0,0.0
15595221,2,30,2,2,33,850,7,134678.13,113177.95,0,1,0,0.5069,4165.34,2111.41,1.19,0.2121,2.05,134678.13
15637131,1,10,4,3,38,829,9,0.0,30529.88,0,1,0,0.0521,200.0,10.42,0.0,0.2368,2.35,0.0
15613471,2,6,4,3,31,579,2,90547.48,18800.13,1,1,0,0.1242,2916.42,362.22,4.8161,0.0645,3.3,45273.74
15583499,1,6,2,3,32,510,9,103324.78,46127.7,1,1,0,0.0663,3224.74,213.8,2.2399,0.2812,4.35,103324.78
15752816,1,1,1,3,29,531,3,114590.58,75585.48,0,0,0,0.1904,3512.72,668.82,1.516,0.1034,0.45,114590.58
15804075,2,27,2,2,36,628,3,91286.51,63085.94,0,1,0,0.5846,2863.6,1674.06,1.447,0.0833,1.45,91286.51
15800517,3,7,4,3,32,633,5,163340.12,74415.2,1,1,0,0.2095,5100.2,1068.49,2.195,0.1562,3.75,81670.06
15712319,3,13,3,2,45,714,8,150900.29,139889.15,1,0,0,0.4345,4677.01,2032.16,1.0787,0.1778,3.2,75450.14
15797389,3,2,2,3,23,604,9,124577.33,7267.25,1,1,0,0.1777,3862.32,686.33,17.1399,0.3913,4.35,124577.33
15621432,3,7,3,3,35,630,1,0.0,186826.22,0,0,0,0.0607,150.0,9.1,0.0,0.0286,0.15,0.0
15779390,3,30,2,3,31,850,4,91292.7,162149.07,1,1,0,0.1704,2863.78,487.99,0.563,0.129,3.6,91292.7
15711219,2,34,2,1,57,788,8,93716.72,180150.49,1,1,1,0.845,2936.5,2481.34,0.5202,0.1404,4.2,93716.72
15770498,1,29,2,3,37,798,4,111723.08,83478.12,1,1,0,0.2242,3476.69,779.47,1.3383,0.1081,3.6,111723.08
15678727,2,14,2,1,45,770,4,110765.68,26163.74,0,1,1,0.9145,3447.97,3153.17,4.2334,0.0889,1.6,110765.68
15573893,2,1,4,3,25,569,9,173459.45,44381.06,1,1,0,0.1062,5403.78,573.88,3.9083,0.36,4.35,86729.72
15740104,3,21,3,2,22,425,7,169649.73,136365.0,1,0,1,0.4991,5239.49,2615.03,1.2441,0.3182,3.05,84824.86
15792649,3,26,3,3,31,547,9,0.0,99294.22,0,0,0,0.0949,150.0,14.24,0.0,0.2903,1.35,0.0
15605275,2,13,1,1,45,725,8,116917.07,173464.43,0,0,1,0.9117,3582.51,3266.17,0.674,0.1778,1.2,116917.07
15572467,1,6,4,3,37,506,5,0.0,127543.81,1,1,0,0.045,200.0,9.0,0.0,0.1351,3.75,0.0
15738219,1,27,4,3,36,632,7,0.0,52526.65,1,1,0,0.0995,200.0,19.9,0.0,0.1944,4.05,0.0
15600710,1,2,2,3,22,620,0,0.0,32589.45,0,1,0,0.311,125.0,38.88,0.0,0.0,1.0,0.0
15804394,2,7,2,2,32,663,8,130627.66,47161.25,0,1,1,0.6108,4043.83,2469.97,2.7698,0.25,2.2,130627.66
15694188,3,33,3,2,46,700,5,56580.95,45424.13,1,0,0,0.435,1847.43,803.63,1.2456,0.1087,2.75,28290.48
15583718,2,8,2,2,38,696,6,142316.14,8018.49,1,1,0,0.5625,4394.48,2471.89,17.7463,0.1579,3.9,142316.14
15802478,3,9,4,3,31,767,6,0.0,195668.0,1,1,0,0.0305,200.0,6.1,0.0,0.1935,3.9,0.0
15619343,1,11,4,1,56,561,7,152759.0,133167.11,0,1,1,0.9219,4782.77,4409.24,1.1471,0.125,2.05,76379.5
15758813,2,6,3,1,39,350,0,109733.2,123602.11,0,0,1,0.7164,3442.0,2465.85,0.8878,0.0,0.0,54866.6
15761374,1,13,2,2,54,706,9,117444.51,186238.85,1,1,0,0.4186,3648.34,1527.2,0.6306,0.1667,4.35,117444.51
15569209,3,26,2,3,34,464,5,76001.57,158668.87,1,1,0,0.2734,2405.05,657.54,0.479,0.1471,3.75,76001.57
15788539,1,26,2,3,34,501,3,107747.57,9249.36,0,1,0,0.2854,3357.43,958.21,11.6479,0.0882,1.45,107747.57
15747222,3,29,4,3,35,745,8,0.0,116581.1,1,1,0,0.0875,200.0,17.5,0.0,0.2286,4.2,0.0
15769346,1,27,4,3,36,587,1,134997.49,44688.08,0,1,0,0.2997,4249.92,1273.7,3.0208,0.0278,1.15,67498.74
15699634,1,32,4,3,48,667,2,0.0,148608.39,1,1,0,0.2582,200.0,51.64,0.0,0.0417,3.3,0.0
15589076,1,8,1,2,36,737,9,0.0,188670.9,1,0,1,0.4845,75.0,36.34,0.0,0.25,3.35,0.0
15812338,3,26,2,2,30,485,7,0.0,107067.37,0,1,0,0.4416,125.0,55.2,0.0,0.2333,2.05,0.0
15758845,3,27,1,2,37,590,0,64345.21,61759.33,1,0,1,0.509,2005.36,1020.73,1.0419,0.0,2.0,64345.21
15685844,2,26,1,2,35,518,8,141665.63,192776.64,1,0,0,0.6397,4324.97,2766.68,0.7349,0.2286,3.2,141665.63
15583090,3,22,4,3,29,581,8,0.0,46735.19,0,1,0,0.0413,200.0,8.26,0.0,0.2759,2.2,0.0
15587581,2,29,4,3,33,785,5,136624.6,169117.74,1,1,0,0.2019,4298.74,867.92,0.8079,0.1515,3.75,68312.3
15633640,1,34,2,2,52,799,4,161209.66,89081.41,1,1,0,0.6063,4961.29,3008.03,1.8097,0.0769,3.6,161209.66
15573741,3,8,2,3,38,698,10,95010.92,105227.86,1,1,0,0.1027,2975.33,305.57,0.9029,0.2632,4.5,95010.92
15633574,1,28,2,2,41,730,4,167545.32,128246.81,0,1,0,0.5096,5151.36,2625.13,1.3064,0.0976,1.6,167545.32
15711455,2,29,1,1,36,740,4,109044.6,94554.74,0,0,1,0.6758,3346.34,2261.46,1.1532,0.1111,0.6,109044.6
15570601,1,34,2,1,47,785,9,122031.55,33823.5,1,1,1,0.7105,3785.95,2689.92,3.6078,0.1915,4.35,122031.55
15690925,3,21,2,2,29,527,2,27755.97,97468.44,0,1,1,0.5177,957.68,495.79,0.2848,0.069,1.3,27755.97
15709338,1,21,2,3,29,544,1,118560.55,164137.36,1,1,0,0.153,3681.82,563.32,0.7223,0.0345,3.15,118560.55
15780746,1,18,4,3,61,705,4,0.0,191313.7,1,1,0,0.145,200.0,29.0,0.0,0.0656,3.6,0.0
15681956,1,8,4,3,34,684,9,0.0,65257.57,1,1,0,0.0215,200.0,4.3,0.0,0.2647,4.35,0.0
15778190,3,22,2,3,28,639,8,97840.72,178222.77,1,1,0,0.256,3060.22,783.42,0.549,0.2857,4.2,97840.72
15786852,2,26,4,3,38,565,2,158651.29,179445.28,1,1,0,0.2375,4959.54,1177.89,0.8841,0.0526,3.3,79325.64
15726494,1,6,2,1,44,481,9,175303.06,65500.53,0,1,1,0.712,5384.09,3833.47,2.6763,0.2045,2.35,175303.06
15641183,3,3,2,3,25,731,8,96950.21,97877.92,0,1,0,0.1717,3033.51,520.85,0.9905,0.32,2.2,96950.21
15805312,1,12,1,2,45,607,7,123859.6,113051.57,1,0,0,0.5311,3790.79,2013.29,1.0956,0.1556,3.05,123859.6
15636572,1,29,4,3,32,760,7,0.0,105969.05,1,1,0,0.0692,200.0,13.84,0.0,0.2188,4.05,0.0
15632575,1,36,2,2,70,559,9,0.0,122996.76,1,1,0,0.3833,125.0,47.91,0.0,0.1286,4.35,0.0
15740164,1,28,2,3,33,715,3,85227.84,68087.15,1,1,0,0.1971,2681.84,528.59,1.2517,0.0909,3.45,85227.84
15574947,1,7,3,3,36,656,8,97786.08,21478.36,1,0,0,0.1578,3083.58,486.59,4.5526,0.2222,3.2,48893.04
15597909,2,7,2,2,33,652,7,128135.99,158437.73,0,1,0,0.495,3969.08,1964.69,0.8087,0.2121,2.05,128135.99
15782574,3,7,3,3,33,624,6,0.0,76551.7,0,0,0,0.0668,150.0,10.02,0.0,0.1818,0.9,0.0
15734999,3,7,2,3,36,634,2,85996.19,15887.68,0,1,0,0.2637,2704.89,713.28,5.4124,0.0556,1.3,85996.19
15706593,3,35,4,2,50,850,10,0.0,33741.84,1,1,0,0.3614,200.0,72.28,0.0,0.2,4.5,0.0
15766686,2,27,2,1,39,659,1,104502.11,20652.69,0,1,0,0.8264,3260.06,2694.11,5.0597,0.0256,1.15,104502.11
15590268,3,6,2,3,35,529,5,95772.97,112781.5,1,1,0,0.1584,2998.19,474.91,0.8492,0.1429,3.75,95772.97
15763055,3,6,1,3,31,572,5,98108.79,119996.95,1,0,0,0.1553,3018.26,468.74,0.8176,0.1613,2.75,98108.79
15664754,2,7,7,1,39,640,9,131607.28,6981.43,1,0,1,0.987,4248.22,4192.99,18.8483,0.2308,3.35,32901.82
15643630,3,14,4,1,55,770,9,63127.41,185211.28,0,1,1,0.7704,2093.82,1613.08,0.3408,0.1636,2.35,31563.7
15641043,3,7,4,3,35,648,7,0.0,78436.36,1,1,0,0.0369,200.0,7.38,0.0,0.2,4.05,0.0
15768095,1,6,1,3,31,579,9,0.0,139048.0,1,0,0,0.2473,75.0,18.55,0.0,0.2903,3.35,0.0
15811314,2,27,4,3,36,589,9,140355.56,136329.96,0,1,0,0.3387,4410.67,1493.89,1.0295,0.25,2.35,70177.78
15669922,3,26,4,3,36,530,2,0.0,14721.8,1,1,0,0.104,200.0,20.8,0.0,0.0556,3.3,0.0
15707114,1,10,3,3,30,831,2,0.0,3430.38,1,0,0,0.0234,150.0,3.51,0.0,0.0667,2.3,0.0
15670602,2,4,1,3,24,790,7,107418.27,160450.21,1,0,0,0.2903,3297.55,957.28,0.6695,0.2917,3.05,107418.27
15713479,1,7,4,3,35,656,6,0.0,1485.27,0,1,0,0.0643,200.0,12.86,0.0,0.1714,1.9,0.0
15663830,3,6,4,3,32,563,6,0.0,19720.08,1,1,0,0.0476,200.0,9.52,0.0,0.1875,3.9,0.0
15566958,3,7,2,3,39,667,7,167557.12,41183.02,1,1,0,0.2003,5151.71,1031.89,4.0685,0.1795,4.05,167557.12
15680918,3,7,2,3,34,613,8,117300.02,139410.08,0,1,0,0.2613,3644.0,952.18,0.8414,0.2353,2.2,117300.02
15663921,1,16,4,3,60,429,7,0.0,163691.48,1,1,0,0.132,200.0,26.4,0.0,0.1167,4.05,0.0
15716324,1,22,2,3,23,665,9,143672.9,115147.33,1,1,0,0.1393,4435.19,617.82,1.2477,0.3913,4.35,143672.9
15796969,1,8,4,3,33,731,4,0.0,74945.11,1,1,0,0.0374,200.0,7.48,0.0,0.1212,3.6,0.0
15574783,1,27,4,3,37,584,1,0.0,180363.56,1,1,0,0.087,200.0,17.4,0.0,0.027,3.15,0.0
15773487,2,27,1,2,31,634,8,76798.92,196021.73,0,0,0,0.4047,2378.97,962.77,0.3918,0.2581,1.2,76798.92
15802486,1,6,4,3,34,488,3,0.0,125979.36,1,1,0,0.0343,200.0,6.86,0.0,0.0882,3.45,0.0
15783398,3,31,2,1,49,535,7,115309.75,111421.77,0,1,0,0.784,3584.29,2810.08,1.0349,0.1429,2.05,115309.75
15649418,1,24,4,3,29,776,7,178171.04,115818.51,1,1,0,0.2074,5545.13,1150.06,1.5384,0.2414,4.05,89085.52
15604588,3,30,3,3,38,850,3,0.0,179360.76,1,0,0,0.0841,150.0,12.61,0.0,0.0789,2.45,0.0
15735428,3,28,3,3,37,673,0,0.0,82351.06,0,0,0,0.1954,150.0,29.31,0.0,0.0,0.0,0.0
15629078,2,35,2,1,45,850,5,127258.79,192744.23,1,1,1,0.7492,3942.76,2953.92,0.6602,0.1111,3.75,127258.79
15806880,3,27,2,3,30,627,6,0.0,113408.47,1,1,0,0.3401,125.0,42.51,0.0,0.2,3.9,0.0
15754999,1,26,2,3,33,570,8,0.0,124641.42,1,1,0,0.3152,125.0,39.4,0.0,0.2424,4.2,0.0
15781034,3,19,3,3,67,796,5,0.0,54871.02,1,0,0,0.0682,150.0,10.23,0.0,0.0746,2.75,0.0
15622017,3,29,2,3,33,773,10,0.0,98820.09,1,1,0,0.3323,125.0,41.54,0.0,0.303,4.5,0.0
15705885,3,9,4,3,36,752,2,0.0,45570.84,1,1,0,0.0345,200.0,6.9,0.0,0.0556,3.3,0.0
15677382,3,37,2,3,69,625,1,107569.96,182336.45,1,1,0,0.3242,3352.1,1086.75,0.5899,0.0145,3.15,107569.96
15566843,2,1,2,3,20,535,9,134874.4,118825.56,1,1,0,0.2117,4171.23,883.05,1.1351,0.45,4.35,134874.4
15608387,1,24,4,3,29,786,4,0.0,103372.79,0,1,0,0.0943,200.0,18.86,0.0,0.1379,1.6,0.0
15810786,1,37,4,3,67,620,3,0.0,43486.73,1,1,0,0.0895,200.0,17.9,0.0,0.0448,3.45,0.0
15626983,3,32,4,3,48,605,6,0.0,40062.99,1,1,0,0.1864,200.0,37.28,0.0,0.125,3.9,0.0
15773605,3,28,4,3,32,670,3,0.0,46175.7,0,1,0,0.1327,200.0,26.54,0.0,0.0938,1.45,0.0
15811261,3,7,2,2,42,617,0,70105.87,120830.73,1,1,0,0.4037,2228.18,899.52,0.5802,0.0,3.0,70105.87
15590606,1,7,4,3,41,595,9,0.0,5967.09,0,1,0,0.0808,200.0,16.16,0.0,0.2195,2.35,0.0
15576644,2,23,2,2,29,687,4,78939.15,122134.56,0,1,1,0.4305,2493.17,1073.31,0.6463,0.1379,1.6,78939.15
15750264,2,9,4,3,30,757,6,105128.85,62972.13,1,1,0,0.1505,3353.87,504.76,1.6694,0.2,3.9,52564.42
15741554,3,9,2,3,31,746,2,113836.27,174815.54,1,1,0,0.1414,3540.09,500.57,0.6512,0.0645,3.3,113836.27
15769051,3,1,1,3,25,503,7,0.0,192841.13,1,0,0,0.2759,75.0,20.69,0.0,0.28,3.05,0.0
15812198,2,11,1,1,48,543,1,100900.5,33310.72,0,0,1,0.915,3102.02,2838.35,3.029,0.0208,0.15,100900.5
15699772,2,26,4,2,40,428,3,129248.11,72876.43,0,1,1,0.5171,4077.44,2108.44,1.7735,0.075,1.45,64624.06
15744105,1,24,3,3,28,768,3,109118.05,50911.41,1,0,0,0.2662,3423.54,911.35,2.1433,0.1071,2.45,54559.02
15739858,1,12,2,1,56,618,7,0.0,142400.27,1,1,1,0.6858,125.0,85.72,0.0,0.125,4.05,0.0
15723720,1,27,3,3,31,591,7,0.0,48778.46,1,0,0,0.0801,150.0,12.02,0.0,0.2258,3.05,0.0
15638355,1,27,1,2,35,658,5,126397.66,156361.58,0,0,1,0.4347,3866.93,1680.95,0.8084,0.1429,0.75,126397.66
15805637,1,7,6,1,36,625,9,108546.16,133807.77,0,1,1,0.9765,3531.38,3448.39,0.8112,0.25,2.35,36182.05
15629575,1,8,2,3,36,717,2,148061.89,179128.69,0,1,1,0.3492,4566.86,1594.75,0.8266,0.0556,1.3,148061.89
15586243,1,7,2,2,44,667,8,122277.87,91810.71,1,1,0,0.3606,3793.34,1367.88,1.3318,0.1818,4.2,122277.87
15757931,1,5,4,3,24,804,3,0.0,173195.33,0,1,0,0.0314,200.0,6.28,0.0,0.125,1.45,0.0
15716023,1,8,3,3,31,693,1,0.0,182270.88,1,0,0,0.0388,150.0,5.82,0.0,0.0323,2.15,0.0
15647782,2,8,4,3,36,729,8,152899.24,177130.33,0,1,0,0.1993,4786.98,954.05,0.8632,0.2222,2.2,76449.62
15716609,2,11,1,1,54,484,3,134388.11,49954.79,0,0,1,0.9513,4106.64,3906.65,2.6901,0.0556,0.45,134388.11
15623791,3,27,2,2,40,632,3,109740.62,141896.74,0,1,0,0.6014,3417.22,2055.12,0.7734,0.075,1.45,109740.62
15627262,2,1,4,3,23,536,6,92366.72,120661.71,0,1,0,0.1831,2971.0,543.99,0.7655,0.2609,1.9,46183.36
15652693,1,21,1,3,26,573,4,129109.02,149814.68,0,0,1,0.3127,3948.27,1234.62,0.8618,0.1538,0.6,129109.02
15586993,3,32,4,3,56,655,5,0.0,41782.7,1,1,0,0.225,200.0,45.0,0.0,0.0893,3.75,0.0
15815560,2,17,2,3,74,666,7,105102.5,46172.47,1,1,0,0.1013,3278.08,332.07,2.2763,0.0946,4.05,105102.5
15584930,2,8,4,3,30,726,5,111375.32,2704.09,0,1,0,0.2188,3541.26,774.83,41.1725,0.1667,1.75,55687.66
15799031,1,6,4,3,39,523,3,0.0,6726.53,0,1,0,0.0947,200.0,18.94,0.0,0.0769,1.45,0.0
15810457,2,28,4,3,33,728,9,150412.14,170764.08,0,1,0,0.1862,4712.36,877.44,0.8808,0.2727,2.35,75206.07
15697879,1,8,4,3,30,701,3,156660.72,45742.42,0,1,0,0.1857,4899.82,909.9,3.4248,0.1,1.45,78330.36
15594902,1,6,1,3,38,518,3,90957.81,162304.59,1,0,0,0.2426,2803.73,680.18,0.5604,0.0789,2.45,90957.81
15799710,1,8,1,3,37,739,7,104960.46,80883.82,1,0,0,0.1996,3223.81,643.47,1.2977,0.1892,3.05,104960.46
15659651,2,26,2,2,31,531,7,117052.82,118508.09,0,1,1,0.6219,3636.58,2261.59,0.9877,0.2258,2.05,117052.82
15645956,3,6,2,2,44,452,3,88915.85,69697.74,0,1,0,0.5648,2792.48,1577.19,1.2757,0.0682,1.45,88915.85
15651713,1,13,2,1,45,684,6,148071.39,183575.01,0,1,0,0.651,4567.14,2973.21,0.8066,0.1333,1.9,148071.39
15737265,2,8,1,2,39,728,6,152182.83,161203.6,0,0,0,0.5963,4640.48,2767.12,0.944,0.1538,0.9,152182.83
15687310,3,9,4,3,39,783,9,0.0,143752.77,0,1,0,0.0749,200.0,14.98,0.0,0.2308,2.35,0.0
15607347,1,3,1,2,22,734,5,130056.23,121894.31,0,0,1,0.3609,3976.69,1435.19,1.067,0.2273,0.75,130056.23
15698321,2,7,4,3,34,648,3,95039.73,147055.87,1,1,0,0.0862,3051.19,263.01,0.6463,0.0882,3.45,47519.86
15657812,1,13,4,3,52,688,1,0.0,172033.57,1,1,0,0.1117,200.0,22.34,0.0,0.0192,3.15,0.0
15569187,3,8,3,3,35,680,9,0.0,143774.06,0,0,0,0.0727,150.0,10.9,0.0,0.2571,1.35,0.0
15681562,1,26,4,2,43,516,2,112773.73,139366.58,1,1,0,0.4461,3583.21,1598.47,0.8092,0.0465,3.3,56386.86
15615456,1,28,2,2,37,680,10,123806.28,81776.84,0,1,1,0.425,3839.19,1631.66,1.5139,0.2703,2.5,123806.28
15589793,1,12,2,1,53,604,8,144453.75,190998.96,0,1,1,0.8858,4458.61,3949.44,0.7563,0.1509,2.2,144453.75
15781884,2,2,3,3,27,624,9,94667.29,4470.52,1,0,0,0.089,2990.02,266.11,21.1712,0.3333,3.35,47333.64
15675190,1,2,3,3,21,623,10,0.0,135851.3,1,0,0,0.029,150.0,4.35,0.0,0.4762,3.5,0.0
15600734,3,12,4,2,51,624,5,174397.21,172372.63,1,1,0,0.3712,5431.92,2016.33,1.0117,0.098,3.75,87198.6
15779176,2,31,5,1,58,565,3,108888.24,135875.51,1,0,1,0.9886,3491.65,3451.85,0.8014,0.0517,2.45,36296.08
15605286,1,11,4,2,55,565,4,118803.35,128124.7,1,1,1,0.469,3764.1,1765.36,0.9272,0.0727,3.6,59401.68
15674922,1,13,2,2,54,710,6,171137.62,167023.95,1,1,1,0.5177,5259.13,2722.65,1.0246,0.1111,3.9,171137.62
15737506,1,7,1,1,42,645,6,0.0,149807.01,0,0,0,0.7193,75.0,53.95,0.0,0.1429,0.9,0.0
15780514,1,8,2,3,33,707,8,136678.52,54290.62,0,1,0,0.294,4225.36,1242.26,2.5175,0.2424,2.2,136678.52
15623647,3,27,2,3,36,655,1,135515.76,86013.96,0,1,0,0.3067,4190.47,1285.22,1.5755,0.0278,1.15,135515.76
15668472,3,23,3,2,24,705,5,177799.83,79886.06,0,0,0,0.4813,5483.99,2639.44,2.2256,0.2083,0.75,88899.92
15692416,3,31,6,1,52,358,8,143542.36,141959.11,0,1,1,0.9967,4581.27,4566.15,1.0111,0.1538,2.2,47847.45
15771139,2,6,4,3,34,578,8,147487.23,66680.77,0,1,0,0.1885,4624.62,871.74,2.2118,0.2353,2.2,73743.62
15738318,1,30,2,2,40,800,5,97764.41,98640.15,0,1,1,0.545,3057.93,1666.57,0.9911,0.125,1.75,97764.41
15772243,1,27,1,2,33,612,9,0.0,142797.5,0,0,1,0.5648,75.0,42.36,0.0,0.2727,1.35,0.0
15638463,2,33,2,1,48,681,8,139480.18,163581.67,1,1,0,0.8322,4309.41,3586.29,0.8527,0.1667,4.2,139480.18
15598088,3,1,4,3,25,559,5,0.0,163221.22,1,1,0,0.0385,200.0,7.7,0.0,0.2,3.75,0.0
15693468,3,26,1,2,39,488,9,140553.46,12440.44,0,0,0,0.4869,4291.6,2089.58,11.2972,0.2308,1.35,140553.46
15671930,1,28,4,3,36,717,5,0.0,145551.6,1,1,0,0.1176,200.0,23.52,0.0,0.1389,3.75,0.0
15762268,1,27,2,2,41,666,10,141162.08,50908.48,0,1,0,0.5855,4359.86,2552.7,2.7728,0.2439,2.5,141162.08
15780954,3,2,4,3,26,582,4,65848.36,30149.21,0,1,0,0.1305,2175.45,283.9,2.184,0.1538,1.6,32924.18
15700174,3,28,1,3,30,733,0,83319.28,57769.2,0,0,0,0.283,2574.58,728.61,1.4423,0.0,0.0,83319.28
15635728,1,8,3,3,41,693,4,0.0,156381.47,0,0,0,0.0733,150.0,11.0,0.0,0.0976,0.6,0.0
15679283,1,28,4,3,33,694,4,129731.64,178123.86,0,1,0,0.1942,4091.95,794.66,0.7283,0.1212,1.6,64865.82
15591386,1,27,4,3,35,622,5,0.0,51112.8,0,1,0,0.1473,200.0,29.46,0.0,0.1429,1.75,0.0
15694192,3,27,3,3,38,598,6,0.0,173783.38,0,0,0,0.2317,150.0,34.75,0.0,0.1579,0.9,0.0
15585901,3,8,5,1,35,717,1,0.0,174770.14,0,0,1,0.9009,225.0,202.7,0.0,0.0286,0.15,0.0
15792329,2,6,4,3,37,494,5,107106.33,172063.09,0,1,0,0.271,3413.19,924.97,0.6225,0.1351,1.75,53553.16
15635597,1,7,4,3,33,644,8,0.0,155294.17,1,1,0,0.0189,200.0,3.78,0.0,0.2424,4.2,0.0
15775880,1,26,4,3,30,554,9,0.0,40320.3,1,1,0,0.0394,200.0,7.88,0.0,0.3,4.35,0.0
15630913,3,36,1,2,69,476,1,105303.73,134260.34,1,0,0,0.5734,3234.11,1854.44,0.7843,0.0145,2.15,105303.73
15756680,1,2,2,3,28,667,6,165798.1,147090.9,0,1,0,0.2125,5098.94,1083.52,1.1272,0.2143,1.9,165798.1
15587913,3,29,4,3,40,748,4,0.0,132368.47,0,1,0,0.1719,200.0,34.38,0.0,0.1,1.6,0.0
15737605,3,31,4,2,45,531,1,126495.57,164741.5,1,1,0,0.591,3994.87,2360.97,0.7678,0.0222,3.15,63247.78
15627876,3,33,2,1,47,719,9,116393.59,63051.32,0,1,1,0.7685,3616.81,2779.52,1.846,0.1915,2.35,116393.59
15772601,2,30,3,3,41,845,2,81733.74,199761.29,0,0,0,0.1406,2602.01,365.84,0.4092,0.0488,0.3,40866.87
15758606,1,13,1,1,54,738,4,0.0,55725.04,1,0,1,0.8502,75.0,63.76,0.0,0.0741,2.6,0.0
15657107,3,31,2,1,46,563,8,106171.68,163145.5,0,1,1,0.7798,3310.15,2581.25,0.6508,0.1739,2.2,106171.68
15622454,3,3,2,3,28,695,0,96020.86,57992.49,1,1,0,0.12,3005.63,360.68,1.6557,0.0,3.0,96020.86
15775803,3,10,3,3,41,841,1,0.0,193093.77,1,0,0,0.0365,150.0,5.48,0.0,0.0244,2.15,0.0
15570859,2,7,4,3,36,626,2,181671.16,57531.14,1,1,0,0.1377,5650.13,778.02,3.1577,0.0556,3.3,90835.58
15748381,1,22,4,3,29,613,6,185709.28,77242.19,1,1,0,0.2149,5771.28,1240.25,2.4042,0.2069,3.9,92854.64
15787189,2,20,5,1,60,824,8,134250.17,153046.16,0,0,1,0.9935,4252.51,4224.87,0.8772,0.1333,1.2,44750.06
15666055,1,33,2,1,49,705,7,0.0,63405.2,0,1,1,0.9263,125.0,115.79,0.0,0.1429,2.05,0.0
15617648,1,27,4,2,44,584,5,95671.75,106564.88,1,1,0,0.4241,3070.15,1302.05,0.8978,0.1136,3.75,47835.88
15755678,1,16,3,1,62,534,2,0.0,42763.12,0,0,1,0.65,150.0,97.5,0.0,0.0323,0.3,0.0
15624781,1,28,4,3,34,672,1,142151.75,168753.34,1,1,0,0.1113,4464.55,496.9,0.8424,0.0294,3.15,71075.88
15779497,1,7,2,2,43,603,5,127823.93,19483.35,1,1,0,0.4475,3959.72,1771.97,6.5603,0.1163,3.75,127823.93
15567399,2,7,2,1,43,633,3,144164.29,158646.46,1,1,0,0.7093,4449.93,3156.34,0.9087,0.0698,3.45,144164.29
15613656,1,15,2,2,58,842,1,63492.94,83172.19,1,1,0,0.6137,2029.79,1245.68,0.7634,0.0172,3.15,63492.94
15734311,1,22,4,3,27,661,3,0.0,76889.79,1,1,0,0.0421,200.0,8.42,0.0,0.1111,3.45,0.0
15657214,1,17,3,3,74,601,2,0.0,51554.58,1,0,0,0.0593,150.0,8.9,0.0,0.027,2.3,0.0
15799350,1,7,1,2,41,632,0,106134.46,105570.39,1,0,0,0.3508,3259.03,1143.27,1.0053,0.0,2.0,106134.46
15729970,2,3,1,2,29,684,8,127269.75,79495.01,1,0,0,0.3754,3893.09,1461.47,1.601,0.2759,3.2,127269.75
15725835,2,29,3,3,32,785,3,124493.03,52583.79,1,0,1,0.2755,3884.79,1070.26,2.3675,0.0938,2.45,62246.52
15745543,1,8,4,3,39,687,7,0.0,26848.25,0,1,0,0.0668,200.0,13.36,0.0,0.1795,2.05,0.0
15727384,2,28,1,1,43,705,10,146547.78,10072.55,1,0,1,0.7771,4471.43,3474.75,14.5478,0.2326,3.5,146547.78
15666916,1,7,4,3,43,639,6,99610.92,187296.78,0,1,0,0.2994,3188.33,954.59,0.5318,0.1395,1.9,49805.46
15732917,2,13,2,1,46,729,5,117837.43,104016.61,0,1,1,0.9067,3660.12,3318.63,1.1329,0.1087,1.75,117837.43
15612050,3,31,2,1,48,556,8,168522.37,151310.16,1,1,0,0.7042,5180.67,3648.23,1.1137,0.1667,4.2,168522.37
15726267,1,6,3,3,32,570,9,117337.54,62810.91,1,0,0,0.0893,3670.13,327.74,1.8681,0.2812,3.35,58668.77
15780124,1,20,1,3,74,841,9,108131.53,60830.38,1,0,0,0.0514,3318.95,170.59,1.7776,0.1216,3.35,108131.53
15742238,2,8,4,3,35,705,4,136496.12,116672.02,0,1,0,0.2061,4294.88,885.17,1.1699,0.1143,1.6,68248.06
15679024,1,6,2,3,32,553,3,116324.53,77304.49,0,1,0,0.2101,3614.74,759.46,1.5047,0.0938,1.45,116324.53
15715297,2,29,2,2,40,779,2,75470.23,52894.01,1,1,0,0.4273,2389.11,1020.87,1.4268,0.05,3.3,75470.23
15633612,1,3,2,3,28,696,4,172646.82,116471.43,1,1,0,0.1669,5304.4,885.3,1.4823,0.1429,3.6,172646.82
15602929,3,28,1,2,37,728,4,0.0,4539.38,0,0,0,0.5703,75.0,42.77,0.0,0.1081,0.6,0.0
15696703,2,3,4,3,27,691,3,160358.68,142367.72,0,1,0,0.0968,5010.76,485.04,1.1264,0.1111,1.45,80179.34
15756668,1,8,2,3,30,706,3,98415.37,110520.48,1,1,0,0.1453,3077.46,447.15,0.8905,0.1,3.45,98415.37
15565779,2,27,2,3,30,627,6,57809.32,188258.49,0,1,0,0.3493,1859.28,649.45,0.3071,0.2,1.9,57809.32
15795519,2,23,1,2,18,716,3,128743.8,197322.13,0,0,0,0.5707,3937.31,2247.02,0.6525,0.1667,0.45,128743.8
15761477,2,1,4,3,24,501,4,130806.42,80241.14,0,1,0,0.153,4124.19,631.0,1.6301,0.1667,1.6,65403.21
15731890,1,7,1,3,41,601,1,123971.16,172814.99,1,0,0,0.3338,3794.13,1266.48,0.7174,0.0244,2.15,123971.16
15633043,3,26,1,1,39,545,6,0.0,38410.74,0,0,1,0.6926,75.0,51.94,0.0,0.1538,0.9,0.0
15752953,1,12,3,3,45,634,9,0.0,17622.82,0,0,0,0.2323,150.0,34.84,0.0,0.2,1.35,0.0
15603088,3,21,3,3,23,451,9,0.0,48021.71,1,0,0,0.0791,150.0,11.86,0.0,0.3913,3.35,0.0
15606613,1,32,2,1,59,655,7,0.0,88958.49,0,1,1,0.962,125.0,120.25,0.0,0.1186,2.05,0.0
15635939,1,26,4,3,39,458,9,0.0,116343.09,0,1,0,0.1732,200.0,34.64,0.0,0.2308,2.35,0.0
15666043,1,6,4,3,33,520,4,156297.58,166102.61,1,1,0,0.1753,4888.93,857.03,0.941,0.1212,3.6,78148.79
15746190,3,22,3,3,28,624,2,0.0,104353.26,1,0,0,0.0947,150.0,14.21,0.0,0.0714,2.3,0.0
15591357,1,14,2,2,51,765,3,123372.3,115429.32,1,1,0,0.5698,3826.17,2180.15,1.0688,0.0588,3.45,123372.3
15658716,2,27,6,1,37,667,5,92171.35,178106.34,0,1,1,0.961,3040.14,2921.57,0.5175,0.1351,1.75,30723.78
15679909,3,7,4,3,41,665,8,0.0,132152.32,0,1,0,0.0847,200.0,16.94,0.0,0.1951,2.2,0.0
15634262,2,8,4,3,34,709,4,148375.19,21521.38,1,1,0,0.1512,4651.26,703.27,6.894,0.1176,3.6,74187.6
15799825,1,27,4,3,44,583,8,0.0,27431.62,1,1,0,0.2304,200.0,46.08,0.0,0.1818,4.2,0.0
15756875,3,9,1,3,34,782,6,147422.44,42143.61,1,0,0,0.1507,4497.67,677.8,3.498,0.1765,2.9,147422.44
15678146,3,22,1,2,24,668,7,173962.32,106457.11,0,0,1,0.5477,5293.87,2899.45,1.6341,0.2917,1.05,173962.32
15710743,1,12,2,1,47,621,0,0.0,133831.37,1,1,1,0.8077,125.0,100.96,0.0,0.0,3.0,0.0
15595831,2,36,2,2,64,579,6,145215.43,164083.72,1,1,0,0.6414,4481.46,2874.41,0.885,0.0938,3.9,145215.43
15626684,1,26,1,2,38,547,5,167539.97,159207.34,1,0,0,0.3634,5101.2,1853.78,1.0523,0.1316,2.75,167539.97
15709846,1,30,2,2,39,840,1,94968.97,84487.62,0,1,0,0.4109,2974.07,1222.05,1.124,0.0256,1.15,94968.97
15635459,2,22,4,3,27,667,3,106116.5,3674.71,0,1,0,0.1436,3383.5,485.87,28.8697,0.1111,1.45,53058.25
15642544,1,8,3,3,34,723,5,0.0,12092.03,1,0,0,0.0513,150.0,7.69,0.0,0.1471,2.75,0.0
15566494,1,11,4,3,45,487,2,0.0,77475.73,0,1,0,0.2641,200.0,52.82,0.0,0.0444,1.3,0.0
15655238,1,27,3,3,31,668,9,0.0,41291.73,0,0,0,0.0524,150.0,7.86,0.0,0.2903,1.35,0.0
15733429,2,6,4,3,34,520,8,120018.86,343.38,1,1,0,0.1134,3800.57,430.98,348.5071,0.2353,4.2,60009.43
15814536,1,6,3,3,37,549,2,112541.54,47432.43,0,0,0,0.233,3526.25,821.62,2.3726,0.0541,0.3,56270.77
15771702,1,26,4,3,35,567,5,166118.45,127827.18,0,1,0,0.3102,5183.55,1607.94,1.2995,0.1429,1.75,83059.23
15723008,1,33,4,2,45,720,1,102882.4,35633.15,1,1,1,0.5418,3286.47,1780.61,2.8872,0.0222,3.15,51441.2
15797160,1,31,2,1,49,492,8,0.0,182865.09,1,1,1,0.7782,125.0,97.28,0.0,0.1633,4.2,0.0
15792222,1,28,3,2,37,712,1,106881.5,169386.81,0,0,0,0.3675,3356.44,1233.49,0.631,0.027,0.15,53440.75
15644765,2,3,1,2,26,689,4,120727.97,149073.88,1,0,0,0.3582,3696.84,1324.21,0.8098,0.1538,2.6,120727.97
15610686,1,20,1,1,63,850,8,169832.57,184107.26,0,0,1,0.9353,5169.98,4835.48,0.9225,0.127,1.2,169832.57
15730868,1,9,4,3,41,747,5,0.0,22750.17,1,1,0,0.0496,200.0,9.92,0.0,0.122,3.75,0.0
15705991,2,6,1,1,38,469,9,113599.42,11950.29,0,0,0,0.7336,3482.98,2555.11,9.5052,0.2368,1.35,113599.42
15577078,3,6,2,2,38,539,6,0.0,152880.07,1,1,1,0.4139,125.0,51.74,0.0,0.1579,3.9,0.0
15679550,1,9,4,3,32,743,9,0.0,175252.78,0,1,0,0.0174,200.0,3.48,0.0,0.2812,2.35,0.0
15787655,1,13,4,3,47,707,3,0.0,174303.29,0,1,0,0.2568,200.0,51.36,0.0,0.0638,1.45,0.0
15668081,3,32,4,3,50,581,4,0.0,80701.72,1,1,0,0.2514,200.0,50.28,0.0,0.08,3.6,0.0
15747980,3,8,4,3,38,737,6,146282.79,198516.2,0,1,0,0.1374,4588.48,630.46,0.7369,0.1579,1.9,73141.4
15710295,2,26,4,2,38,445,6,119413.62,175756.36,0,1,0,0.4905,3782.41,1855.27,0.6794,0.1579,1.9,59706.81
15724443,2,23,1,2,29,703,3,122084.63,82824.08,1,0,0,0.5202,3737.54,1944.27,1.474,0.1034,2.45,122084.63
15571305,2,27,2,1,35,588,1,103060.63,179866.01,0,1,1,0.6889,3216.82,2216.07,0.573,0.0286,1.15,103060.63
15569503,1,9,4,3,44,765,6,0.0,159899.97,1,1,0,0.0822,200.0,16.44,0.0,0.1364,3.9,0.0
15581840,1,7,4,3,33,626,8,0.0,138504.28,0,1,0,0.0447,200.0,8.94,0.0,0.2424,2.2,0.0
15772262,2,6,2,2,37,545,9,110483.86,127394.67,1,1,0,0.4115,3439.52,1415.36,0.8672,0.2432,4.35,110483.86
15767794,1,9,2,3,31,744,9,120718.28,58961.49,1,1,0,0.1364,3746.55,511.03,2.0474,0.2903,4.35,120718.28
15629338,3,27,2,2,31,658,2,36566.96,103644.98,0,1,1,0.5722,1222.01,699.23,0.3528,0.0645,1.3,36566.96
15790379,2,2,2,2,28,629,8,108601.0,119647.7,1,1,0,0.3723,3383.03,1259.5,0.9077,0.2857,4.2,108601.0
15750684,1,28,2,1,42,719,4,0.0,28465.86,0,1,1,0.7857,125.0,98.21,0.0,0.0952,1.6,0.0
15697214,3,28,4,3,36,686,5,0.0,152979.14,1,1,0,0.1038,200.0,20.76,0.0,0.1389,3.75,0.0
15711015,1,9,4,3,36,743,4,0.0,190911.02,1,1,0,0.0397,200.0,7.94,0.0,0.1111,3.6,0.0
15573309,3,32,4,3,48,626,2,0.0,95794.98,1,1,0,0.1767,200.0,35.34,0.0,0.0417,3.3,0.0
15805303,2,7,2,1,44,661,1,141136.62,189742.78,0,1,1,0.8411,4359.1,3666.44,0.7438,0.0227,1.15,141136.62
15741385,2,13,2,1,45,710,9,108231.37,188574.08,1,1,0,0.751,3371.94,2532.33,0.5739,0.2,4.35,108231.37
15780254,1,7,1,1,40,654,6,0.0,183872.88,0,0,1,0.7426,75.0,55.7,0.0,0.15,0.9,0.0
15744843,3,26,1,3,34,569,6,144855.34,196555.32,0,0,0,0.3247,4420.66,1435.39,0.737,0.1765,0.9,144855.34
15815626,1,17,4,3,63,640,2,68432.45,112503.24,1,1,1,0.278,2252.97,626.33,0.6083,0.0317,3.3,34216.22
15784736,1,11,2,1,45,562,6,136855.24,46864.0,0,1,0,0.6906,4230.66,2921.69,2.9202,0.1333,1.9,136855.24
15813412,1,33,2,1,55,721,3,44020.89,65864.4,0,1,1,0.9306,1445.63,1345.3,0.6683,0.0545,1.45,44020.89
15809143,2,6,2,3,32,456,9,133060.63,125167.92,1,1,0,0.2316,4116.82,953.46,1.063,0.2812,4.35,133060.63
15617617,3,10,4,3,39,811,7,0.0,177519.39,1,1,0,0.0292,200.0,5.84,0.0,0.1795,4.05,0.0
15779738,1,1,2,3,24,534,1,0.0,169653.32,1,1,0,0.2049,125.0,25.61,0.0,0.0417,3.15,0.0
15668669,1,26,2,2,36,423,5,97665.61,118372.55,0,1,1,0.5798,3054.97,1771.27,0.8251,0.1389,1.75,97665.61
15687477,2,2,2,2,28,594,5,185013.02,16481.12,0,1,0,0.4043,5675.39,2294.56,11.2251,0.1786,1.75,185013.02
15578908,3,28,4,3,32,725,0,0.0,138525.19,1,1,0,0.1784,200.0,35.68,0.0,0.0,3.0,0.0
15687658,1,33,4,1,52,716,7,65971.61,14608.0,0,1,1,0.8392,2179.15,1828.74,4.5158,0.1346,2.05,32985.8
15615020,2,27,3,3,41,595,9,150463.11,81548.38,1,0,0,0.3168,4663.89,1477.52,1.8451,0.2195,3.35,75231.55
15608886,1,28,3,3,33,679,1,0.0,69608.48,0,0,0,0.0892,150.0,13.38,0.0,0.0303,0.15,0.0
15602551,3,7,4,3,39,667,9,0.0,68873.8,0,1,0,0.0823,200.0,16.46,0.0,0.2308,2.35,0.0
15672945,1,27,2,3,37,661,5,136425.18,81102.81,0,1,0,0.348,4217.76,1467.78,1.6821,0.1351,1.75,136425.18
15757408,3,7,5,1,38,655,3,250898.09,81054.0,1,0,1,0.9855,7751.94,7639.54,3.0954,0.0789,2.45,83632.7
15806132,1,11,2,2,55,555,4,146798.81,74149.77,1,1,0,0.5785,4528.96,2620.0,1.9797,0.0727,3.6,146798.81
15813022,3,16,3,2,70,531,1,0.0,99503.19,0,0,0,0.5546,150.0,83.19,0.0,0.0143,0.15,0.0
15673578,2,27,4,2,40,611,7,128486.91,10109.47,0,1,0,0.4291,4054.61,1739.83,12.7083,0.175,2.05,64243.46
15757916,1,27,4,3,38,600,9,0.0,58855.85,1,1,0,0.1434,200.0,28.68,0.0,0.2368,4.35,0.0
15689168,3,6,3,3,37,531,1,143407.29,84402.46,1,0,0,0.2451,4452.22,1091.24,1.6991,0.027,2.15,71703.64
15769216,1,27,2,1,43,601,2,0.0,49713.87,0,1,1,0.781,125.0,97.62,0.0,0.0465,1.3,0.0
15593295,1,11,2,2,57,548,6,76165.65,133537.53,1,1,0,0.4815,2409.97,1160.4,0.5704,0.1053,3.9,76165.65
15804814,1,9,4,3,40,759,4,0.0,124615.59,0,1,0,0.0663,200.0,13.26,0.0,0.1,1.6,0.0
15778934,3,33,3,3,49,678,8,0.0,98090.69,1,0,0,0.2451,150.0,36.76,0.0,0.1633,3.2,0.0
15802351,2,29,4,3,33,755,6,90560.3,42607.69,1,1,0,0.205,2916.81,597.95,2.1254,0.1818,3.9,45280.15
15630241,1,17,2,1,61,594,3,62391.22,192434.11,1,1,0,0.7099,1996.74,1417.49,0.3242,0.0492,3.45,62391.22
15719561,1,9,5,2,42,768,5,0.0,60686.4,0,0,0,0.6144,225.0,138.24,0.0,0.119,0.75,0.0
15615096,1,26,4,3,31,492,7,0.0,49463.44,1,1,0,0.0696,200.0,13.92,0.0,0.2258,4.05,0.0
15659931,2,32,2,1,55,637,1,123378.2,81431.99,0,1,1,0.978,3826.35,3742.17,1.5151,0.0182,1.15,123378.2
15714586,3,27,1,2,42,646,3,99836.47,22909.56,1,0,0,0.5039,3070.09,1547.02,4.3577,0.0714,2.45,99836.47
15634949,2,17,4,3,74,593,5,161434.36,65532.17,1,1,0,0.1154,5043.03,581.97,2.4634,0.0676,3.75,80717.18
15589224,3,7,3,3,41,596,5,0.0,141053.85,1,0,0,0.0551,150.0,8.26,0.0,0.122,2.75,0.0
15795990,2,33,2,1,48,722,10,138311.76,3472.63,1,1,1,0.8521,4274.35,3642.17,39.8176,0.2083,4.5,138311.76
15603216,1,2,4,3,25,642,7,0.0,102083.78,0,1,0,0.016,200.0,3.2,0.0,0.28,2.05,0.0
15631201,3,21,4,3,28,472,4,0.0,1801.77,0,1,0,0.114,200.0,22.8,0.0,0.1429,1.6,0.0
15686255,2,8,1,2,35,738,6,101744.84,85185.44,0,0,0,0.5786,3127.35,1809.48,1.1944,0.1714,0.9,101744.84
15746594,3,8,2,2,33,732,8,0.0,119882.7,0,1,0,0.4502,125.0,56.28,0.0,0.2424,2.2,0.0
15718893,2,31,2,1,54,404,4,125456.07,83715.66,0,1,1,0.9766,3888.68,3797.68,1.4986,0.0741,1.6,125456.07
15671609,1,8,4,3,44,701,7,0.0,23425.78,0,1,0,0.1378,200.0,27.56,0.0,0.1591,2.05,0.0
15652540,1,8,3,3,31,683,2,0.0,77326.78,1,0,0,0.0418,150.0,6.27,0.0,0.0645,2.3,0.0
15774857,1,21,4,3,27,460,7,0.0,156150.08,0,1,1,0.1316,200.0,26.32,0.0,0.2593,2.05,0.0
15791836,1,3,4,3,29,690,5,0.0,108577.97,0,1,0,0.0532,200.0,10.64,0.0,0.1724,1.75,0.0
15651554,2,32,2,1,54,618,4,118449.21,133573.29,1,1,1,0.8898,3678.48,3273.11,0.8868,0.0741,3.6,118449.21
15583576,1,8,1,3,30,671,2,0.0,102057.86,1,0,0,0.2894,75.0,21.7,0.0,0.0667,2.3,0.0
15732740,3,29,1,2,32,765,9,178095.55,47247.56,0,0,0,0.5209,5417.87,2822.17,3.7693,0.2812,1.35,178095.55
15723320,2,22,4,3,25,651,2,109175.14,114566.47,0,1,0,0.1711,3475.25,594.62,0.9529,0.08,1.3,54587.57
15603851,1,8,7,1,32,704,7,127785.17,184464.7,0,0,1,0.9327,4133.56,3855.37,0.6927,0.2188,1.05,31946.29
15777923,1,31,3,3,45,544,6,0.0,151401.33,1,0,0,0.2806,150.0,42.09,0.0,0.1333,2.9,0.0
15735719,1,29,4,3,40,790,9,0.0,70607.1,1,1,0,0.1449,200.0,28.98,0.0,0.225,4.35,0.0
15703482,2,8,4,3,34,710,9,134260.36,147074.67,0,1,0,0.1227,4227.81,518.75,0.9129,0.2647,2.35,67130.18
15605835,1,9,3,3,37,743,8,69143.91,105780.18,1,0,0,0.2031,2224.32,451.76,0.6537,0.2162,3.2,34571.96
15664881,1,8,2,3,34,702,4,100054.77,109496.45,0,1,0,0.2373,3126.64,741.95,0.9138,0.1176,1.6,100054.77
15757568,1,33,2,1,45,704,6,0.0,137739.45,1,1,0,0.6796,125.0,84.95,0.0,0.1333,3.9,0.0
15792660,1,7,2,3,38,614,2,116248.88,105140.92,0,1,0,0.3179,3612.47,1148.4,1.1056,0.0526,1.3,116248.88
15599722,3,27,4,2,43,609,6,86053.52,113276.46,1,1,1,0.4538,2781.61,1262.29,0.7597,0.1395,3.9,43026.76
15726354,1,28,2,2,32,688,6,123157.95,172531.23,0,1,0,0.3598,3819.74,1374.34,0.7138,0.1875,1.9,123157.95
15610355,1,8,2,2,44,713,1,63438.91,64375.4,0,1,0,0.6467,2028.17,1311.62,0.9854,0.0227,1.15,63438.91
15704284,2,13,2,1,57,736,9,95295.39,28434.44,0,1,1,0.9593,2983.86,2862.42,3.3513,0.1579,2.35,95295.39
15621893,1,3,2,3,18,727,4,133550.67,46941.41,1,1,0,0.1002,4131.52,413.98,2.845,0.2222,3.6,133550.67
15588219,1,30,4,3,38,850,1,106871.81,29333.01,0,1,0,0.2095,3406.15,713.59,3.6433,0.0263,1.15,53435.9
15688619,3,13,4,3,45,718,3,105266.32,193724.51,1,1,0,0.183,3357.99,614.51,0.5434,0.0667,3.45,52633.16
15765518,1,32,2,1,51,643,2,105229.53,34967.75,0,1,1,0.8766,3281.89,2876.9,3.0092,0.0392,1.3,105229.53
15616931,1,7,2,2,41,653,8,102768.42,55663.85,0,1,0,0.5133,3208.05,1646.69,1.8462,0.1951,2.2,102768.42
15758372,1,3,4,3,18,674,7,0.0,55753.12,1,1,1,0.0256,200.0,5.12,0.0,0.3889,4.05,0.0
15782591,1,8,2,3,35,690,6,112689.95,176962.31,0,1,0,0.2407,3505.7,843.82,0.6368,0.1714,1.9,112689.95
15612109,1,10,4,3,38,819,9,122334.26,181507.44,1,1,0,0.0614,3870.03,237.62,0.674,0.2368,4.35,61167.13
15613712,3,7,4,3,34,634,1,0.0,61995.57,0,1,0,0.0641,200.0,12.82,0.0,0.0294,1.15,0.0
15639322,3,7,4,3,33,633,4,137847.41,98349.13,0,1,0,0.2358,4335.42,1022.29,1.4016,0.1212,1.6,68923.7
15594349,1,15,1,2,49,850,5,122486.47,59748.19,1,0,0,0.5636,3749.59,2113.27,2.05,0.102,2.75,122486.47
15574167,1,7,2,3,33,665,2,101286.11,159840.51,1,1,0,0.0824,3163.58,260.68,0.6337,0.0606,3.3,101286.11
15811842,3,2,4,3,26,630,7,0.0,6656.64,1,1,0,0.0293,200.0,5.86,0.0,0.2692,4.05,0.0
15648794,3,15,2,1,57,836,4,101247.06,37141.62,0,1,1,0.9183,3162.41,2904.04,2.7259,0.0702,1.6,101247.06
15771211,1,7,1,3,38,668,10,86977.96,37094.75,1,0,0,0.1603,2684.34,430.3,2.3447,0.2632,3.5,86977.96
15588614,1,14,2,1,57,753,7,0.0,159475.08,0,1,1,0.9585,125.0,119.81,0.0,0.1228,2.05,0.0
15630698,1,34,1,1,55,745,9,110123.59,51548.14,1,0,1,0.6892,3378.71,2328.61,2.1363,0.1636,3.35,110123.59
15694200,1,8,1,2,36,693,8,178111.82,58719.63,0,0,1,0.5845,5418.35,3167.03,3.0332,0.2222,1.2,178111.82
15721426,2,17,5,1,65,606,10,126306.64,7861.68,0,0,1,0.9927,4014.2,3984.9,16.0641,0.1538,1.5,42102.21
15725997,1,27,2,2,35,660,6,100768.77,19199.61,0,1,0,0.3985,3148.06,1254.5,5.2482,0.1714,1.9,100768.77
15762138,1,7,4,3,42,608,5,0.0,178504.29,0,1,0,0.0897,200.0,17.94,0.0,0.119,1.75,0.0
15750649,1,29,4,3,44,744,3,0.0,189016.14,1,1,0,0.1636,200.0,32.72,0.0,0.0682,3.45,0.0
15685706,1,28,2,2,40,731,7,118991.79,156048.64,1,1,0,0.3635,3694.75,1343.04,0.7625,0.175,4.05,118991.79
15641835,1,18,1,3,72,683,3,140997.26,52876.41,1,0,0,0.1187,4304.92,510.99,2.6665,0.0417,2.45,140997.26
15586821,1,3,3,3,28,727,5,0.0,19653.08,1,0,0,0.0465,150.0,6.98,0.0,0.1786,2.75,0.0
15569678,2,6,2,2,32,561,6,166824.59,139451.98,0,1,0,0.4262,5129.74,2186.3,1.1963,0.1875,1.9,166824.59
15793842,1,28,2,3,34,700,2,76322.69,128136.29,0,1,0,0.2567,2414.68,619.85,0.5956,0.0588,1.3,76322.69
15667554,1,7,4,3,35,605,6,0.0,45206.57,1,1,0,0.0402,200.0,8.04,0.0,0.1714,3.9,0.0
15794479,3,19,2,3,77,767,8,149083.7,190146.83,1,1,0,0.0213,4597.51,97.93,0.784,0.1039,4.2,149083.7
15585041,1,6,3,3,33,511,7,0.0,158313.87,1,0,0,0.0402,150.0,6.03,0.0,0.2121,3.05,0.0
15780650,1,7,2,3,40,667,9,0.0,96670.2,1,1,0,0.3121,125.0,39.01,0.0,0.225,4.35,0.0
15780846,1,9,3,3,33,787,1,126588.81,62163.53,1,0,0,0.164,3947.66,647.42,2.0364,0.0303,2.15,63294.4
15805260,2,33,2,1,56,705,2,143249.67,88428.41,0,1,1,0.9613,4422.49,4251.34,1.6199,0.0357,1.3,143249.67
15621629,2,9,4,3,43,773,8,81844.91,35908.46,1,1,0,0.1946,2655.35,516.73,2.2792,0.186,4.2,40922.46
15662151,1,6,1,2,40,554,4,0.0,168780.04,1,0,0,0.5937,75.0,44.53,0.0,0.1,2.6,0.0
15747174,2,11,4,3,58,526,9,190298.89,191263.76,1,1,0,0.2319,5908.97,1370.29,0.995,0.1552,4.35,95149.44
15651585,2,7,2,2,35,661,2,117212.18,83052.03,1,1,0,0.4306,3641.37,1567.97,1.4113,0.0571,3.3,117212.18
15649738,1,33,4,3,46,698,0,0.0,125962.02,1,1,0,0.2408,200.0,48.16,0.0,0.0,3.0,0.0
15633108,1,2,2,3,26,646,4,139848.17,164696.27,0,1,0,0.1789,4320.45,772.93,0.8491,0.1538,1.6,139848.17
15769254,2,29,3,3,34,757,9,101861.36,187011.96,0,0,0,0.2057,3205.84,659.44,0.5447,0.2647,1.35,50930.68
15704746,3,8,4,3,35,699,2,167455.66,55324.49,1,1,0,0.1648,5223.67,860.86,3.0267,0.0571,3.3,83727.83
15637644,1,22,3,3,24,667,4,0.0,34335.55,1,0,0,0.0704,150.0,10.56,0.0,0.1667,2.6,0.0
15609562,3,29,2,1,43,774,1,116360.07,17004.14,0,1,0,0.7301,3615.8,2639.9,6.8426,0.0233,1.15,116360.07
15787459,3,9,1,2,40,745,3,88466.82,116331.42,0,0,0,0.4287,2729.0,1169.92,0.7605,0.075,0.45,88466.82
15762902,1,27,3,3,42,649,7,0.0,22974.01,1,0,0,0.1442,150.0,21.63,0.0,0.1667,3.05,0.0
15738605,2,32,2,1,46,634,5,123642.36,49725.16,1,1,1,0.8432,3834.27,3233.06,2.4865,0.1087,3.75,123642.36
15724889,3,7,1,3,38,665,9,0.0,87412.74,1,0,0,0.3493,75.0,26.2,0.0,0.2368,3.35,0.0
15730735,1,8,4,3,38,713,9,72286.84,26136.89,1,1,0,0.1303,2368.61,308.63,2.7656,0.2368,4.35,36143.42
15689147,1,27,4,3,40,652,1,0.0,126554.96,0,1,0,0.2014,200.0,40.28,0.0,0.025,1.15,0.0
15730397,3,8,2,3,40,739,1,109681.61,193321.3,1,1,0,0.2454,3415.45,838.15,0.5674,0.025,3.15,109681.61
15762169,2,6,4,3,37,556,9,145018.64,90928.02,0,1,1,0.2923,4550.56,1330.13,1.5949,0.2432,2.35,72509.32
15589320,3,8,2,3,34,699,8,0.0,76510.46,1,1,0,0.1867,125.0,23.34,0.0,0.2353,4.2,0.0
15799211,3,28,2,2,32,708,8,187487.63,120115.5,1,1,0,0.5133,5749.63,2951.29,1.5609,0.25,4.2,187487.63
15798310,1,6,2,3,35,480,2,165692.91,197984.58,1,1,0,0.2802,5095.79,1427.84,0.8369,0.0571,3.3,165692.91
15609998,2,33,2,1,59,700,5,137648.41,142977.05,0,1,1,0.9706,4254.45,4129.37,0.9627,0.0847,1.75,137648.41
15583548,3,31,2,1,47,525,6,118560.0,82522.61,0,1,1,0.775,3681.8,2853.4,1.4367,0.1277,1.9,118560.0
15761763,1,10,2,3,33,845,8,164385.53,150664.97,0,1,0,0.2188,5056.57,1106.38,1.0911,0.2424,2.2,164385.53
15764409,1,7,2,3,37,613,9,108286.5,114153.44,1,1,0,0.1409,3373.6,475.34,0.9486,0.2432,4.35,108286.5
15710161,1,30,4,3,34,850,2,0.0,171706.66,1,1,0,0.0382,200.0,7.64,0.0,0.0588,3.3,0.0
15735246,3,34,3,1,58,798,9,0.0,119071.56,0,0,1,0.8068,150.0,121.02,0.0,0.1552,1.35,0.0
15791700,2,14,8,1,47,773,2,118079.47,143007.49,1,1,1,0.993,3892.38,3865.13,0.8257,0.0426,3.3,29519.87
15670753,3,7,2,3,35,614,2,127283.78,31302.35,1,1,0,0.1878,3943.51,740.59,4.0661,0.0571,3.3,127283.78
15573876,3,11,4,2,48,473,8,0.0,71139.8,0,1,0,0.3691,200.0,73.82,0.0,0.1667,2.2,0.0
15770174,1,4,2,3,29,762,6,141389.06,54122.89,0,1,0,0.3275,4366.67,1430.08,2.6123,0.2069,1.9,141389.06
15641114,1,8,2,3,37,701,8,130091.5,120031.29,1,1,0,0.1148,4027.74,462.38,1.0838,0.2162,4.2,130091.5
15682435,1,7,4,3,35,600,4,143744.77,104076.51,0,1,0,0.1892,4512.34,853.73,1.3811,0.1143,1.6,71872.38
15751788,3,5,2,3,28,850,9,97408.03,175853.64,1,1,0,0.0594,3047.24,181.01,0.5539,0.3214,4.35,97408.03
15672598,3,7,2,3,30,613,9,111927.45,175795.87,1,1,0,0.1253,3482.82,436.4,0.6367,0.3,4.35,111927.45
15762803,1,6,4,3,31,509,3,0.0,15360.91,0,1,0,0.0543,200.0,10.86,0.0,0.0968,1.45,0.0
15812982,3,6,1,2,38,509,2,0.0,168460.12,0,0,0,0.4984,75.0,37.38,0.0,0.0526,0.3,0.0
15597901,1,7,2,2,34,609,1,0.0,181177.9,1,1,0,0.4679,125.0,58.49,0.0,0.0294,3.15,0.0
15731507,1,26,1,2,33,456,1,188285.68,58363.94,0,0,0,0.5208,5723.57,2980.84,3.226,0.0303,0.15,188285.68
15809826,1,33,2,1,46,728,2,109705.52,20276.87,0,1,1,0.7576,3416.17,2588.09,5.4101,0.0435,1.3,109705.52
15764237,3,7,3,3,33,663,9,0.0,91514.62,0,0,0,0.0521,150.0,7.82,0.0,0.2727,1.35,0.0
15769917,2,28,5,1,34,673,1,127122.79,76703.1,1,0,0,0.9233,4038.68,3728.91,1.6573,0.0294,2.15,42374.26
15641850,1,8,2,2,40,717,0,98241.04,110887.14,0,1,0,0.4344,3072.23,1334.58,0.8859,0.0,1.0,98241.04
15770974,2,29,3,3,37,741,8,170840.08,109843.16,0,0,0,0.2871,5275.2,1514.51,1.5553,0.2162,1.2,85420.04
15803749,2,26,4,2,41,498,4,87541.06,12577.21,1,1,1,0.4428,2826.23,1251.45,6.9597,0.0976,3.6,43770.53
15684999,1,25,3,3,26,850,4,62610.96,179365.1,1,0,0,0.0769,2028.33,155.98,0.3491,0.1538,2.6,31305.48
15770225,1,6,4,3,36,493,9,0.0,65816.53,1,1,0,0.0302,200.0,6.04,0.0,0.25,4.35,0.0
15627484,1,33,2,1,47,686,5,113328.93,124170.9,0,1,0,0.7831,3524.87,2760.33,0.9127,0.1064,1.75,113328.93
15610337,3,7,2,3,35,666,2,104832.49,175015.12,0,1,0,0.1863,3269.97,609.2,0.599,0.0571,1.3,104832.49
15752488,3,28,2,3,31,733,9,102289.85,115441.66,1,1,0,0.191,3193.7,610.0,0.8861,0.2903,4.35,102289.85
15610056,2,27,3,3,34,631,6,125227.82,128247.03,1,0,0,0.1997,3906.83,780.19,0.9765,0.1765,2.9,62613.91
15806049,2,33,2,1,49,714,5,140510.89,141914.94,0,1,0,0.9556,4340.33,4147.62,0.9901,0.102,1.75,140510.89
15736069,2,29,2,1,35,767,6,132253.22,115566.57,0,1,1,0.6931,4092.6,2836.58,1.1444,0.1714,1.9,132253.22
15763662,2,8,4,3,43,711,2,39043.29,175423.69,1,1,0,0.1412,1371.3,193.63,0.2226,0.0465,3.3,19521.64
15615575,1,8,4,3,34,722,8,0.0,133447.49,1,1,0,0.0275,200.0,5.5,0.0,0.2353,4.2,0.0
15691723,3,12,2,1,55,631,9,99685.06,114474.98,0,1,0,0.9004,3115.55,2805.24,0.8708,0.1636,2.35,99685.06
15774098,2,8,3,3,38,701,3,125385.49,52044.66,1,0,0,0.2772,3911.56,1084.28,2.4091,0.0789,2.45,62692.74
15750808,3,14,4,3,46,790,2,131365.37,180290.68,1,1,0,0.3148,4140.96,1303.57,0.7286,0.0435,3.3,65682.68
15744368,3,12,2,2,58,633,6,98308.51,132034.13,1,1,0,0.502,3074.26,1543.28,0.7446,0.1034,3.9,98308.51
15610594,1,27,4,3,37,644,8,0.0,20968.88,0,1,0,0.159,200.0,31.8,0.0,0.2162,2.2,0.0
15756125,3,9,4,2,44,757,5,140856.16,158735.1,0,1,0,0.4122,4425.68,1824.27,0.8874,0.1136,1.75,70428.08
15623277,1,28,4,3,30,696,8,0.0,196134.44,1,1,0,0.0573,200.0,11.46,0.0,0.2667,4.2,0.0
15795954,1,9,2,3,35,746,2,172274.01,22374.97,0,1,0,0.2635,5293.22,1394.76,7.6991,0.0571,1.3,172274.01
15671969,3,7,4,3,36,649,8,0.0,161668.15,0,1,0,0.0537,200.0,10.74,0.0,0.2222,2.2,0.0
15791268,3,6,1,3,38,565,0,122447.76,67339.34,0,0,0,0.3367,3748.43,1262.1,1.8183,0.0,0.0,122447.76
15713655,1,28,4,3,38,720,10,0.0,56229.72,1,1,1,0.3044,200.0,60.88,0.0,0.2632,4.5,0.0
15633930,3,32,4,1,56,648,6,157559.59,140991.23,0,1,1,0.9553,4926.79,4706.56,1.1175,0.1071,1.9,78779.8
15712849,2,7,1,1,41,632,3,126550.7,177644.52,0,0,1,0.7712,3871.52,2985.72,0.7124,0.0732,0.45,126550.7
15639077,1,27,6,1,30,622,2,158584.82,142342.55,0,1,1,0.9617,5032.54,4839.79,1.1141,0.0667,1.3,52861.61
15808784,1,5,4,3,28,835,2,163569.61,154559.28,1,1,0,0.0384,5107.09,196.11,1.0583,0.0714,3.3,81784.8
15648577,1,26,2,2,31,493,3,0.0,176570.28,1,1,1,0.514,125.0,64.25,0.0,0.0968,3.45,0.0
15670345,2,29,1,1,33,785,6,127211.45,191961.83,0,0,0,0.6799,3891.34,2645.72,0.6627,0.1818,0.9,127211.45
15633112,2,8,4,2,42,681,3,118199.97,9452.88,0,1,1,0.3827,3746.0,1433.59,12.5028,0.0714,1.45,59099.98
15714397,2,27,4,3,30,621,2,101014.08,165257.31,1,1,0,0.1765,3230.42,570.17,0.6112,0.0667,3.3,50507.04
15780038,3,9,2,2,38,756,6,119208.85,169763.89,0,1,1,0.3721,3701.27,1377.24,0.7022,0.1579,1.9,119208.85
15756305,1,36,4,3,66,515,6,0.0,160663.11,1,1,0,0.141,200.0,28.2,0.0,0.0909,3.9,0.0
15578799,1,32,2,1,58,625,10,53772.73,192072.1,1,1,1,0.7777,1738.18,1351.78,0.28,0.1724,4.5,53772.73
15800326,3,28,4,3,39,717,6,0.0,93275.61,0,1,0,0.1531,200.0,30.62,0.0,0.1538,1.9,0.0
15785485,2,27,1,1,41,595,2,138878.81,112269.67,1,0,0,0.708,4241.36,3002.88,1.237,0.0488,2.3,138878.81
15783958,3,26,3,2,37,539,1,130922.81,2186.83,0,0,0,0.374,4077.68,1525.05,59.8414,0.027,0.15,65461.4
15727546,1,9,4,3,35,762,9,0.0,43075.7,1,1,0,0.0378,200.0,7.56,0.0,0.2571,4.35,0.0
15739576,3,3,4,3,20,706,8,0.0,12368.11,1,1,0,0.0243,200.0,4.86,0.0,0.4,4.2,0.0
15631333,3,23,2,3,25,677,8,130866.19,42410.21,0,1,0,0.23,4050.99,931.73,3.0857,0.32,2.2,130866.19
15604782,2,28,1,2,33,733,7,187257.94,190430.81,1,0,0,0.5494,5692.74,3127.59,0.9833,0.2121,3.05,187257.94
15589643,3,28,2,2,41,684,7,0.0,138394.37,1,1,0,0.4854,125.0,60.68,0.0,0.1707,4.05,0.0
15585533,1,8,1,3,36,679,6,147733.64,172501.38,1,0,0,0.1633,4507.01,735.99,0.8564,0.1667,2.9,147733.64
15681506,3,6,4,3,43,478,1,0.0,197916.43,1,1,0,0.1136,200.0,22.72,0.0,0.0233,3.15,0.0
15630551,1,8,2,3,33,696,2,163139.27,7035.36,1,1,0,0.1332,5019.18,668.55,23.1852,0.0606,3.3,163139.27
15698349,3,28,4,3,35,686,4,0.0,159676.55,1,1,0,0.1038,200.0,20.76,0.0,0.1143,3.6,0.0
15776631,1,26,1,3,36,466,5,119540.15,80603.99,1,0,0,0.215,3661.2,787.16,1.483,0.1389,2.75,119540.15
15762216,1,28,4,2,41,686,4,129553.76,187599.8,0,1,0,0.4187,4086.61,1711.06,0.6906,0.0976,1.6,64776.88
15623927,1,11,4,3,55,576,9,0.0,94450.97,1,1,0,0.147,200.0,29.4,0.0,0.1636,4.35,0.0
15681402,2,39,2,2,61,763,1,66101.89,143981.27,1,1,0,0.6307,2108.06,1329.55,0.4591,0.0164,3.15,66101.89
15586264,1,6,2,2,43,572,2,140431.98,26450.57,0,1,1,0.6392,4337.96,2772.82,5.309,0.0465,1.3,140431.98
15594685,1,34,3,2,49,757,2,0.0,164482.92,0,0,0,0.4197,150.0,62.96,0.0,0.0408,0.3,0.0
15812945,1,22,2,3,29,582,0,0.0,84012.81,1,1,0,0.2708,125.0,33.85,0.0,0.0,3.0,0.0
15734628,1,27,4,3,35,623,5,0.0,101192.08,0,1,0,0.1434,200.0,28.68,0.0,0.1429,1.75,0.0
15629323,2,27,4,2,37,617,4,116471.43,175324.74,0,1,1,0.4811,3694.14,1777.25,0.6643,0.1081,1.6,58235.72
15666823,1,6,4,3,39,425,4,0.0,197226.32,0,1,0,0.1047,200.0,20.94,0.0,0.1026,1.6,0.0
15777553,1,32,2,1,56,659,9,123785.24,99504.03,0,1,1,0.9188,3838.56,3526.87,1.244,0.1607,2.35,123785.24
15613097,1,27,3,3,33,605,4,0.0,83700.66,1,0,0,0.0751,150.0,11.26,0.0,0.1212,2.6,0.0
15622217,1,26,3,2,38,538,8,88758.95,28226.15,0,0,1,0.3969,2812.77,1116.39,3.1445,0.2105,1.2,44379.48
15703588,2,2,4,3,25,665,5,153611.83,35321.65,0,1,0,0.1357,4808.35,652.49,4.3488,0.2,1.75,76805.91
15570835,2,31,2,1,57,491,4,112044.72,41229.73,1,1,1,0.8724,3486.34,3041.48,2.7175,0.0702,3.6,112044.72
15679299,3,23,1,3,27,726,7,123826.07,78970.58,1,0,0,0.1623,3789.78,615.08,1.568,0.2593,3.05,123826.07
15808044,1,37,6,1,65,580,9,106804.26,107890.69,0,1,1,0.991,3479.13,3447.82,0.9899,0.1385,2.35,35601.42
15579208,1,31,4,3,48,550,6,0.0,191870.28,1,1,0,0.238,200.0,47.6,0.0,0.125,3.9,0.0
15684951,1,31,4,1,59,542,2,68892.77,7905.06,0,1,1,0.8322,2266.78,1886.41,8.7139,0.0339,1.3,34446.38
15667620,1,28,4,3,43,732,6,0.0,65731.53,0,1,0,0.2324,200.0,46.48,0.0,0.1395,1.9,0.0
15582960,1,26,1,3,33,473,5,125827.43,145698.73,1,0,0,0.2343,3849.82,902.01,0.8636,0.1515,2.75,125827.43
15590730,3,9,4,3,34,745,9,0.0,50046.25,0,1,0,0.0404,200.0,8.08,0.0,0.2647,2.35,0.0
15763747,1,8,4,3,36,732,7,0.0,60830.24,1,1,0,0.042,200.0,8.4,0.0,0.1944,4.05,0.0
15778320,2,30,1,1,40,848,5,148495.64,158853.98,0,0,0,0.7529,4529.87,3410.54,0.9348,0.125,0.75,148495.64
15642787,1,6,1,3,37,572,1,133043.66,111243.09,0,0,0,0.2681,4066.31,1090.18,1.196,0.027,0.15,133043.66
15624633,1,13,2,2,45,702,9,74989.58,171014.69,1,1,0,0.3861,2374.69,916.87,0.4385,0.2,4.35,74989.58
15766765,2,7,2,2,39,664,7,60263.23,170835.32,0,1,0,0.4524,1932.9,874.44,0.3528,0.1795,2.05,60263.23
15783615,2,12,8,1,50,630,3,129370.91,47775.34,1,1,1,0.9897,4231.13,4187.55,2.7078,0.06,3.45,32342.73
15640161,2,7,3,2,44,618,5,157955.83,139297.71,0,0,0,0.4097,4888.67,2002.89,1.1339,0.1136,0.75,78977.91
15619889,1,1,2,2,26,556,4,0.0,195167.38,0,1,0,0.4882,125.0,61.03,0.0,0.1538,1.6,0.0
15579166,1,27,2,3,30,619,7,70729.17,160948.87,1,1,0,0.3125,2246.88,702.15,0.4394,0.2333,4.05,70729.17
15789097,1,12,3,3,48,644,8,0.0,44965.54,1,0,1,0.2653,150.0,39.79,0.0,0.1667,3.2,0.0
15674880,3,12,4,3,50,658,2,0.0,52137.73,0,1,0,0.3031,200.0,60.62,0.0,0.04,1.3,0.0
15778157,3,2,4,3,27,598,8,90721.52,109296.18,0,1,0,0.1142,2921.65,333.65,0.83,0.2963,2.2,45360.76
15779064,1,3,4,3,27,677,2,0.0,20092.89,1,1,0,0.0357,200.0,7.14,0.0,0.0741,3.3,0.0
15801265,3,33,2,1,45,689,0,57784.22,197804.0,0,1,1,0.8743,1858.53,1624.91,0.2921,0.0,1.0,57784.22
15589204,1,7,2,3,33,591,9,131765.72,118782.06,0,1,0,0.2431,4077.97,991.35,1.1093,0.2727,2.35,131765.72
15664543,1,8,1,2,40,699,7,0.0,152876.13,1,0,1,0.5133,75.0,38.5,0.0,0.175,3.05,0.0
15582714,2,14,1,1,47,749,9,110022.74,135655.29,1,0,1,0.8223,3375.68,2775.82,0.811,0.1915,3.35,110022.74
15797595,1,28,2,2,40,709,9,131569.63,103970.58,1,1,0,0.3541,4072.09,1441.93,1.2654,0.225,4.35,131569.63
15614034,2,17,4,3,61,607,2,164523.5,35786.76,1,1,0,0.2307,5135.7,1184.81,4.5972,0.0328,3.3,82261.75
15763171,2,22,2,2,25,650,2,114330.95,25325.07,1,1,0,0.3698,3554.93,1314.61,4.5144,0.08,3.3,114330.95
15647266,3,32,2,1,45,651,10,135923.16,18732.84,0,1,0,0.7013,4202.69,2947.35,7.2555,0.2222,2.5,135923.16
15757577,1,38,4,3,61,676,8,0.0,118522.73,1,1,0,0.1805,200.0,36.1,0.0,0.1311,4.2,0.0
15736656,1,33,3,3,49,723,4,0.0,89972.25,1,0,0,0.3288,150.0,49.32,0.0,0.0816,2.6,0.0
15635078,3,13,1,2,45,714,0,124693.48,187194.15,1,0,0,0.5587,3815.8,2131.89,0.6661,0.0,2.0,124693.48
15680141,3,29,2,3,35,759,7,147936.42,106785.7,1,1,0,0.1485,4563.09,677.62,1.3853,0.2,4.05,147936.42
15576945,1,2,2,3,29,582,0,0.0,142516.35,0,1,0,0.2635,125.0,32.94,0.0,0.0,1.0,0.0
15602034,1,28,2,3,34,697,2,126558.92,73334.43,0,1,0,0.2639,3921.77,1034.96,1.7258,0.0588,1.3,126558.92
15732020,2,12,3,1,57,610,6,106938.11,186612.47,1,0,0,0.7233,3358.14,2428.94,0.573,0.1053,2.9,53469.06
15611029,2,26,2,2,33,488,4,140002.35,123613.81,0,1,0,0.5785,4325.07,2502.05,1.1326,0.1212,1.6,140002.35
15621210,2,12,2,1,46,599,9,123444.72,31368.08,1,1,1,0.8432,3828.34,3228.06,3.9352,0.1957,4.35,123444.72
15569222,1,9,2,3,32,781,6,147107.91,40066.95,1,1,0,0.1447,4538.24,656.68,3.6715,0.1875,3.9,147107.91
15664639,1,2,1,3,19,645,9,128514.84,175969.19,0,0,0,0.1907,3930.45,749.54,0.7303,0.4737,1.35,128514.84
15724223,1,31,1,1,55,545,5,0.0,10034.77,0,0,1,0.9645,75.0,72.34,0.0,0.0909,0.75,0.0
15644621,2,27,4,2,40,597,9,106756.01,151167.94,0,1,0,0.5224,3402.68,1777.56,0.7062,0.225,2.35,53378.0
15756056,3,21,4,3,28,561,3,0.0,191387.76,0,1,0,0.1287,200.0,25.74,0.0,0.1071,1.45,0.0
15700353,1,27,4,3,37,662,6,0.0,51229.17,0,1,0,0.1377,200.0,27.54,0.0,0.1622,1.9,0.0
15624388,2,32,2,1,50,649,5,155393.32,87351.42,1,1,1,0.7866,4786.8,3765.3,1.7789,0.1,3.75,155393.32
15627212,1,27,2,3,36,630,2,110414.48,48984.95,1,1,0,0.2409,3437.43,828.08,2.254,0.0556,3.3,110414.48
15648005,3,8,4,3,33,672,2,0.0,182738.0,1,1,0,0.041,200.0,8.2,0.0,0.0606,3.3,0.0
15681446,2,27,2,2,37,636,9,157098.52,153535.27,1,1,0,0.5214,4837.96,2522.51,1.0232,0.2432,4.35,157098.52
15775888,2,27,2,2,38,593,5,85626.6,125079.65,1,1,0,0.4322,2693.8,1164.26,0.6846,0.1316,3.75,85626.6
15749019,2,11,4,2,45,545,6,93796.42,162321.26,1,1,0,0.4521,3013.89,1362.58,0.5778,0.1333,3.9,46898.21
15709928,3,26,4,3,41,567,1,0.0,3414.72,0,1,0,0.1998,200.0,39.96,0.0,0.0244,1.15,0.0
15784676,1,12,4,1,51,583,6,125268.03,165082.25,0,1,0,0.87,3958.04,3443.49,0.7588,0.1176,1.9,62634.02
15748116,1,23,2,3,29,681,2,148143.84,52021.39,1,1,0,0.2202,4569.32,1006.16,2.8477,0.069,3.3,148143.84
15612193,3,4,4,3,29,762,10,115545.33,148256.43,0,1,0,0.0962,3666.36,352.7,0.7794,0.3448,2.5,57772.66
15762984,3,7,3,3,35,648,7,0.0,122899.01,0,0,0,0.0769,150.0,11.54,0.0,0.2,1.05,0.0
15613713,1,7,2,3,30,644,5,44928.88,10771.46,1,1,0,0.2519,1472.87,371.02,4.1707,0.1667,3.75,44928.88
15664204,3,3,4,3,29,706,2,0.0,18255.51,1,1,0,0.0401,200.0,8.02,0.0,0.069,3.3,0.0
15639415,1,10,2,3,35,850,3,162442.35,183566.78,0,1,0,0.275,4998.27,1374.52,0.8849,0.0857,1.45,162442.35
15806332,3,26,4,3,39,484,5,0.0,175224.12,1,1,0,0.1389,200.0,27.78,0.0,0.1282,3.75,0.0
15614929,2,1,4,3,28,508,0,96213.82,147913.56,0,1,0,0.1919,3086.41,592.28,0.6505,0.0,1.0,48106.91
15695492,1,21,2,3,29,439,6,156569.43,180598.66,0,1,0,0.2968,4822.08,1431.19,0.8669,0.2069,1.9,156569.43
15635972,3,6,4,3,36,484,8,0.0,186136.48,0,1,0,0.0797,200.0,15.94,0.0,0.2222,2.2,0.0
15616380,3,30,3,3,37,803,1,0.0,7455.2,0,0,0,0.0992,150.0,14.88,0.0,0.027,0.15,0.0
15581440,2,33,4,1,48,724,6,110463.25,80552.11,1,1,1,0.6733,3513.9,2365.91,1.3713,0.125,3.9,55231.62
15654390,1,7,2,3,33,640,7,154575.76,25722.28,0,1,1,0.2705,4762.27,1288.19,6.0092,0.2121,2.05,154575.76
15660688,3,28,3,3,35,701,9,0.0,170996.86,0,0,0,0.304,150.0,45.6,0.0,0.2571,1.35,0.0
15806307,1,6,4,3,37,537,3,0.0,20603.32,1,1,0,0.0502,200.0,10.04,0.0,0.0811,3.45,0.0
15647975,2,2,1,2,26,651,5,147037.32,141763.26,0,0,0,0.417,4486.12,1870.71,1.0372,0.1923,0.75,147037.32
15595728,2,6,1,1,41,523,0,119276.31,122284.38,0,0,1,0.7543,3653.29,2755.68,0.9754,0.0,0.0,119276.31
15735388,1,23,4,3,25,717,7,108664.85,190011.85,0,1,0,0.1261,3459.95,436.3,0.5719,0.28,2.05,54332.42
15788535,3,7,2,1,44,593,5,0.0,128046.98,0,1,0,0.7689,125.0,96.11,0.0,0.1136,1.75,0.0
15765902,2,8,4,3,38,706,5,163034.82,135662.17,1,1,0,0.154,5091.04,784.02,1.2018,0.1316,3.75,81517.41
15642345,2,33,2,1,49,714,4,93059.34,7571.51,0,1,1,0.9347,2916.78,2726.31,12.2891,0.0816,1.6,93059.34
15641250,3,9,2,2,38,794,9,179581.31,23596.24,0,1,0,0.6109,5512.44,3367.55,7.6103,0.2368,2.35,179581.31
15706163,2,11,1,1,46,518,4,113625.93,92727.42,0,0,1,0.8969,3483.78,3124.6,1.2254,0.087,0.6,113625.93
15746708,2,12,2,1,55,589,7,119961.48,65156.83,0,1,1,0.9581,3723.84,3567.81,1.8411,0.1273,2.05,119961.48
15775203,1,15,1,2,45,824,3,129209.48,60151.77,0,0,0,0.5857,3951.28,2314.26,2.148,0.0667,0.45,129209.48
15787907,2,28,6,1,42,719,5,137227.04,149097.38,0,1,1,0.9865,4391.81,4332.52,0.9204,0.119,1.75,45742.35
15646764,2,32,4,1,58,617,3,119024.75,35199.24,0,1,1,0.9388,3770.74,3539.97,3.3814,0.0517,1.45,59512.38
15678284,1,7,6,1,35,651,7,74623.5,129451.29,0,1,1,0.9307,2513.7,2339.5,0.5765,0.2,2.05,24874.5
15726791,3,32,2,1,45,637,2,157929.45,145134.49,1,1,1,0.6727,4862.88,3271.26,1.0882,0.0444,3.3,157929.45
15813144,1,21,4,3,26,554,7,92606.86,192709.69,0,1,0,0.0992,2978.21,295.44,0.4805,0.2692,2.05,46303.43
15669342,2,8,4,3,35,731,2,127862.93,139083.7,0,1,0,0.2231,4035.89,900.41,0.9193,0.0571,1.3,63931.46
15710366,3,26,2,2,42,569,1,0.0,83629.6,1,1,1,0.5857,125.0,73.21,0.0,0.0238,3.15,0.0
15614934,2,27,2,1,37,625,4,142711.81,35625.41,0,1,0,0.7032,4406.35,3098.55,4.0058,0.1081,1.6,142711.81
15588701,1,27,4,3,38,592,4,0.0,35338.96,0,1,0,0.1333,200.0,26.66,0.0,0.1053,1.6,0.0
15665438,1,7,1,2,43,669,1,163159.85,15602.8,1,0,0,0.4641,4969.8,2306.48,10.4564,0.0233,2.15,163159.85
15644896,2,7,2,2,32,663,3,108586.86,182355.21,1,1,0,0.4924,3382.61,1665.6,0.5955,0.0938,3.45,108586.86
15670205,2,26,2,1,41,518,5,110624.99,89327.67,0,1,0,0.7566,3443.75,2605.54,1.2384,0.122,1.75,110624.99
15635776,2,28,4,2,43,686,5,154846.24,151903.6,1,1,0,0.5092,4845.39,2467.27,1.0194,0.1163,3.75,77423.12
15791053,2,13,2,1,45,709,4,122917.71,11.58,1,1,1,0.8388,3812.53,3197.95,9770.8831,0.0889,3.6,122917.71
15644005,1,26,3,3,33,571,9,0.0,77519.62,1,0,0,0.052,150.0,7.8,0.0,0.2727,3.35,0.0
15796343,1,28,3,3,31,707,2,82787.93,91423.69,0,0,0,0.2281,2633.64,600.73,0.9055,0.0645,0.3,41393.96
15751057,2,8,1,2,32,701,5,102500.34,106287.77,0,0,0,0.5114,3150.01,1610.92,0.9644,0.1562,0.75,102500.34
15623430,1,8,4,3,34,672,9,0.0,161800.77,0,1,0,0.0272,200.0,5.44,0.0,0.2647,2.35,0.0
15682600,2,7,2,2,39,620,9,159492.79,80582.34,0,1,1,0.6197,4909.78,3042.59,1.9792,0.2308,2.35,159492.79
15769312,3,11,4,3,48,557,10,0.0,185094.48,1,1,0,0.2164,200.0,43.28,0.0,0.2083,4.5,0.0
15708212,3,32,2,1,54,648,7,118241.02,172586.89,0,1,1,0.944,3672.23,3466.59,0.6851,0.1296,2.05,118241.02
15650258,1,26,2,2,35,479,2,113090.4,195649.79,0,1,0,0.4199,3517.71,1477.09,0.578,0.0571,1.3,113090.4
15604345,1,23,2,3,22,730,9,65763.57,145792.01,1,1,0,0.3039,2097.91,637.55,0.4511,0.4091,4.35,65763.57
15578297,2,28,2,1,43,737,1,125537.38,138510.01,0,1,1,0.8637,3891.12,3360.76,0.9063,0.0233,1.15,125537.38
15671789,1,7,4,3,31,616,3,94263.91,168895.06,0,1,0,0.0897,3027.92,271.6,0.5581,0.0968,1.45,47131.96
15726186,3,2,4,3,29,639,4,133434.57,97983.44,0,1,0,0.2603,4203.04,1094.05,1.3618,0.1379,1.6,66717.28
15764618,3,30,2,2,39,815,6,0.0,85167.88,1,1,0,0.4391,125.0,54.89,0.0,0.1538,3.9,0.0
15730738,3,9,4,3,31,786,9,0.0,18210.36,1,1,0,0.0253,200.0,5.06,0.0,0.2903,4.35,0.0
15637650,1,11,3,2,50,549,9,94748.76,13608.18,1,0,0,0.4658,2992.46,1393.89,6.9621,0.18,3.35,47374.38
15606267,1,27,2,3,38,622,4,98640.74,110457.99,1,1,0,0.282,3084.22,869.75,0.893,0.1053,3.6,98640.74
15625904,1,2,3,3,26,624,9,74681.9,31231.35,0,0,0,0.0705,2390.46,168.53,2.3912,0.3462,1.35,37340.95
15654463,1,10,4,3,34,841,4,0.0,141582.66,0,1,0,0.0232,200.0,4.64,0.0,0.1176,1.6,0.0
15774151,3,27,1,1,41,614,7,179915.85,14666.35,0,0,1,0.7533,5472.48,4122.42,12.2664,0.1707,1.05,179915.85
15693259,1,8,2,3,30,676,1,128207.23,55400.17,1,1,0,0.1752,3971.22,695.76,2.3142,0.0333,3.15,128207.23
15642468,1,8,3,3,42,697,9,132739.26,174667.65,0,0,0,0.3444,4132.18,1423.12,0.7599,0.2143,1.35,66369.63
15758531,1,28,4,3,40,732,10,0.0,154189.08,0,1,0,0.3026,200.0,60.52,0.0,0.25,2.5,0.0
15728352,1,2,1,3,27,623,4,120509.81,142170.44,0,0,0,0.1758,3690.29,648.75,0.8476,0.1481,0.6,120509.81
15637240,1,11,4,2,46,541,4,124547.13,94499.06,0,1,0,0.6463,3936.41,2544.1,1.318,0.087,1.6,62273.56
15595588,3,29,3,3,39,773,4,0.0,182081.45,1,0,0,0.1259,150.0,18.89,0.0,0.1026,2.6,0.0
15778395,2,9,4,3,34,762,4,88815.56,68562.26,0,1,1,0.1771,2864.47,507.3,1.2954,0.1176,1.6,44407.78
15711825,3,27,4,3,35,655,1,82231.51,88798.02,0,1,0,0.3165,2666.95,844.09,0.926,0.0286,1.15,41115.75
15599251,2,7,4,3,32,602,7,184715.86,113781.99,0,1,0,0.1698,5741.48,974.9,1.6234,0.2188,2.05,92357.93
15570004,1,10,4,3,31,850,3,0.0,121866.87,0,1,0,0.0387,200.0,7.74,0.0,0.0968,1.45,0.0
15656912,3,12,2,1,51,649,4,0.0,150390.57,1,1,0,0.6586,125.0,82.32,0.0,0.0784,3.6,0.0
15657342,2,5,2,2,28,850,4,147972.19,60708.72,0,1,1,0.5778,4564.17,2637.18,2.4374,0.1429,1.6,147972.19
15716284,1,6,4,3,43,543,9,0.0,78858.07,1,1,0,0.1009,200.0,20.18,0.0,0.2093,4.35,0.0
15672374,1,13,1,1,52,672,8,170008.84,56407.42,0,0,1,0.8419,5175.27,4357.06,3.0139,0.1538,1.2,170008.84
15732476,1,22,3,3,27,600,3,0.0,125698.97,1,0,0,0.0511,150.0,7.66,0.0,0.1111,2.45,0.0
15747724,3,28,2,2,34,671,10,0.0,23235.38,0,1,0,0.4071,125.0,50.89,0.0,0.2941,2.5,0.0
15633877,3,28,2,3,42,706,8,95386.82,75732.25,1,1,0,0.2887,2986.6,862.23,1.2595,0.1905,4.2,95386.82
15672516,2,11,4,1,51,541,7,90373.28,179861.79,0,1,0,0.8437,2911.2,2456.18,0.5025,0.1373,2.05,45186.64
15607827,2,8,4,3,34,711,4,133467.77,42976.64,1,1,0,0.1577,4204.03,662.98,3.1055,0.1176,3.6,66733.88
15751336,3,7,3,3,30,630,3,0.0,10486.69,1,0,0,0.0327,150.0,4.9,0.0,0.1,2.45,0.0
15646539,1,6,2,3,31,531,3,96288.26,56794.73,0,1,0,0.2252,3013.65,678.67,1.6953,0.0968,1.45,96288.26
15756901,1,22,3,3,26,641,4,91547.84,28157.34,1,0,0,0.1156,2896.44,334.83,3.2512,0.1538,2.6,45773.92
15809286,2,7,3,3,37,631,8,138292.64,152422.91,0,0,1,0.3026,4298.78,1300.81,0.9073,0.2162,1.2,69146.32
15759021,1,8,2,2,35,685,9,0.0,167033.83,0,1,0,0.4173,125.0,52.16,0.0,0.2571,2.35,0.0
15725039,3,8,2,3,32,702,8,71667.74,126082.18,1,1,0,0.0861,2275.03,195.88,0.5684,0.25,4.2,71667.74
15579130,2,28,2,1,43,708,0,118994.84,181499.77,0,1,1,0.8535,3694.85,3153.55,0.6556,0.0,1.0,118994.84
15754112,3,12,4,3,55,653,7,0.0,41967.03,1,1,0,0.1277,200.0,25.54,0.0,0.1273,4.05,0.0
15735522,2,7,3,3,37,654,2,145610.07,186300.59,0,0,0,0.244,4518.3,1102.47,0.7816,0.0541,0.3,72805.04
15613326,1,27,2,3,33,596,1,138162.81,85412.54,0,1,0,0.2162,4269.88,923.15,1.6176,0.0303,1.15,138162.81
15739502,2,26,4,3,31,549,9,135020.21,23343.18,1,1,0,0.124,4250.61,527.08,5.7839,0.2903,4.35,67510.1
15670914,1,9,4,3,38,754,2,0.0,180698.32,0,1,0,0.0959,200.0,19.18,0.0,0.0526,1.3,0.0
15604073,2,25,2,2,25,815,8,135161.67,136071.05,1,1,0,0.5503,4179.85,2300.17,0.9933,0.32,4.2,135161.67
15806027,1,31,2,1,52,556,9,0.0,175149.2,0,1,1,0.9653,125.0,120.66,0.0,0.1731,2.35,0.0
15574886,1,8,2,3,32,706,6,94486.47,146949.74,1,1,0,0.1189,2959.59,351.9,0.643,0.1875,3.9,94486.47
15707120,1,15,2,2,46,850,9,117640.39,88920.68,0,1,0,0.603,3654.21,2203.49,1.323,0.1957,2.35,117640.39
15800845,3,28,2,3,33,732,8,111379.55,45098.62,1,1,0,0.2134,3466.39,739.73,2.4696,0.2424,4.2,111379.55
15603914,1,7,2,2,40,614,6,0.0,20339.79,1,1,1,0.5032,125.0,62.9,0.0,0.15,3.9,0.0
15722765,3,32,1,2,57,580,0,136820.99,108528.74,1,0,0,0.6338,4179.63,2649.05,1.2607,0.0,2.0,136820.99
15783305,1,32,2,1,46,593,7,98752.51,145560.38,0,1,0,0.7614,3087.58,2350.88,0.6784,0.1522,2.05,98752.51
15574842,2,22,6,1,25,653,2,158266.42,199357.24,1,1,0,0.7815,5022.99,3925.47,0.7939,0.08,3.3,52755.47
15607837,1,24,2,3,29,746,4,105599.67,43106.17,1,1,0,0.208,3292.99,684.94,2.4497,0.1379,3.6,105599.67
15714877,1,22,4,3,29,662,10,0.0,137508.31,0,1,0,0.0618,200.0,12.36,0.0,0.3448,2.5,0.0
15782941,1,6,4,3,31,573,2,0.0,91957.39,1,1,0,0.0369,200.0,7.38,0.0,0.0645,3.3,0.0
15630167,3,28,2,3,39,684,4,139723.9,120612.11,1,1,0,0.2574,4316.72,1111.12,1.1584,0.1026,3.6,139723.9
15759038,1,29,2,2,41,793,3,141806.46,102921.17,0,1,0,0.4858,4379.19,2127.41,1.3778,0.0732,1.45,141806.46
15661821,2,34,2,1,49,798,5,132571.67,31686.33,1,1,1,0.8613,4102.15,3533.18,4.1837,0.102,3.75,132571.67
15728006,1,6,2,2,40,524,2,180516.9,180002.42,0,1,0,0.616,5540.51,3412.95,1.0029,0.05,1.3,180516.9
15712176,1,10,4,3,31,816,8,0.0,28407.4,1,1,0,0.0273,200.0,5.46,0.0,0.2581,4.2,0.0
15689351,2,29,1,2,41,742,4,92805.72,73743.95,1,0,1,0.648,2859.17,1852.74,1.2585,0.0976,2.6,92805.72
15782247,1,1,6,1,22,540,4,0.0,186233.26,1,1,1,0.8464,275.0,232.76,0.0,0.1818,3.6,0.0
15769064,2,6,2,1,39,537,3,135309.36,31728.86,0,1,1,0.7403,4184.28,3097.62,4.2644,0.0769,1.45,135309.36
15718153,3,39,2,3,74,759,6,128917.84,48244.64,1,1,0,0.0535,3992.54,213.6,2.6721,0.0811,3.9,128917.84
15613189,1,34,2,1,52,774,2,56580.93,113266.28,0,1,1,0.9222,1822.43,1680.64,0.4995,0.0385,1.3,56580.93
15661734,2,7,4,3,42,608,8,131390.75,71178.09,0,1,0,0.331,4141.72,1370.91,1.8459,0.1905,2.2,65695.38
15592645,3,8,3,3,37,704,4,0.0,25684.93,0,0,0,0.0586,150.0,8.79,0.0,0.1081,0.6,0.0
15768387,1,7,3,3,41,581,8,0.0,29737.14,0,0,0,0.1142,150.0,17.13,0.0,0.1951,1.2,0.0
15792525,2,37,2,1,61,628,1,97361.66,149922.38,1,1,1,0.8001,3045.85,2436.98,0.6494,0.0164,3.15,97361.66
15586976,1,26,2,1,42,566,6,0.0,180702.12,0,1,1,0.8133,125.0,101.66,0.0,0.1429,1.9,0.0
15790659,3,13,3,3,59,701,7,0.0,27597.59,1,0,0,0.2013,150.0,30.2,0.0,0.1186,3.05,0.0
15691446,3,3,4,3,29,735,10,0.0,95025.27,1,1,0,0.035,200.0,7.0,0.0,0.3448,4.5,0.0
15772632,1,28,4,3,34,680,1,0.0,167035.07,0,1,0,0.0921,200.0,18.42,0.0,0.0294,1.15,0.0
15706587,1,11,3,3,57,560,0,0.0,116781.71,1,0,0,0.2818,150.0,42.27,0.0,0.0,2.0,0.0
15572461,2,22,3,3,29,663,4,102714.65,21170.81,0,0,0,0.1962,3231.44,634.01,4.8515,0.1379,0.6,51357.32
15654409,1,27,2,3,34,665,5,67816.72,29641.58,1,1,0,0.2927,2159.5,632.09,2.2878,0.1471,3.75,67816.72
15568025,1,14,2,2,51,758,8,81710.46,116520.07,1,1,0,0.4495,2576.31,1158.05,0.7013,0.1569,4.2,81710.46
15715769,1,2,1,3,26,621,2,75237.54,44220.4,1,0,0,0.1352,2332.13,315.3,1.7014,0.0769,2.3,75237.54
15667458,2,4,2,2,28,764,10,124023.18,166188.28,0,1,0,0.4608,3845.7,1772.1,0.7463,0.3571,2.5,124023.18
15567980,2,31,1,1,46,537,5,100727.5,140857.76,1,0,1,0.8778,3096.82,2718.39,0.7151,0.1087,2.75,100727.5
15679294,1,32,4,2,46,589,10,107238.85,37024.28,0,1,0,0.5688,3417.17,1943.69,2.8964,0.2174,2.5,53619.42
15606507,1,1,4,3,24,555,5,0.0,27513.47,0,1,0,0.0497,200.0,9.94,0.0,0.2083,1.75,0.0
15578825,1,23,2,3,29,734,0,139994.66,17744.72,0,1,0,0.3,4324.84,1297.45,7.8889,0.0,1.0,139994.66
15619935,3,34,2,1,59,783,9,126224.87,4423.63,1,1,0,0.6505,3911.75,2544.59,28.5278,0.1525,4.35,126224.87
15636089,2,33,1,1,51,678,1,145751.03,109718.44,0,0,1,0.9478,4447.53,4215.37,1.3284,0.0196,0.15,145751.03
15727490,1,12,1,1,47,661,5,0.0,107243.31,1,0,1,0.8061,75.0,60.46,0.0,0.1064,2.75,0.0
15591766,3,22,1,3,25,607,4,121166.89,115288.24,1,0,0,0.1781,3710.01,660.75,1.051,0.16,2.6,121166.89
15641629,3,26,3,3,38,537,1,0.0,41233.97,1,0,0,0.1473,150.0,22.1,0.0,0.0263,2.15,0.0
15813303,3,16,4,3,88,513,10,0.0,52952.24,1,1,0,0.0479,200.0,9.58,0.0,0.1136,4.5,0.0
15756920,1,16,1,1,63,576,9,70655.48,78955.8,0,0,1,0.9302,2194.66,2041.47,0.8949,0.1429,1.35,70655.48
15726403,2,7,2,1,41,660,1,129901.21,26025.6,0,1,1,0.7504,4022.04,3018.14,4.9911,0.0244,1.15,129901.21
15592765,1,7,2,3,40,637,8,125470.81,174536.17,1,1,0,0.2512,3889.12,976.95,0.7189,0.2,4.2,125470.81
15704442,1,33,8,1,53,672,9,169406.33,147311.47,1,1,1,0.9932,5432.19,5395.25,1.15,0.1698,4.35,42351.58
15641136,1,7,3,3,32,629,2,0.0,77965.44,1,0,0,0.0418,150.0,6.27,0.0,0.0625,2.3,0.0
15725818,2,7,2,1,40,583,4,107041.3,5635.63,1,1,0,0.6663,3336.24,2222.94,18.9903,0.1,3.6,107041.3
15612071,3,29,1,3,32,763,10,95153.77,81310.1,1,0,0,0.1599,2929.61,468.44,1.1702,0.3125,3.5,95153.77
15719809,2,6,3,3,32,516,3,145166.09,111421.45,0,0,0,0.16,4504.98,720.8,1.3028,0.0938,0.45,72583.04
15716518,1,22,3,3,27,617,4,0.0,190269.21,0,0,0,0.1333,150.0,20.0,0.0,0.1481,0.6,0.0
15742210,1,8,2,3,38,700,9,65962.63,100950.48,1,1,0,0.1827,2103.88,384.38,0.6534,0.2368,4.35,65962.63
15630617,2,8,2,2,36,727,6,140418.81,113033.73,1,1,1,0.5113,4337.56,2217.79,1.2423,0.1667,3.9,140418.81
15720838,3,28,1,3,31,689,3,139799.63,120663.57,1,0,0,0.2529,4268.99,1079.63,1.1586,0.0968,2.45,139799.63
15595537,2,12,4,2,49,626,9,171787.84,187192.23,0,1,0,0.6478,5353.64,3468.09,0.9177,0.1837,2.35,85893.92
15623196,1,8,2,3,38,686,6,149238.97,97825.23,1,1,0,0.2158,4602.17,993.15,1.5256,0.1579,3.9,149238.97
15679249,2,31,2,1,57,351,4,163146.46,169621.69,0,1,1,0.9804,5019.39,4921.01,0.9618,0.0702,1.6,163146.46
15693199,1,28,4,3,37,739,8,0.0,191557.1,0,1,1,0.2017,200.0,40.34,0.0,0.2162,2.2,0.0
15661219,1,7,4,3,32,627,10,0.0,103287.62,0,1,0,0.024,200.0,4.8,0.0,0.3125,2.5,0.0
15617136,2,26,2,2,38,451,9,61482.47,167538.66,1,1,0,0.3988,1969.47,785.42,0.367,0.2368,4.35,61482.47
15760294,1,26,2,2,41,512,8,145150.28,64869.32,0,1,1,0.5883,4479.51,2635.3,2.2375,0.1951,2.2,145150.28
15652808,1,29,2,2,41,774,5,126670.37,102426.06,0,1,0,0.524,3925.11,2056.76,1.2367,0.122,1.75,126670.37
15657139,1,27,3,3,40,652,8,84390.8,107876.2,1,0,0,0.3426,2681.72,918.76,0.7823,0.2,3.2,42195.4
15803790,2,7,4,3,37,638,2,89728.86,37294.88,1,1,0,0.1565,2891.87,452.58,2.4059,0.0541,3.3,44864.43
15764105,1,31,4,1,57,475,1,0.0,89248.99,0,1,0,0.769,200.0,153.8,0.0,0.0175,1.15,0.0
15672610,3,6,1,2,40,567,4,118628.8,91973.63,0,0,0,0.4269,3633.86,1551.29,1.2898,0.1,0.6,118628.8
15766896,1,9,4,3,37,750,3,0.0,16870.2,0,1,0,0.0778,200.0,15.56,0.0,0.0811,1.45,0.0
15587735,1,10,2,3,39,850,6,96863.13,121681.19,1,1,0,0.2058,3030.89,623.76,0.796,0.1538,3.9,96863.13
15659501,1,29,1,3,38,753,6,142263.45,33730.43,1,0,0,0.2428,4342.9,1054.46,4.2175,0.1579,2.9,142263.45
15745001,3,28,4,3,36,683,7,0.0,104786.59,0,1,0,0.1548,200.0,30.96,0.0,0.1944,2.05,0.0
15651140,1,28,2,2,32,710,3,0.0,94790.34,0,1,0,0.5417,125.0,67.71,0.0,0.0938,1.45,0.0
15571148,3,22,3,3,21,645,1,0.0,28726.07,0,0,0,0.1151,150.0,17.26,0.0,0.0476,0.15,0.0
15776824,1,3,2,3,28,714,6,122724.37,67057.27,1,1,0,0.1574,3806.73,599.18,1.8301,0.2143,3.9,122724.37
15633141,2,28,2,2,35,696,4,174902.26,69079.85,0,1,0,0.5351,5372.07,2874.59,2.5318,0.1143,1.6,174902.26
15764174,3,22,4,3,26,612,4,0.0,179780.74,1,1,0,0.1225,200.0,24.5,0.0,0.1538,3.6,0.0
15778155,2,26,2,1,31,520,3,108914.17,183572.39,1,1,1,0.6785,3392.43,2301.76,0.5933,0.0968,3.45,108914.17
15715920,3,4,2,3,23,782,10,98052.66,142587.32,1,1,0,0.0517,3066.58,158.54,0.6877,0.4348,4.5,98052.66
15671917,1,12,2,2,46,666,5,123873.19,177844.06,1,1,0,0.4694,3841.2,1803.06,0.6965,0.1087,3.75,123873.19
15666548,2,31,6,1,56,466,2,111920.13,197634.11,0,1,1,0.9932,3632.6,3607.9,0.5663,0.0357,1.3,37306.71
15625623,1,31,3,3,45,567,4,0.0,121053.19,1,0,0,0.252,150.0,37.8,0.0,0.0889,2.6,0.0
15748123,1,2,4,3,20,613,3,0.0,149613.77,1,1,0,0.0143,200.0,2.86,0.0,0.15,3.45,0.0
15648735,1,8,4,3,37,718,8,0.0,142.81,1,1,0,0.0458,200.0,9.16,0.0,0.2162,4.2,0.0
15634974,1,27,7,1,37,614,8,75150.34,131766.67,1,0,1,0.9813,2554.51,2506.74,0.5703,0.2162,3.2,18787.58
15713378,1,8,3,3,38,711,10,0.0,53311.78,0,0,0,0.1265,150.0,18.98,0.0,0.2632,1.5,0.0
15753370,2,28,2,1,38,691,5,114753.76,107665.02,0,1,0,0.768,3567.61,2739.92,1.0658,0.1316,1.75,114753.76
15782659,1,6,2,2,32,527,0,0.0,109523.88,0,1,0,0.4503,125.0,56.29,0.0,0.0,1.0,0.0
15583364,1,26,1,3,32,476,6,111871.93,112132.86,0,0,0,0.2993,3431.16,1026.95,0.9977,0.1875,0.9,111871.93
15625942,3,32,3,3,45,619,0,0.0,113645.4,0,0,0,0.3137,150.0,47.06,0.0,0.0,0.0,0.0
15720284,2,27,1,1,37,607,4,135927.06,180890.4,0,0,0,0.7233,4152.81,3003.73,0.7514,0.1081,0.6,135927.06
15679642,3,8,4,3,44,695,8,0.0,70974.13,1,1,0,0.0773,200.0,15.46,0.0,0.1818,4.2,0.0
15628007,1,7,3,3,33,653,1,0.0,53379.52,0,0,0,0.0297,150.0,4.46,0.0,0.0303,0.15,0.0
15661974,1,13,2,2,46,677,2,57037.74,158531.01,1,1,0,0.5762,1836.13,1057.98,0.3598,0.0435,3.3,57037.74
15689341,1,32,8,1,50,655,10,0.0,179267.94,0,1,1,0.9904,350.0,346.64,0.0,0.2,2.5,0.0
15607993,1,32,2,2,52,625,2,79468.96,84606.03,1,1,0,0.586,2509.07,1470.32,0.9393,0.0385,3.3,79468.96
15693267,2,28,2,1,34,679,7,121063.85,56984.58,0,1,0,0.7095,3756.92,2665.53,2.1245,0.2059,2.05,121063.85
15769522,1,13,2,2,51,734,1,118537.47,116912.45,1,1,0,0.5676,3681.12,2089.4,1.0139,0.0196,3.15,118537.47
15755825,1,7,4,3,39,666,10,0.0,102999.33,0,1,0,0.0822,200.0,16.44,0.0,0.2564,2.5,0.0
15598175,2,22,4,3,26,592,4,105082.07,132801.57,0,1,0,0.23,3352.46,771.07,0.7913,0.1538,1.6,52541.04
15744327,1,6,2,1,40,564,4,0.0,85455.62,0,1,1,0.6887,125.0,86.09,0.0,0.1,1.6,0.0
15798666,1,30,4,3,36,814,6,0.0,98657.01,1,1,0,0.0789,200.0,15.78,0.0,0.1667,3.9,0.0
15577064,2,7,4,3,36,592,2,104702.65,107948.72,0,1,0,0.2096,3341.08,700.29,0.9699,0.0556,1.3,52351.32
15759436,1,34,6,1,50,758,2,95813.76,67944.09,1,1,1,0.9853,3149.41,3103.11,1.4102,0.04,3.3,31937.92
15690231,3,37,4,3,62,612,0,167026.61,192892.05,1,1,0,0.3438,5210.8,1791.47,0.8659,0.0,3.0,83513.3
15751561,2,16,2,1,61,498,7,102453.26,187247.56,0,1,1,0.964,3198.6,3083.45,0.5472,0.1148,2.05,102453.26
15739068,2,2,4,3,25,638,4,148045.45,114722.42,1,1,0,0.1077,4641.36,499.87,1.2905,0.16,3.6,74022.73
15758056,1,6,3,3,35,558,1,0.0,111687.57,0,0,0,0.0559,150.0,8.38,0.0,0.0286,0.15,0.0
15742269,1,24,4,3,24,756,1,0.0,184182.25,0,1,0,0.0945,200.0,18.9,0.0,0.0417,1.15,0.0
15726490,3,14,2,1,52,782,4,0.0,52759.82,1,1,1,0.7207,125.0,90.09,0.0,0.0769,3.6,0.0
15738411,1,6,1,3,34,505,10,104498.79,126451.14,1,0,0,0.0979,3209.96,314.26,0.8264,0.2941,3.5,104498.79
15727919,3,23,3,3,29,671,6,0.0,12048.67,0,0,0,0.1563,150.0,23.44,0.0,0.2069,0.9,0.0
15709396,1,10,4,3,42,801,6,0.0,95804.33,1,1,0,0.0429,200.0,8.58,0.0,0.1429,3.9,0.0
15654106,1,2,3,3,26,604,8,149542.52,197911.52,1,0,0,0.0632,4636.28,293.01,0.7556,0.3077,3.2,74771.26
15621653,1,23,2,3,29,716,10,87946.39,182531.74,1,1,0,0.271,2763.39,748.88,0.4818,0.3448,4.5,87946.39
15598086,1,32,2,1,45,624,3,68639.57,168002.31,0,1,1,0.8556,2184.19,1868.79,0.4086,0.0667,1.45,68639.57
15752300,2,12,2,1,47,607,4,148826.32,79450.61,1,1,0,0.7824,4589.79,3591.05,1.8732,0.0851,3.6,148826.32
15658693,1,40,3,3,60,827,2,0.0,60615.83,1,0,0,0.127,150.0,19.05,0.0,0.0333,2.3,0.0
15631838,1,17,3,2,61,606,5,108166.09,8643.21,1,0,0,0.4279,3394.98,1452.71,12.5131,0.082,2.75,54083.04
15803804,2,28,2,1,35,717,5,103214.71,172172.7,0,1,0,0.747,3221.44,2406.42,0.5995,0.1429,1.75,103214.71
15578809,2,7,3,3,40,651,1,134760.21,174434.06,0,0,1,0.2515,4192.81,1054.49,0.7726,0.025,0.15,67380.1
15752026,1,13,1,1,58,691,3,0.0,194930.3,1,0,1,0.8346,75.0,62.6,0.0,0.0517,2.45,0.0
15723706,1,26,2,3,33,573,0,90124.64,137476.71,0,1,0,0.2215,2828.74,626.57,0.6556,0.0,1.0,90124.64
15752838,3,8,4,3,38,723,6,0.0,94415.6,1,1,0,0.0364,200.0,7.28,0.0,0.1579,3.9,0.0
15569571,2,32,4,1,46,584,6,87361.02,120376.87,0,1,1,0.7075,2820.83,1995.74,0.7257,0.1304,1.9,43680.51
15769703,2,31,1,1,45,550,8,111257.59,97623.42,0,0,1,0.911,3412.73,3109.0,1.1396,0.1778,1.2,111257.59
15679770,1,37,7,1,61,611,3,131583.59,66238.23,1,0,1,0.9916,4247.51,4211.83,1.9865,0.0492,2.45,32895.9
15791102,2,6,6,1,41,549,9,95020.8,131710.59,1,1,1,0.9546,3125.62,2983.72,0.7214,0.2195,4.35,31673.6
15655192,3,25,3,3,24,850,1,0.0,69052.87,1,0,0,0.0422,150.0,6.33,0.0,0.0417,2.15,0.0
15709487,2,7,3,3,34,668,5,80242.37,56780.97,0,0,0,0.1218,2557.27,311.48,1.4132,0.1471,0.75,40121.18
15687130,1,28,2,2,43,686,0,0.0,170072.9,1,1,0,0.5831,125.0,72.89,0.0,0.0,3.0,0.0
15755178,1,12,6,1,50,660,1,0.0,191849.15,1,1,1,0.9789,275.0,269.2,0.0,0.02,3.15,0.0
15634772,3,33,1,2,59,682,0,122661.39,84803.76,1,0,0,0.6197,3754.84,2326.87,1.4464,0.0,2.0,122661.39
15617197,1,11,4,3,50,524,4,0.0,31840.59,1,1,1,0.251,200.0,50.2,0.0,0.08,3.6,0.0
15631240,1,27,4,3,36,645,8,0.0,12096.61,1,1,1,0.1538,200.0,30.76,0.0,0.2222,4.2,0.0
15784301,1,10,4,3,42,850,0,0.0,44165.84,0,1,0,0.0929,200.0,18.58,0.0,0.0,1.0,0.0
15631310,1,31,2,1,53,537,3,0.0,91406.62,1,1,0,0.8208,125.0,102.6,0.0,0.0566,3.45,0.0
15756560,3,32,4,2,46,599,7,81742.84,83282.21,0,1,0,0.6114,2652.29,1621.61,0.9815,0.1522,2.05,40871.42
15732270,3,18,2,2,71,727,8,0.0,198446.91,1,1,1,0.355,125.0,44.38,0.0,0.1127,4.2,0.0
15739357,3,9,1,3,30,756,2,145127.85,7554.68,0,0,0,0.1459,4428.84,646.17,19.2078,0.0667,0.3,145127.85
15771540,1,9,2,2,38,755,9,148912.44,80416.16,0,1,0,0.4233,4592.37,1943.95,1.8517,0.2368,2.35,148912.44
15567486,3,27,4,3,41,634,4,0.0,164549.74,1,1,0,0.1408,200.0,28.16,0.0,0.0976,3.6,0.0
15714634,1,5,4,3,26,837,4,89900.24,175477.03,0,1,0,0.0276,2897.01,79.96,0.5123,0.1538,1.6,44950.12
15727021,2,28,4,3,30,727,8,119027.28,137903.54,1,1,0,0.2087,3770.82,786.97,0.8631,0.2667,4.2,59513.64
15650670,2,26,4,2,40,567,2,105222.86,93795.86,0,1,0,0.4356,3356.69,1462.17,1.1218,0.05,1.3,52611.43
15711834,3,27,1,2,30,650,6,0.0,67997.13,0,0,1,0.4896,75.0,36.72,0.0,0.2,0.9,0.0
15729763,3,7,2,3,34,655,1,116114.93,49492.15,1,1,0,0.1546,3608.45,557.87,2.3461,0.0294,3.15,116114.93
15646566,1,34,1,1,58,763,9,187911.55,35825.18,1,0,0,0.6745,5712.35,3852.98,5.2451,0.1552,3.35,187911.55
15645463,1,25,4,3,27,843,5,0.0,67494.23,1,1,0,0.0372,200.0,7.44,0.0,0.1852,3.75,0.0
15672144,1,27,2,3,38,667,6,144432.04,73963.17,1,1,1,0.2964,4457.96,1321.34,1.9527,0.1579,3.9,144432.04
15596088,1,33,3,1,50,705,4,77065.9,145159.26,1,0,0,0.6792,2461.98,1672.18,0.5309,0.08,2.6,38532.95
15614878,2,22,2,2,29,660,6,180520.29,123850.58,1,1,0,0.4457,5540.61,2469.45,1.4576,0.2069,3.9,180520.29
15635240,1,6,3,3,42,553,1,0.0,23822.04,0,0,0,0.0534,150.0,8.01,0.0,0.0238,0.15,0.0
15775905,2,32,2,1,47,612,6,130024.87,45750.21,1,1,1,0.8413,4025.75,3386.86,2.842,0.1277,3.9,130024.87
15700657,2,27,2,1,40,641,2,110086.69,159773.14,0,1,0,0.784,3427.6,2687.24,0.689,0.05,1.3,110086.69
15611905,3,26,2,2,31,513,5,174853.46,84238.63,0,1,0,0.5022,5370.6,2697.12,2.0757,0.1613,1.75,174853.46
15652527,1,8,1,3,44,680,7,108724.98,72330.46,1,0,0,0.3494,3336.75,1165.86,1.5031,0.1591,3.05,108724.98
15785865,1,13,4,3,58,711,9,91285.13,26767.85,1,1,0,0.3377,2938.55,992.35,3.4101,0.1552,4.35,45642.56
15645942,3,8,4,3,40,689,2,0.0,164768.82,1,1,0,0.0325,200.0,6.5,0.0,0.05,3.3,0.0
15688691,2,32,3,1,51,665,9,110610.41,1112.76,1,0,1,0.7607,3468.31,2638.34,99.3126,0.1765,3.35,55305.2
15592736,2,11,2,1,54,551,5,102994.04,176680.16,0,1,1,0.9677,3214.82,3110.98,0.5829,0.0926,1.75,102994.04
15673529,3,7,4,3,36,645,4,59893.85,43999.64,0,1,0,0.1888,1996.82,377.0,1.3612,0.1111,1.6,29946.92
15724145,2,2,2,2,29,616,8,149318.55,140746.13,0,1,0,0.398,4604.56,1832.61,1.0609,0.2759,2.2,149318.55
15704629,1,27,1,3,32,582,1,116409.55,152790.92,1,0,0,0.157,3567.29,560.06,0.7619,0.0312,2.15,116409.55
15597896,2,6,2,1,30,365,0,127760.07,81537.85,0,1,1,0.823,3957.8,3257.27,1.5669,0.0,1.0,127760.07
15731790,2,28,2,1,38,697,6,132591.36,7387.8,1,1,1,0.6846,4102.74,2808.74,17.9449,0.1579,3.9,132591.36
15634719,1,8,4,3,31,704,0,0.0,183038.33,0,1,0,0.0746,200.0,14.92,0.0,0.0,1.0,0.0
15703205,1,32,4,2,46,656,5,113402.14,138849.06,1,1,0,0.5336,3602.06,1922.06,0.8167,0.1087,3.75,56701.07
15567333,1,28,4,3,31,712,7,0.0,170333.38,0,1,0,0.1251,200.0,25.02,0.0,0.2258,2.05,0.0
15754537,1,9,1,2,40,748,0,0.0,60416.76,0,0,0,0.565,75.0,42.37,0.0,0.0,0.0,0.0
15612030,1,3,4,3,28,724,9,0.0,100240.2,1,1,0,0.023,200.0,4.6,0.0,0.3214,4.35,0.0
15573242,1,13,2,2,50,691,6,136953.47,2704.98,1,1,0,0.4974,4233.6,2105.79,50.6114,0.12,3.9,136953.47
15601892,1,6,3,3,33,563,8,0.0,68815.05,1,0,0,0.0318,150.0,4.77,0.0,0.2424,3.2,0.0
15663885,1,9,2,3,32,741,5,0.0,64839.23,1,1,0,0.3284,125.0,41.05,0.0,0.1562,3.75,0.0
15701096,1,9,2,2,44,778,8,123863.64,144494.94,0,1,0,0.6242,3840.91,2397.5,0.8572,0.1818,2.2,123863.64
15710450,3,5,2,3,22,848,7,120811.89,185510.34,1,1,0,0.1002,3749.36,375.69,0.6512,0.3182,4.05,120811.89
15790846,2,7,2,2,38,634,2,148430.55,56055.72,1,1,0,0.5576,4577.92,2552.65,2.6479,0.0526,3.3,148430.55
15658956,2,6,4,3,40,505,6,47869.69,155061.97,1,1,0,0.099,1636.09,161.97,0.3087,0.15,3.9,23934.84
15755223,2,13,3,1,53,692,7,150926.99,119817.19,0,0,0,0.8428,4677.81,3942.46,1.2596,0.1321,1.05,75463.5
15787318,2,31,2,1,47,537,6,103163.35,16259.64,0,1,1,0.937,3219.9,3017.05,6.3444,0.1277,1.9,103163.35
15737310,1,2,2,3,29,633,10,130206.28,184654.87,0,1,0,0.1927,4031.19,776.81,0.7051,0.3448,2.5,130206.28
15763665,1,25,3,3,28,833,4,136674.51,5278.78,0,0,0,0.0859,4250.24,365.1,25.8864,0.1429,0.6,68337.26
15668818,3,27,2,2,40,592,2,200322.45,113244.73,1,1,0,0.5258,6134.67,3225.61,1.7689,0.05,3.3,200322.45
15765812,3,12,4,3,48,587,1,0.0,8908.0,1,1,0,0.2241,200.0,44.82,0.0,0.0208,3.15,0.0
15704844,3,16,1,2,62,550,7,80927.56,64490.67,1,0,0,0.5061,2502.83,1266.68,1.2549,0.1129,3.05,80927.56
15744582,1,23,6,1,24,680,10,0.0,154971.63,0,1,1,0.8218,275.0,226.0,0.0,0.4167,2.5,0.0
15616700,3,27,4,3,41,622,9,0.0,155786.39,1,1,0,0.1967,200.0,39.34,0.0,0.2195,4.35,0.0
15683521,2,2,4,3,28,594,0,142574.71,129084.82,0,1,0,0.1621,4477.24,725.76,1.1045,0.0,1.0,71287.36
15583049,2,27,1,2,34,643,7,160426.07,188533.11,1,0,0,0.5022,4887.78,2454.64,0.8509,0.2059,3.05,160426.07
15643752,1,1,2,3,25,540,5,116160.23,13411.67,0,1,0,0.2088,3609.81,753.73,8.6605,0.2,1.75,116160.23
15620398,3,27,4,3,34,635,5,98683.47,15733.19,0,1,0,0.2466,3160.5,779.38,6.2719,0.1471,1.75,49341.74
15715707,1,7,4,3,32,657,3,118829.03,73127.61,1,1,0,0.1141,3764.87,429.57,1.6249,0.0938,3.45,59414.52
15814209,1,10,2,3,31,814,1,118870.92,101704.19,0,1,0,0.1428,3691.13,527.09,1.1688,0.0323,1.15,118870.92
15733768,1,7,2,3,32,600,1,0.0,101986.16,1,1,0,0.2646,125.0,33.08,0.0,0.0312,3.15,0.0
15755242,1,33,2,2,46,682,2,0.0,114442.66,1,1,0,0.6465,125.0,80.81,0.0,0.0435,3.3,0.0
15729412,1,8,2,3,38,682,4,107192.38,15669.17,1,1,0,0.2469,3340.77,824.84,6.8405,0.1053,3.6,107192.38
15746564,1,6,2,3,42,566,3,108010.78,157486.1,1,1,0,0.2817,3365.32,948.01,0.6858,0.0714,3.45,108010.78
15588446,3,6,3,3,34,550,3,0.0,131281.28,0,0,0,0.0491,150.0,7.36,0.0,0.0882,0.45,0.0
15665221,1,2,3,3,26,630,7,129837.72,197001.15,1,0,0,0.0413,4045.13,167.06,0.6591,0.2692,3.05,64918.86
15640846,2,31,8,1,58,546,3,106458.31,128881.87,0,1,1,0.9964,3543.75,3530.99,0.826,0.0517,1.45,26614.58
15700209,1,16,2,3,63,486,9,97009.15,85101.0,1,1,0,0.2617,3035.27,794.33,1.1399,0.1429,4.35,97009.15
15658360,3,9,3,3,35,762,9,122929.42,149822.04,0,0,0,0.2183,3837.88,837.81,0.8205,0.2571,1.35,61464.71
15602735,2,13,7,1,45,692,6,152296.83,108040.86,1,0,1,0.9871,4868.9,4806.09,1.4096,0.1333,2.9,38074.21
15724834,1,26,3,3,30,498,1,0.0,135795.53,0,0,0,0.104,150.0,15.6,0.0,0.0333,0.15,0.0
15800062,3,15,1,1,49,850,8,0.0,25867.67,0,0,1,0.9036,75.0,67.77,0.0,0.1633,1.2,0.0
15685300,1,7,4,3,35,603,6,128993.76,130483.56,0,1,0,0.2287,4069.81,930.77,0.9886,0.1714,1.9,64496.88
15760102,1,26,2,2,36,551,5,0.0,183479.12,0,1,0,0.6373,125.0,79.66,0.0,0.1389,1.75,0.0
15787026,2,2,4,3,27,627,0,185267.45,77027.34,1,1,0,0.154,5758.02,886.74,2.4052,0.0,3.0,92633.72
15653696,1,21,3,3,28,515,9,0.0,94141.75,0,0,0,0.1126,150.0,16.89,0.0,0.3214,1.35,0.0
15788946,3,22,1,2,29,605,3,116805.82,4092.75,0,0,0,0.3752,3579.17,1342.9,28.5327,0.1034,0.45,116805.82
15600724,2,1,2,2,29,567,5,129750.68,109257.59,0,1,0,0.5574,4017.52,2239.37,1.1876,0.1724,1.75,129750.68
15574324,2,21,3,3,29,568,2,129177.01,104617.99,1,0,0,0.1854,4025.31,746.29,1.2347,0.069,2.3,64588.5
15707144,2,1,4,3,25,571,6,82506.72,167705.07,0,1,0,0.0367,2675.2,98.18,0.492,0.24,1.9,41253.36
15775891,2,12,2,1,48,634,2,107247.69,103712.05,1,1,1,0.854,3342.43,2854.44,1.0341,0.0417,3.3,107247.69
15711789,3,29,1,1,42,768,3,0.0,161242.99,0,0,1,0.791,75.0,59.32,0.0,0.0714,0.45,0.0
15600879,2,26,4,3,36,554,3,157780.93,6089.13,0,1,0,0.2549,4933.43,1257.53,25.9076,0.0833,1.45,78890.46
15681196,1,7,2,3,35,629,1,172170.36,159777.37,1,1,0,0.1338,5290.11,707.82,1.0776,0.0286,3.15,172170.36
15716000,3,12,4,3,48,638,2,0.0,7919.08,1,1,0,0.1671,200.0,33.42,0.0,0.0417,3.3,0.0
15766776,1,6,2,2,41,576,1,0.0,188274.6,1,1,0,0.5715,125.0,71.44,0.0,0.0244,3.15,0.0
15680278,3,27,2,1,42,661,9,75361.44,27608.12,0,1,1,0.6517,2385.84,1554.85,2.7296,0.2143,2.35,75361.44
15688637,1,22,4,3,27,592,4,0.0,183569.25,1,1,0,0.1194,200.0,23.88,0.0,0.1481,3.6,0.0
15591179,3,8,4,3,30,702,2,0.0,145537.32,1,1,0,0.0251,200.0,5.02,0.0,0.0667,3.3,0.0
15677435,1,22,4,3,29,647,0,98263.46,164717.95,0,1,0,0.2065,3147.9,650.04,0.5966,0.0,1.0,49131.73
15698619,1,7,4,3,43,593,9,0.0,76357.43,1,1,0,0.1106,200.0,22.12,0.0,0.2093,4.35,0.0
15581036,2,28,4,2,40,712,3,109308.79,120158.72,0,1,1,0.4895,3479.26,1703.1,0.9097,0.075,1.45,54654.4
15622117,3,27,4,3,31,625,8,0.0,151843.54,0,1,0,0.1347,200.0,26.94,0.0,0.2581,2.2,0.0
15599301,2,21,1,2,28,538,6,164365.44,5698.97,1,0,0,0.3543,5005.96,1773.61,28.8362,0.2143,2.9,164365.44
15581548,3,22,2,2,22,637,5,98800.0,122865.55,0,1,0,0.3673,3089.0,1134.59,0.8041,0.2273,1.75,98800.0
15586870,1,2,2,3,27,632,4,193125.85,152665.85,1,1,0,0.3096,5918.78,1832.45,1.265,0.1481,3.6,193125.85
15735263,1,3,1,3,27,736,5,51522.75,192131.77,1,0,0,0.2809,1620.68,455.25,0.2682,0.1852,2.75,51522.75
15765322,1,4,4,3,23,755,5,84284.48,62851.6,1,1,0,0.0951,2728.53,259.48,1.341,0.2174,3.75,42142.24
15582944,3,26,4,3,39,425,5,0.0,140941.47,0,1,0,0.3119,200.0,62.38,0.0,0.1282,1.75,0.0
15687162,1,11,1,1,51,461,9,119889.84,56767.67,0,0,1,0.8623,3671.7,3166.11,2.1119,0.1765,1.35,119889.84
15644962,1,4,2,3,21,745,4,137910.45,177235.23,1,1,0,0.0692,4262.31,294.95,0.7781,0.1905,3.6,137910.45
15612615,1,27,4,3,37,616,6,0.0,86242.18,0,1,0,0.134,200.0,26.8,0.0,0.1622,1.9,0.0
15813439,1,7,2,3,33,587,5,100116.82,34215.58,0,1,0,0.2303,3128.5,720.49,2.926,0.1515,1.75,100116.82
15604544,2,10,3,3,40,850,4,166082.15,44406.17,1,0,0,0.1326,5132.46,680.56,3.74,0.1,2.6,83041.08
15761348,1,27,4,3,38,601,0,0.0,165196.65,0,1,0,0.1395,200.0,27.9,0.0,0.0,1.0,0.0
15785078,3,3,2,2,26,730,3,0.0,34542.41,0,1,0,0.3987,125.0,49.84,0.0,0.1154,1.45,0.0
15759874,1,6,2,1,44,532,3,148595.55,74838.64,0,1,1,0.6876,4582.87,3151.18,1.9855,0.0682,1.45,148595.55
15643658,2,15,4,1,53,850,2,94078.97,36980.54,0,1,0,0.739,3022.37,2233.53,2.5439,0.0377,1.3,47039.48
15713267,3,29,3,3,34,779,5,0.0,111676.63,1,0,0,0.072,150.0,10.8,0.0,0.1471,2.75,0.0
15737782,1,1,2,3,29,562,9,0.0,25858.68,1,1,0,0.2303,125.0,28.79,0.0,0.3103,4.35,0.0
15815490,2,8,5,1,40,670,2,164948.98,177028.0,0,0,1,0.9735,5173.47,5036.37,0.9318,0.05,0.3,54982.99
15679410,1,38,2,1,62,729,4,140549.4,30990.16,0,1,1,0.9291,4341.48,4033.67,4.5351,0.0645,1.6,140549.4
15756241,1,29,2,2,44,767,2,152509.25,136915.15,1,1,0,0.4868,4700.28,2288.1,1.1139,0.0455,3.3,152509.25
15688409,1,24,2,1,28,742,2,191864.51,108457.99,0,1,1,0.7164,5880.94,4213.11,1.769,0.0714,1.3,191864.51
15742272,1,27,1,1,44,669,8,96418.09,131609.48,0,0,1,0.7137,2967.54,2117.93,0.7326,0.1818,1.2,96418.09
15717898,3,6,1,3,32,542,2,131945.94,159737.56,1,0,0,0.17,4033.38,685.67,0.826,0.0625,2.3,131945.94
15769582,1,2,4,3,29,586,3,0.0,142238.54,1,1,0,0.0222,200.0,4.44,0.0,0.1034,3.45,0.0
15635660,2,7,2,2,30,612,9,142910.15,105890.55,0,1,1,0.5845,4412.3,2578.99,1.3496,0.3,2.35,142910.15
15576723,1,29,4,3,37,740,7,0.0,194270.91,1,1,0,0.0978,200.0,19.56,0.0,0.1892,4.05,0.0
15591577,1,7,2,3,35,584,3,146311.58,105443.47,1,1,0,0.15,4514.35,677.15,1.3876,0.0857,3.45,146311.58
15582325,1,11,2,1,52,524,2,87894.26,173899.42,0,1,1,0.9287,2761.83,2564.91,0.5054,0.0385,1.3,87894.26
15693947,1,22,4,3,19,614,5,97445.49,122823.34,0,1,0,0.1121,3123.36,350.13,0.7934,0.2632,1.75,48722.74
15760446,1,37,1,2,64,598,9,0.0,13181.37,1,0,1,0.5934,75.0,44.5,0.0,0.1406,3.35,0.0
15611105,3,9,3,3,35,799,7,0.0,140780.8,1,0,0,0.0392,150.0,5.88,0.0,0.2,3.05,0.0
15630920,1,8,3,3,34,724,2,154485.74,78560.64,0,0,0,0.1692,4784.57,809.55,1.9664,0.0588,0.3,77242.87
15574910,1,12,2,1,50,601,2,115625.07,185855.21,0,1,0,0.8564,3593.75,3077.69,0.6221,0.04,1.3,115625.07
15756472,1,5,2,3,25,804,7,108396.67,128276.95,0,1,0,0.1386,3376.9,468.04,0.845,0.28,2.05,108396.67
15682890,2,9,4,3,38,745,5,65095.41,140197.42,1,1,0,0.0607,2152.86,130.68,0.4643,0.1316,3.75,32547.7
15641994,2,7,2,1,43,667,1,103018.45,32462.39,0,1,1,0.8468,3215.55,2722.93,3.1734,0.0233,1.15,103018.45
15733297,1,26,2,2,38,518,10,84764.79,162253.9,1,1,0,0.4332,2667.94,1155.75,0.5224,0.2632,4.5,84764.79
15767793,1,30,4,3,38,819,10,0.0,30498.7,0,1,0,0.1659,200.0,33.18,0.0,0.2632,2.5,0.0
15725698,3,26,2,3,35,520,4,115680.81,90280.7,1,1,0,0.18,3595.42,647.18,1.2813,0.1143,3.6,115680.81
15813532,1,27,4,3,39,625,5,0.0,32615.21,0,1,0,0.1474,200.0,29.48,0.0,0.1282,1.75,0.0
15576760,2,8,3,3,36,673,5,73088.06,196142.26,0,0,0,0.0574,2342.64,134.47,0.3726,0.1389,0.75,36544.03
15732102,2,22,4,3,27,656,3,150905.03,16998.72,0,1,0,0.1311,4727.15,619.73,8.8769,0.1111,1.45,75452.52
15739046,3,25,1,3,23,850,9,143054.85,62980.96,1,0,0,0.1314,4366.65,573.78,2.2714,0.3913,3.35,143054.85
15631927,3,21,3,3,28,574,7,0.0,185660.3,0,0,0,0.1552,150.0,23.28,0.0,0.25,1.05,0.0
15672115,1,18,4,3,60,679,6,0.0,77331.77,1,1,0,0.0959,200.0,19.18,0.0,0.1,3.9,0.0
15618765,2,26,1,1,42,530,0,99948.45,97338.62,1,0,0,0.7622,3073.45,2342.58,1.0268,0.0,2.0,99948.45
15679148,1,6,3,2,44,508,3,115451.05,67234.33,0,0,0,0.3657,3613.53,1321.47,1.7171,0.0682,0.45,57725.52
15728474,2,6,2,2,32,558,4,108235.91,143783.28,1,1,0,0.4024,3372.08,1356.92,0.7528,0.125,3.6,108235.91
15636999,1,6,1,2,38,414,8,0.0,77661.12,1,0,1,0.6493,75.0,48.7,0.0,0.2105,3.2,0.0
15754261,3,7,4,3,42,648,2,98795.61,89123.99,0,1,0,0.3079,3163.87,974.16,1.1085,0.0476,1.3,49397.8
15629150,1,28,4,3,37,721,1,0.0,70810.8,0,1,0,0.1577,200.0,31.54,0.0,0.027,1.15,0.0
15736274,1,9,3,3,31,751,8,0.0,17550.49,0,0,0,0.072,150.0,10.8,0.0,0.2581,1.2,0.0
15627697,1,7,3,3,34,662,2,0.0,21497.27,1,0,0,0.034,150.0,5.1,0.0,0.0588,2.3,0.0
15721585,2,2,3,3,29,628,3,113146.98,124749.08,1,0,0,0.1465,3544.41,519.26,0.907,0.1034,2.45,56573.49
15639946,2,27,6,1,39,597,8,162532.14,36051.46,0,1,1,0.9836,5150.96,5066.48,4.5082,0.2051,2.2,54177.38
15792176,3,28,2,3,40,698,0,92053.44,143681.83,1,1,0,0.2961,2886.6,854.72,0.6407,0.0,3.0,92053.44
15699450,1,13,4,3,48,723,7,0.0,150694.58,1,1,0,0.1006,200.0,20.12,0.0,0.1458,4.05,0.0
15729954,1,22,6,1,28,586,5,0.0,170487.4,0,1,1,0.8675,275.0,238.56,0.0,0.1786,1.75,0.0
15600103,2,22,2,2,29,633,8,104944.1,97684.46,1,1,0,0.4586,3273.32,1501.14,1.0743,0.2759,4.2,104944.1
15786200,1,6,4,3,31,564,4,0.0,53520.03,0,1,0,0.0417,200.0,8.34,0.0,0.129,1.6,0.0
15797010,1,27,4,3,31,649,2,0.0,15200.61,0,1,0,0.133,200.0,26.6,0.0,0.0645,1.3,0.0
15670172,1,27,1,3,30,622,4,107879.04,196894.62,1,0,0,0.2569,3311.37,850.69,0.5479,0.1333,2.6,107879.04
15627352,2,11,2,1,46,459,7,110356.42,4969.13,0,1,1,0.9101,3435.69,3126.82,22.2039,0.1522,2.05,110356.42
15622494,1,3,3,3,27,718,2,0.0,26229.24,0,0,0,0.039,150.0,5.85,0.0,0.0741,0.3,0.0
15585835,3,27,4,2,34,655,4,109783.69,134034.32,0,1,0,0.3929,3493.51,1372.6,0.8191,0.1176,1.6,54891.84
15595071,1,3,2,3,22,696,9,149777.0,198032.93,1,1,0,0.0992,4618.31,458.14,0.7563,0.4091,4.35,149777.0
15628203,1,27,1,2,38,637,3,104339.56,119882.86,0,0,0,0.4339,3205.19,1390.73,0.8703,0.0789,0.45,104339.56
15667190,3,22,2,3,21,630,1,85818.18,133102.3,1,1,0,0.0876,2699.55,236.48,0.6447,0.0476,3.15,85818.18
15780212,1,7,1,2,37,592,4,212692.97,176395.02,0,0,0,0.4863,6455.79,3139.45,1.2058,0.1081,0.6,212692.97
15766869,2,7,4,3,37,634,1,89696.84,193179.88,1,1,0,0.0894,2890.91,258.45,0.4643,0.027,3.15,44848.42
15775741,1,22,4,3,28,608,9,0.0,125062.02,1,1,0,0.0585,200.0,11.7,0.0,0.3214,4.35,0.0
15628170,2,26,2,3,32,565,9,68067.24,143287.58,0,1,0,0.2389,2167.02,517.7,0.475,0.2812,2.35,68067.24
15701318,3,19,1,3,67,763,9,148564.66,87236.4,1,0,0,0.3074,4531.94,1393.12,1.703,0.1343,3.35,148564.66
15710928,1,32,2,2,55,665,8,136354.16,93769.89,1,1,0,0.5941,4215.62,2504.5,1.4541,0.1455,4.2,136354.16
15682547,1,7,1,3,38,649,1,122214.0,88965.46,1,0,0,0.2105,3741.42,787.57,1.3737,0.0263,2.15,122214.0
15631170,1,13,4,3,45,695,3,0.0,30793.61,1,1,0,0.1038,200.0,20.76,0.0,0.0667,3.45,0.0
15648702,2,19,4,3,70,775,6,119684.88,74532.02,1,1,0,0.3235,3790.55,1226.24,1.6058,0.0857,3.9,59842.44
15783444,1,29,1,3,39,788,3,135139.33,113086.08,1,0,0,0.3292,4129.18,1359.33,1.195,0.0769,2.45,135139.33
15809178,2,26,2,1,42,569,9,146100.75,32574.01,0,1,1,0.8048,4508.02,3628.05,4.4851,0.2143,2.35,146100.75
15806688,3,33,5,1,56,726,8,123110.9,130113.78,1,0,1,0.9898,3918.33,3878.36,0.9462,0.1429,3.2,41036.97
15576824,2,26,6,1,44,564,3,111760.4,104722.47,1,1,1,0.9841,3627.81,3570.13,1.0672,0.0682,3.45,37253.47
15675422,1,26,2,3,32,544,9,110728.39,14559.62,1,1,0,0.1845,3446.85,635.94,7.6046,0.2812,4.35,110728.39
15681550,1,27,2,2,41,614,8,121558.46,598.8,1,1,0,0.3857,3771.75,1454.76,202.665,0.1951,4.2,121558.46
15812628,2,26,2,1,38,453,8,120623.21,129697.99,0,1,0,0.7319,3743.7,2740.01,0.93,0.2105,2.2,120623.21
15597951,1,31,2,2,58,471,4,114713.57,36315.03,1,1,0,0.5421,3566.41,1933.35,3.1588,0.069,3.6,114713.57
15807045,2,30,1,1,37,829,3,103457.76,1114.12,0,0,0,0.6953,3178.73,2210.17,92.7772,0.0811,0.45,103457.76
15581748,2,14,4,2,57,754,2,101134.87,70954.41,1,1,0,0.486,3234.05,1571.75,1.4253,0.0351,3.3,50567.44
15770420,2,14,4,3,46,749,10,78136.36,73470.98,1,1,0,0.2782,2544.09,707.77,1.0635,0.2174,4.5,39068.18
15608230,1,2,4,3,23,667,1,0.0,91573.19,0,1,0,0.0524,200.0,10.48,0.0,0.0435,1.15,0.0
15730339,3,8,1,3,30,670,3,133446.34,3154.95,0,0,0,0.2727,4078.39,1112.18,42.284,0.1,0.45,133446.34
15712584,1,28,4,3,33,670,7,0.0,88187.81,1,1,0,0.0681,200.0,13.62,0.0,0.2121,4.05,0.0
15592816,2,32,2,1,48,623,1,108076.33,118855.26,0,1,1,0.9589,3367.29,3228.89,0.9093,0.0208,1.15,108076.33
15641480,1,6,2,3,32,571,5,131354.25,125256.53,0,1,0,0.2391,4065.63,972.09,1.0487,0.1562,1.75,131354.25
15708505,2,27,3,3,37,641,7,62974.64,39016.43,1,0,0,0.2012,2039.24,410.3,1.614,0.1892,3.05,31487.32
15791131,2,26,2,1,30,551,2,143340.44,145796.49,0,1,0,0.6602,4425.21,2921.52,0.9831,0.0667,1.3,143340.44
15618225,2,9,4,3,36,741,8,116993.43,168816.22,0,1,0,0.2385,3709.8,884.79,0.693,0.2222,2.2,58496.72
15644724,1,6,3,3,31,472,4,58662.92,73322.0,1,0,0,0.1204,1909.89,229.95,0.8001,0.129,2.6,29331.46
15662098,3,7,5,1,41,650,3,128808.65,113677.53,0,0,1,0.9758,4089.26,3990.3,1.1331,0.0732,0.45,42936.22
15723894,1,12,1,2,45,625,7,137555.44,124607.7,0,0,0,0.6144,4201.66,2581.5,1.1039,0.1556,1.05,137555.44
15787699,2,7,2,2,34,650,4,142393.11,11276.48,1,1,0,0.4354,4396.79,1914.36,12.6263,0.1176,3.6,142393.11
15687738,1,26,4,3,38,535,8,0.0,136620.64,0,1,0,0.1933,200.0,38.66,0.0,0.2105,2.2,0.0
15576126,1,27,2,2,41,649,2,125785.23,70523.92,1,1,0,0.3898,3898.56,1519.66,1.7836,0.0488,3.3,125785.23
15658889,1,3,2,2,22,689,4,136444.25,51980.25,0,1,1,0.4215,4218.33,1778.03,2.6249,0.1818,1.6,136444.25
15667046,3,8,2,2,38,694,7,121527.4,113481.02,0,1,0,0.3679,3770.82,1387.28,1.0709,0.1842,2.05,121527.4
15669957,2,12,2,1,52,655,9,144696.75,49025.79,1,1,0,0.8099,4465.9,3616.93,2.9514,0.1731,4.35,144696.75
15655794,1,7,4,3,36,620,8,0.0,145937.99,1,1,0,0.0223,200.0,4.46,0.0,0.2222,4.2,0.0
15599829,1,26,4,3,35,577,10,0.0,25161.61,1,1,0,0.1596,200.0,31.92,0.0,0.2857,4.5,0.0
15753332,2,11,2,1,48,401,8,128140.17,175753.55,0,1,1,0.9742,3969.21,3866.8,0.7291,0.1667,2.2,128140.17
15671124,1,2,2,3,25,599,6,120383.41,24903.09,1,1,0,0.1213,3736.5,453.24,4.8339,0.24,3.9,120383.41
15767474,1,31,6,1,57,481,9,0.0,169719.35,1,1,1,0.9824,275.0,270.16,0.0,0.1579,4.35,0.0
15720671,1,8,4,3,42,704,8,129735.3,179565.57,1,1,0,0.1393,4092.06,570.02,0.7225,0.1905,4.2,64867.65
15626787,3,28,1,1,31,698,8,185078.26,115337.74,0,0,1,0.7169,5627.35,4034.25,1.6046,0.2581,1.2,185078.26
15774491,1,21,3,3,28,480,6,0.0,48131.92,0,0,0,0.1276,150.0,19.14,0.0,0.2143,0.9,0.0
15579647,1,8,2,2,42,682,0,0.0,160828.98,1,1,0,0.4104,125.0,51.3,0.0,0.0,3.0,0.0
15625522,3,8,3,3,31,700,7,0.0,145151.96,1,0,0,0.0307,150.0,4.61,0.0,0.2258,3.05,0.0
15765806,1,1,2,3,29,492,1,144591.96,196293.76,1,1,0,0.1498,4462.76,668.52,0.7366,0.0345,3.15,144591.96
15566708,1,31,4,2,45,444,4,0.0,161653.5,0,1,1,0.4328,200.0,86.56,0.0,0.0889,1.6,0.0
15668347,1,7,3,3,36,624,6,0.0,84635.64,0,0,0,0.0706,150.0,10.59,0.0,0.1667,0.9,0.0
15575214,1,8,2,2,37,709,7,0.0,159486.76,0,1,0,0.5269,125.0,65.86,0.0,0.1892,2.05,0.0
15591123,2,16,2,2,68,557,2,100194.44,38596.34,1,1,0,0.4755,3130.83,1488.71,2.5959,0.0294,3.3,100194.44
15573280,2,12,4,2,50,646,6,145295.31,27814.74,1,1,0,0.3947,4558.86,1799.38,5.2235,0.12,3.9,72647.66
15589018,2,3,4,3,28,719,3,106070.29,183893.31,1,1,0,0.1087,3382.11,367.64,0.5768,0.1071,3.45,53035.14
15654495,2,33,2,1,47,706,6,120621.89,140803.7,1,1,0,0.8607,3743.66,3222.17,0.8567,0.1277,3.9,120621.89
15597265,1,7,3,3,38,660,7,0.0,146585.53,1,0,0,0.0445,150.0,6.68,0.0,0.1842,3.05,0.0
15733876,1,7,4,3,36,667,9,0.0,40062.29,1,1,0,0.0254,200.0,5.08,0.0,0.25,4.35,0.0
15677217,1,8,2,3,30,705,1,0.0,181300.32,1,1,0,0.2177,125.0,27.21,0.0,0.0333,3.15,0.0
15747265,2,22,2,3,27,598,10,171283.91,84136.12,1,1,0,0.2813,5263.52,1480.63,2.0358,0.3704,4.5,171283.91
15713379,1,2,4,3,26,669,4,0.0,197594.34,1,1,0,0.0241,200.0,4.82,0.0,0.1538,3.6,0.0
15730433,2,27,2,1,38,580,1,128218.47,125953.83,0,1,1,0.8162,3971.55,3241.58,1.018,0.0263,1.15,128218.47
15693347,1,28,4,3,32,676,5,0.0,75465.41,1,1,0,0.0913,200.0,18.26,0.0,0.1562,3.75,0.0
15715465,2,3,2,3,28,714,7,77776.39,177737.07,0,1,0,0.318,2458.29,781.74,0.4376,0.25,2.05,77776.39
15680736,2,37,4,3,72,597,6,124978.19,7144.46,1,1,0,0.2939,3949.35,1160.71,17.4906,0.0833,3.9,62489.1
15610765,1,1,3,3,29,559,1,0.0,155639.76,0,0,0,0.0317,150.0,4.76,0.0,0.0345,0.15,0.0
15650034,1,21,2,3,28,564,1,0.0,162428.05,1,1,0,0.2358,125.0,29.48,0.0,0.0357,3.15,0.0
15782468,3,15,4,2,51,850,3,109799.55,12457.76,1,1,1,0.4066,3493.99,1420.66,8.813,0.0588,3.45,54899.78
15685109,1,8,3,3,39,689,7,0.0,14917.09,0,0,0,0.0767,150.0,11.5,0.0,0.1795,1.05,0.0
15776233,2,39,2,1,61,758,8,125397.21,182184.09,0,1,1,0.9514,3886.92,3698.02,0.6883,0.1311,2.2,125397.21
15761141,3,37,4,3,71,604,10,0.0,129984.2,1,1,0,0.182,200.0,36.4,0.0,0.1408,4.5,0.0
15781702,2,8,3,3,38,733,9,111347.37,194872.97,1,0,0,0.1867,3490.42,651.66,0.5714,0.2368,3.35,55673.68
15790235,3,9,4,3,40,778,8,104291.41,117507.11,1,1,0,0.1767,3328.74,588.19,0.8875,0.2,4.2,52145.7
15641416,2,38,4,1,61,732,9,94867.18,157527.6,1,1,1,0.6872,3046.02,2093.22,0.6022,0.1475,4.35,47433.59
15775234,1,2,3,3,24,646,8,0.0,92612.88,0,0,0,0.0502,150.0,7.53,0.0,0.3333,1.2,0.0
15659475,1,27,3,3,33,597,6,135703.59,74850.84,0,0,0,0.2082,4221.11,878.84,1.813,0.1818,0.9,67851.8
15642202,2,30,3,3,37,821,5,106453.53,127413.0,1,0,0,0.1757,3343.61,587.47,0.8355,0.1351,2.75,53226.76
15771417,1,7,1,1,43,640,7,132412.38,69584.3,0,0,1,0.6596,4047.37,2669.65,1.9029,0.1628,1.05,132412.38
15585100,2,26,2,1,40,511,9,124401.6,198814.24,0,1,1,0.8075,3857.05,3114.57,0.6257,0.225,2.35,124401.6
15700487,1,15,6,1,46,805,6,118022.06,162643.15,0,1,1,0.9738,3815.66,3715.69,0.7256,0.1304,1.9,39340.69
15726589,2,6,2,2,39,540,1,82531.11,114092.52,0,1,0,0.5354,2600.93,1392.54,0.7234,0.0256,1.15,82531.11
15747503,3,8,2,1,44,705,0,184552.12,68860.3,0,1,1,0.7496,5661.56,4243.91,2.6801,0.0,1.0,184552.12
15595883,2,6,2,1,39,540,4,127278.31,16150.34,1,1,0,0.6882,3943.35,2713.81,7.8804,0.1026,3.6,127278.31
15663826,3,36,2,3,66,532,3,0.0,115227.02,1,1,0,0.3411,125.0,42.64,0.0,0.0455,3.45,0.0
15742820,1,31,3,3,45,535,2,0.0,170621.55,1,0,0,0.3239,150.0,48.58,0.0,0.0444,2.3,0.0
15624793,2,2,2,2,23,627,5,184244.86,103099.22,0,1,0,0.4861,5652.35,2747.61,1.787,0.2174,1.75,184244.86
15597930,1,12,1,1,52,646,8,59669.43,172495.81,0,0,1,0.934,1865.08,1741.98,0.3459,0.1538,1.2,59669.43
15665110,1,21,1,3,25,515,7,79543.59,38772.82,1,0,0,0.0944,2461.31,232.35,2.0515,0.28,3.05,79543.59
15770719,1,28,2,3,39,697,6,151553.19,44946.29,1,1,0,0.2492,4671.6,1164.16,3.3718,0.1538,3.9,151553.19
15731327,2,2,3,3,27,652,2,166527.88,146007.7,1,0,0,0.0734,5145.84,377.7,1.1405,0.0741,2.3,83263.94
15576044,2,1,2,2,28,579,6,150329.15,145558.42,0,1,0,0.3806,4634.87,1764.03,1.0328,0.2143,1.9,150329.15
15775662,1,9,2,2,43,760,8,121911.59,193312.33,0,1,0,0.6016,3782.35,2275.46,0.6306,0.186,2.2,121911.59
15646817,1,14,4,1,51,769,9,156773.78,40257.79,0,1,0,0.8055,4903.21,3949.54,3.8942,0.1765,2.35,78386.89
15596060,3,1,2,3,29,498,8,127864.26,46677.9,1,1,0,0.1046,3960.93,414.31,2.7392,0.2759,4.2,127864.26
15723299,1,14,2,2,53,774,4,113709.28,153887.93,1,1,1,0.4923,3536.28,1740.91,0.7389,0.0755,3.6,113709.28
15636982,2,28,2,2,43,705,7,79974.55,103108.33,1,1,0,0.5358,2524.24,1352.49,0.7756,0.1628,4.05,79974.55
15751175,1,27,4,3,44,648,2,0.0,58652.23,1,1,0,0.1472,200.0,29.44,0.0,0.0455,3.3,0.0
15618936,1,33,2,1,51,688,5,0.0,91624.11,0,1,1,0.9473,125.0,118.41,0.0,0.098,1.75,0.0
15787529,3,7,2,2,38,592,0,0.0,65986.48,0,1,1,0.5695,125.0,71.19,0.0,0.0,1.0,0.0
15780128,1,8,4,3,33,705,3,144427.96,113845.19,0,1,0,0.1385,4532.84,627.8,1.2686,0.0909,1.45,72213.98
15615991,1,7,2,3,42,654,7,99263.09,67607.9,1,1,0,0.2381,3102.89,738.8,1.4682,0.1667,4.05,99263.09
15757001,1,27,4,3,32,624,2,79368.87,145471.94,1,1,0,0.1174,2581.07,303.02,0.5456,0.0625,3.3,39684.44
15595388,1,27,4,3,30,594,10,0.0,124071.71,1,1,0,0.0987,200.0,19.74,0.0,0.3333,4.5,0.0
15699550,3,28,4,3,34,695,9,0.0,67502.12,1,1,0,0.0681,200.0,13.62,0.0,0.2647,4.35,0.0
15581620,1,2,6,2,28,597,2,0.0,78707.97,1,1,0,0.5421,275.0,149.08,0.0,0.0714,3.3,0.0
15600934,1,34,2,1,52,758,7,125095.94,171189.83,0,1,1,0.9343,3877.88,3623.1,0.7307,0.1346,2.05,125095.94
15738672,2,28,4,2,40,737,2,162485.8,149381.32,0,1,0,0.4273,5074.57,2168.36,1.0877,0.05,1.3,81242.9
15721307,2,8,4,3,37,694,1,95668.82,100335.55,0,1,0,0.3032,3070.06,930.84,0.9535,0.027,1.15,47834.41
15619280,1,3,4,3,25,683,4,0.0,152698.24,0,1,0,0.0277,200.0,5.54,0.0,0.16,1.6,0.0
15768244,3,26,4,3,30,538,8,0.0,41192.95,1,1,0,0.1196,200.0,23.92,0.0,0.2667,4.2,0.0
15806837,1,7,2,2,37,669,4,0.0,132540.33,0,1,0,0.5351,125.0,66.89,0.0,0.1081,1.6,0.0
15643496,1,28,4,3,34,730,5,74197.38,96875.52,0,1,0,0.2179,2425.92,528.61,0.7659,0.1471,1.75,37098.69
15813916,1,27,2,3,31,622,1,89688.94,152305.47,1,1,0,0.1106,2815.67,311.41,0.5889,0.0323,3.15,89688.94
15626385,3,28,4,3,33,714,10,103121.33,49672.01,1,1,0,0.1136,3293.64,374.16,2.076,0.303,4.5,51560.66
15603582,3,26,2,2,34,569,3,0.0,133997.53,0,1,0,0.5952,125.0,74.4,0.0,0.0882,1.45,0.0
15764351,2,32,1,1,59,668,5,120170.07,50454.8,1,0,0,0.8542,3680.1,3143.54,2.3817,0.0847,2.75,120170.07
15667938,1,7,4,3,32,628,9,149136.31,16402.11,1,1,0,0.0666,4674.09,311.29,9.092,0.2812,4.35,74568.16
15576360,1,7,2,3,40,600,1,141136.79,67803.83,1,1,0,0.3024,4359.1,1318.19,2.0815,0.025,3.15,141136.79
15628813,1,28,2,2,43,693,4,152341.55,9241.78,0,1,0,0.6164,4695.25,2894.15,16.4822,0.093,1.6,152341.55
15584190,1,8,3,3,36,704,7,120026.98,100601.73,1,0,0,0.1906,3750.81,714.9,1.1931,0.1944,3.05,60013.49
15716449,3,6,1,3,33,527,9,132168.28,98734.15,0,0,0,0.3489,4040.05,1409.57,1.3386,0.2727,1.35,132168.28
15759913,2,6,4,3,43,553,6,85200.82,160574.09,1,1,0,0.2221,2756.02,612.11,0.5306,0.1395,3.9,42600.41
15701555,3,11,3,2,53,575,1,84903.33,26015.8,1,0,0,0.5665,2697.1,1527.91,3.2634,0.0189,2.15,42451.66
15758482,1,27,3,3,32,626,0,0.0,187172.54,0,0,0,0.1081,150.0,16.22,0.0,0.0,0.0,0.0
15758171,1,2,2,3,20,582,4,0.0,55763.66,1,1,0,0.1788,125.0,22.35,0.0,0.2,3.6,0.0
15680346,3,8,2,1,40,683,8,0.0,75848.22,0,1,0,0.6791,125.0,84.89,0.0,0.2,2.2,0.0
15649124,1,10,1,3,30,850,9,121535.18,40313.47,0,0,0,0.2382,3721.06,886.36,3.0147,0.3,1.35,121535.18
15812917,3,7,4,3,35,653,6,116662.96,23864.21,1,1,0,0.183,3699.89,677.08,4.8884,0.1714,3.9,58331.48
15768455,1,18,4,3,60,679,8,0.0,51380.9,1,1,0,0.0976,200.0,19.52,0.0,0.1333,4.2,0.0
15703059,2,31,1,1,49,549,6,124829.16,93551.36,1,0,0,0.8671,3819.87,3312.21,1.3343,0.1224,2.9,124829.16
15646196,3,30,3,3,36,850,2,155180.56,169415.54,0,0,0,0.2326,4805.42,1117.74,0.916,0.0556,0.3,77590.28
15585451,2,26,2,2,32,558,1,108262.87,6935.31,1,1,0,0.4985,3372.89,1681.39,15.6081,0.0312,3.15,108262.87
15714057,3,6,4,3,40,528,4,0.0,25399.7,0,1,0,0.078,200.0,15.6,0.0,0.1,1.6,0.0
15748473,1,10,4,3,38,801,5,0.0,66256.27,0,1,0,0.0498,200.0,9.96,0.0,0.1316,1.75,0.0
15785782,3,11,2,1,48,513,2,0.0,114709.13,1,1,1,0.777,125.0,97.12,0.0,0.0417,3.3,0.0
15693233,2,7,4,3,38,666,6,99812.88,158357.97,1,1,0,0.1873,3194.39,598.31,0.6303,0.1579,3.9,49906.44
15757521,1,7,1,3,35,606,2,132164.26,164815.59,1,0,0,0.1466,4039.93,592.25,0.8019,0.0571,2.3,132164.26
15812513,2,12,2,1,45,599,10,103583.05,132127.69,0,1,1,0.9006,3232.49,2911.18,0.784,0.2222,2.5,103583.05
15674950,2,6,4,3,39,544,4,142406.43,146637.45,0,1,0,0.2543,4472.19,1137.28,0.9711,0.1026,1.6,71203.22
15678572,3,6,4,3,38,529,7,99842.5,90256.06,0,1,1,0.2883,3195.28,921.2,1.1062,0.1842,2.05,49921.25
15713608,1,30,4,3,41,850,5,0.0,34827.43,1,1,0,0.0778,200.0,15.56,0.0,0.122,3.75,0.0
15579262,1,6,1,1,41,497,9,0.0,22074.48,0,0,0,0.6685,75.0,50.14,0.0,0.2195,1.35,0.0
15610426,1,29,1,3,39,764,5,81042.42,109805.17,1,0,0,0.2976,2506.27,745.87,0.738,0.1282,2.75,81042.42
15776454,1,32,2,1,48,603,5,0.0,100478.6,0,1,1,0.9256,125.0,115.7,0.0,0.1042,1.75,0.0
15771483,1,7,4,3,40,609,6,0.0,97416.34,1,1,0,0.0479,200.0,9.58,0.0,0.15,3.9,0.0
15648489,1,11,2,1,53,487,4,199689.49,24207.86,1,1,1,0.7446,6115.68,4553.74,8.2486,0.0755,3.6,199689.49
15646609,1,9,1,3,33,748,1,142645.43,69132.66,0,0,0,0.1987,4354.36,865.21,2.0633,0.0303,0.15,142645.43
15693203,3,38,4,3,75,710,5,0.0,9376.89,1,1,0,0.0224,200.0,4.48,0.0,0.0667,3.75,0.0
15813067,2,31,2,1,45,432,3,110219.14,43046.7,0,1,1,0.9145,3431.57,3138.17,2.5604,0.0667,1.45,110219.14
15769829,3,11,3,2,51,534,3,0.0,20856.31,1,0,0,0.3707,150.0,55.6,0.0,0.0588,2.45,0.0
15662434,1,2,3,3,25,607,3,0.0,187048.72,0,0,0,0.0365,150.0,5.48,0.0,0.12,0.45,0.0
15773503,3,6,4,3,32,551,4,0.0,53420.53,0,1,0,0.0481,200.0,9.62,0.0,0.125,1.6,0.0
15705890,1,13,2,2,45,674,7,142072.02,37013.29,0,1,0,0.6088,4387.16,2670.9,3.8383,0.1556,2.05,142072.02
15711398,1,21,4,3,25,525,6,0.0,89566.64,0,1,0,0.0605,200.0,12.1,0.0,0.24,1.9,0.0
15752375,2,7,1,2,33,645,8,149564.61,149913.84,0,0,0,0.3762,4561.94,1716.2,0.9977,0.2424,1.2,149564.61
15659175,1,29,4,3,43,755,9,0.0,18066.69,0,1,0,0.2513,200.0,50.26,0.0,0.2093,2.35,0.0
15597033,2,8,2,3,37,708,8,153366.13,26912.34,1,1,0,0.2739,4725.98,1294.45,5.6985,0.2162,4.2,153366.13
15590228,1,3,2,3,21,715,6,76467.16,173511.72,1,1,0,0.0672,2419.01,162.56,0.4407,0.2857,3.9,76467.16
15631848,1,23,2,3,26,727,9,121508.28,146785.44,1,1,0,0.2732,3770.25,1030.03,0.8278,0.3462,4.35,121508.28
15654211,3,21,1,3,27,559,1,0.0,1050.33,1,0,0,0.2372,75.0,17.79,0.0,0.037,2.15,0.0
15707968,3,6,4,3,36,545,8,73211.12,89587.34,0,1,1,0.2611,2396.33,625.68,0.8172,0.2222,2.2,36605.56
15594084,1,1,4,3,22,524,9,0.0,74405.34,0,1,0,0.0577,200.0,11.54,0.0,0.4091,2.35,0.0
15651093,1,33,3,3,55,707,1,0.0,54409.48,1,0,0,0.3075,150.0,46.12,0.0,0.0182,2.15,0.0
15798824,3,8,4,2,38,671,0,92674.94,3647.57,0,1,0,0.4452,2980.25,1326.81,25.4003,0.0,1.0,46337.47
15671591,3,11,8,1,52,439,3,96196.24,198874.52,0,1,1,0.9902,3235.89,3204.18,0.4837,0.0577,1.45,24049.06
15707189,2,27,2,2,36,667,1,114391.62,53412.54,1,1,0,0.576,3556.75,2048.69,2.1416,0.0278,3.15,114391.62
15733581,2,10,2,3,32,831,9,80262.66,194867.78,0,1,0,0.2081,2532.88,527.09,0.4119,0.2812,2.35,80262.66
15641640,3,26,2,2,33,545,7,173331.52,150452.88,0,1,0,0.5502,5324.95,2929.79,1.1521,0.2121,2.05,173331.52
15585284,3,27,2,3,35,604,7,147285.52,57807.05,1,1,0,0.1786,4543.57,811.48,2.5478,0.2,4.05,147285.52
15617866,3,17,4,3,67,657,5,119785.47,107534.32,1,1,0,0.2886,3793.56,1094.82,1.1139,0.0746,3.75,59892.74
15667751,3,26,2,2,36,487,1,140137.15,194073.33,0,1,0,0.387,4329.11,1675.37,0.7221,0.0278,1.15,140137.15
15669411,2,34,2,1,52,750,6,107467.56,126233.18,0,1,1,0.9564,3349.03,3203.01,0.8513,0.1154,1.9,107467.56
15789425,2,28,4,2,37,694,8,98218.04,182354.46,0,1,1,0.3838,3146.54,1207.64,0.5386,0.2162,2.2,49109.02
15570943,2,28,2,2,35,711,2,133607.75,120586.32,1,1,0,0.545,4133.23,2252.61,1.108,0.0571,3.3,133607.75
15685829,1,6,4,3,37,551,3,0.0,50578.4,1,1,0,0.0409,200.0,8.18,0.0,0.0811,3.45,0.0
15721917,1,26,2,3,38,559,8,95139.41,86575.46,1,1,0,0.2376,2979.18,707.85,1.0989,0.2105,4.2,95139.41
15776047,1,22,3,3,29,620,3,0.0,153392.28,1,0,0,0.0727,150.0,10.9,0.0,0.1034,2.45,0.0
15716024,3,7,4,3,42,660,5,0.0,115509.59,0,1,0,0.0738,200.0,14.76,0.0,0.119,1.75,0.0
15675328,1,26,4,3,37,449,6,0.0,82176.48,0,1,0,0.1477,200.0,29.54,0.0,0.1622,1.9,0.0
15604314,2,23,2,3,26,703,1,97331.19,63717.49,0,1,0,0.3446,3044.94,1049.29,1.5275,0.0385,1.15,97331.19
15658339,2,9,4,3,37,795,2,139265.63,198745.94,1,1,0,0.0608,4377.97,266.18,0.7007,0.0541,3.3,69632.82
15630402,1,27,1,3,31,594,9,0.0,5719.11,1,0,0,0.2893,75.0,21.7,0.0,0.2903,3.35,0.0
15689616,3,7,1,3,34,586,5,168094.01,20058.61,0,0,0,0.2502,5117.82,1280.48,8.3797,0.1471,0.75,168094.01
15774224,2,27,4,3,30,613,5,131563.88,170638.98,0,1,0,0.2317,4146.92,960.84,0.771,0.1667,1.75,65781.94
15701291,1,7,4,3,44,601,3,0.0,30607.11,0,1,0,0.1877,200.0,37.54,0.0,0.0682,1.45,0.0
15719606,1,12,3,2,50,657,9,0.0,37171.46,0,0,0,0.4329,150.0,64.94,0.0,0.18,1.35,0.0
15644119,1,6,2,2,31,531,3,0.0,42589.33,1,1,0,0.3831,125.0,47.89,0.0,0.0968,3.45,0.0
15646859,2,12,2,1,47,621,7,107363.29,66799.28,1,1,0,0.8159,3345.9,2729.92,1.6072,0.1489,4.05,107363.29
15606836,1,29,1,3,33,782,2,94493.03,101866.39,1,0,0,0.2017,2909.79,586.9,0.9276,0.0606,2.3,94493.03
15664150,2,21,4,3,29,528,9,170214.23,49284.0,0,1,0,0.1761,5306.43,934.46,3.4537,0.3103,2.35,85107.12
15624510,1,13,2,1,52,696,6,139781.06,27445.4,0,1,1,0.8623,4318.43,3723.78,5.0929,0.1154,1.9,139781.06
15810944,1,27,4,3,35,586,7,0.0,70760.69,0,1,0,0.1488,200.0,29.76,0.0,0.2,2.05,0.0
15668575,3,22,5,1,26,626,8,148610.41,104502.02,1,0,1,0.9516,4683.31,4456.64,1.4221,0.3077,3.2,49536.8
15603246,1,16,4,3,73,498,2,170241.7,165407.96,1,1,0,0.1148,5307.25,609.27,1.0292,0.0274,3.3,85120.85
15804002,1,28,2,3,33,691,1,128306.83,113580.79,1,1,0,0.0926,3974.2,368.01,1.1296,0.0303,3.15,128306.83
15728773,1,31,4,3,47,568,7,0.0,45978.39,1,1,0,0.1798,200.0,35.96,0.0,0.1489,4.05,0.0
15598044,1,28,2,2,35,715,3,0.0,152012.36,1,1,0,0.4454,125.0,55.68,0.0,0.0857,3.45,0.0
15694829,2,8,1,3,32,680,7,175454.0,77349.92,1,0,0,0.2334,5338.62,1246.03,2.2683,0.2188,3.05,175454.0
15600575,3,10,4,3,41,802,6,0.0,47322.05,0,1,0,0.0627,200.0,12.54,0.0,0.1463,1.9,0.0
15727311,1,21,4,3,22,539,0,100885.93,38772.65,1,1,0,0.2459,3226.58,793.42,2.6019,0.0,3.0,50442.96
15570769,1,16,2,3,69,494,9,93320.8,24489.44,1,1,0,0.1905,2924.62,557.14,3.8105,0.1304,4.35,93320.8
15606274,2,7,4,3,38,594,6,63176.44,14466.08,1,1,0,0.2162,2095.29,453.0,4.3669,0.1579,3.9,31588.22
15746139,1,7,1,3,33,596,2,139451.67,63142.12,0,0,0,0.2087,4258.55,888.76,2.2085,0.0606,0.3,139451.67
15704987,1,32,2,1,52,649,8,49113.75,41858.43,0,1,0,0.8758,1598.41,1399.89,1.1733,0.1538,2.2,49113.75
15628972,2,8,6,1,32,699,1,123906.22,127443.82,1,1,1,0.9487,3992.19,3787.39,0.9722,0.0312,3.15,41302.07
15697686,1,29,4,3,40,787,6,0.0,84151.98,1,1,0,0.1209,200.0,24.18,0.0,0.15,3.9,0.0
15733883,1,2,3,3,28,604,7,0.0,58595.64,0,0,0,0.0569,150.0,8.54,0.0,0.25,1.05,0.0
15617482,2,31,2,1,52,489,1,131441.51,37240.11,0,1,1,0.9644,4068.25,3923.42,3.5295,0.0192,1.15,131441.51
15704583,1,12,2,1,56,651,2,0.0,114522.68,0,1,1,0.9649,125.0,120.61,0.0,0.0357,1.3,0.0
15621083,1,13,4,3,57,698,6,136325.48,72549.27,1,1,1,0.3071,4289.76,1317.39,1.879,0.1053,3.9,68162.74
15649487,2,26,4,2,38,578,4,113150.44,176712.59,0,1,1,0.4835,3594.51,1737.95,0.6403,0.1053,1.6,56575.22
15736760,3,26,1,1,42,538,9,0.0,152855.96,0,0,0,0.8333,75.0,62.5,0.0,0.2143,1.35,0.0
15714658,1,28,4,3,33,696,4,0.0,73371.65,1,1,0,0.0787,200.0,15.74,0.0,0.1212,3.6,0.0
15599081,2,31,2,1,46,507,8,102785.16,70323.68,1,1,0,0.7639,3208.55,2451.01,1.4616,0.1739,4.2,102785.16
15705113,3,8,1,3,34,685,6,83264.28,9663.28,0,0,0,0.3075,2572.93,791.18,8.6157,0.1765,0.9,83264.28
15631159,2,8,4,3,41,705,4,72252.64,142514.66,1,1,0,0.0937,2367.58,221.84,0.507,0.0976,3.6,36126.32
15792818,2,21,2,2,29,499,6,148051.52,118623.94,0,1,0,0.5204,4566.55,2376.43,1.2481,0.2069,1.9,148051.52
15633531,1,38,2,3,76,717,9,138489.66,68400.14,1,1,0,0.0347,4279.69,148.51,2.0247,0.1184,4.35,138489.66
15744529,1,16,4,3,63,510,8,0.0,115291.86,1,1,0,0.127,200.0,25.4,0.0,0.127,4.2,0.0
15669656,1,7,2,3,32,632,6,111589.33,170382.99,1,1,0,0.1398,3472.68,485.48,0.6549,0.1875,3.9,111589.33
15581198,2,27,2,1,39,668,0,122104.79,112946.67,0,1,1,0.7832,3788.14,2966.87,1.0811,0.0,1.0,122104.79
15729054,2,9,2,3,32,744,4,96106.83,79812.77,1,1,0,0.3025,3008.2,909.98,1.2041,0.125,3.6,96106.83
15573452,2,7,2,1,42,663,7,115930.87,19862.78,0,1,0,0.7653,3602.93,2757.32,5.8363,0.1667,2.05,115930.87
15776733,2,27,4,2,37,638,7,124513.66,158610.89,0,1,0,0.4349,3935.41,1711.51,0.785,0.1892,2.05,62256.83
15724858,1,33,2,1,54,688,9,0.0,191212.63,0,1,1,0.9649,125.0,120.61,0.0,0.1667,2.35,0.0
15713144,3,12,2,1,46,588,8,0.0,61931.21,0,1,0,0.8422,125.0,105.28,0.0,0.1739,2.2,0.0
15690188,1,7,2,3,33,631,7,0.0,58043.02,1,1,1,0.2465,125.0,30.81,0.0,0.2121,4.05,0.0
15689425,3,8,4,3,35,687,8,100988.39,22247.27,0,1,0,0.2378,3229.65,768.01,4.5392,0.2286,2.2,50494.2
15671766,1,7,2,2,44,599,10,118577.24,31448.52,1,1,0,0.3624,3682.32,1334.47,3.7704,0.2273,4.5,118577.24
15782806,3,3,4,3,28,718,6,0.0,146875.86,0,1,0,0.0447,200.0,8.94,0.0,0.2143,1.9,0.0
15764419,1,3,4,3,27,730,5,0.0,116081.93,1,1,0,0.0396,200.0,7.92,0.0,0.1852,3.75,0.0
15591915,1,26,1,2,39,533,2,0.0,73669.94,1,0,1,0.6346,75.0,47.6,0.0,0.0513,2.3,0.0
15772798,3,23,4,3,28,711,5,0.0,93959.96,1,1,0,0.0843,200.0,16.86,0.0,0.1786,3.75,0.0
15792008,3,21,3,3,26,555,9,0.0,158918.03,1,0,0,0.0719,150.0,10.78,0.0,0.3462,3.35,0.0
15715541,1,30,2,2,42,850,9,113311.11,198193.75,1,1,0,0.4311,3524.33,1519.34,0.5717,0.2143,4.35,113311.11
15639277,1,28,1,1,41,678,9,0.0,13160.03,0,0,0,0.7535,75.0,56.51,0.0,0.2195,1.35,0.0
15798850,1,6,4,3,32,576,7,0.0,4660.91,0,1,0,0.0414,200.0,8.28,0.0,0.2188,2.05,0.0
15776348,2,5,1,1,20,835,4,124365.42,180197.74,0,0,1,0.6822,3805.96,2596.43,0.6902,0.2,0.6,124365.42
15727696,1,7,4,3,42,592,1,147249.29,63023.02,1,1,0,0.2421,4617.48,1117.89,2.3364,0.0238,3.15,73624.64
15793813,1,9,1,3,36,774,7,103688.19,118971.74,1,0,0,0.1688,3185.65,537.74,0.8715,0.1944,3.05,103688.19
15694395,1,22,3,3,29,620,1,138740.24,154700.61,0,0,0,0.1633,4312.21,704.18,0.8968,0.0345,0.15,69370.12
15764195,3,6,2,3,39,519,4,111900.14,97577.17,1,1,0,0.2248,3482.0,782.75,1.1468,0.1026,3.6,111900.14
15744919,3,28,2,3,37,734,0,152760.24,48990.5,1,1,0,0.1843,4707.81,867.65,3.1181,0.0,3.0,152760.24
15671655,2,9,4,3,31,763,7,143966.3,140262.96,1,1,1,0.1728,4518.99,780.88,1.0264,0.2258,4.05,71983.15
15654901,1,13,2,1,51,733,10,141556.96,130189.53,0,1,0,0.8297,4371.71,3627.21,1.0873,0.1961,2.5,141556.96
15649136,1,27,4,3,43,650,6,0.0,16301.91,1,1,0,0.2162,200.0,43.24,0.0,0.1395,3.9,0.0
15775562,1,26,4,3,33,538,5,0.0,126962.41,0,1,0,0.0941,200.0,18.82,0.0,0.1515,1.75,0.0
15807481,1,31,2,1,46,577,1,0.0,158750.53,1,1,0,0.8087,125.0,101.09,0.0,0.0217,3.15,0.0
15642885,1,9,4,3,30,792,8,0.0,199644.2,0,1,0,0.0297,200.0,5.94,0.0,0.2667,2.2,0.0
15789109,1,28,2,1,41,686,10,0.0,144272.71,1,1,1,0.6701,125.0,83.76,0.0,0.2439,4.5,0.0
15814004,1,2,3,3,29,589,2,0.0,98320.27,1,0,0,0.0423,150.0,6.34,0.0,0.069,2.3,0.0
15673619,1,1,2,3,25,530,9,162560.32,64129.03,0,1,0,0.2858,5001.81,1429.52,2.5349,0.36,2.35,162560.32
15595135,2,24,2,2,29,778,7,123229.46,181221.09,0,1,0,0.649,3821.88,2480.4,0.68,0.2414,2.05,123229.46
15583681,3,7,4,3,31,616,7,76665.71,163809.08,1,1,0,0.0522,2499.97,130.5,0.468,0.2258,4.05,38332.86
15605000,1,6,6,1,38,550,9,140278.99,171457.06,1,1,1,0.9811,4483.37,4398.63,0.8182,0.2368,4.35,46759.66
15718071,1,32,3,2,51,655,3,0.0,15801.02,1,0,0,0.3859,150.0,57.89,0.0,0.0588,2.45,0.0
15679760,1,13,3,2,46,721,1,115764.32,102950.79,0,0,0,0.5734,3622.93,2077.39,1.1245,0.0217,0.15,57882.16
15654574,2,6,4,3,36,499,5,131142.53,174918.46,0,1,0,0.1927,4134.28,796.68,0.7497,0.1389,1.75,65571.26
15577178,1,11,2,1,45,511,5,68375.27,193160.25,0,1,1,0.8596,2176.26,1870.71,0.354,0.1111,1.75,68375.27
15595324,2,26,5,1,39,579,5,117833.3,5831.0,0,0,1,0.984,3760.0,3699.84,20.2046,0.1282,0.75,39277.77
15756932,3,28,4,3,36,696,7,0.0,82298.59,1,1,0,0.0815,200.0,16.3,0.0,0.1944,4.05,0.0
15726358,1,8,3,3,34,681,7,0.0,130686.59,0,0,0,0.0749,150.0,11.24,0.0,0.2059,1.05,0.0
15595228,1,15,1,1,45,815,7,0.0,52885.23,1,0,1,0.7431,75.0,55.73,0.0,0.1556,3.05,0.0
15782530,3,8,2,3,30,681,2,111093.01,68985.99,0,1,0,0.309,3457.79,1068.46,1.6103,0.0667,1.3,111093.01
15592877,3,7,2,2,42,641,9,132657.55,35367.19,0,1,0,0.5561,4104.73,2282.64,3.7508,0.2143,2.35,132657.55
15651983,1,32,2,2,56,591,9,128882.49,196241.94,1,1,1,0.6075,3991.47,2424.82,0.6567,0.1607,4.35,128882.49
15746737,2,11,2,2,59,565,9,69129.59,170705.53,1,1,0,0.59,2198.89,1297.35,0.405,0.1525,4.35,69129.59
15774179,1,6,4,3,37,487,6,0.0,126477.41,1,1,0,0.0406,200.0,8.12,0.0,0.1622,3.9,0.0
15667265,1,8,2,3,39,729,4,121404.64,159618.17,1,1,0,0.2248,3767.14,846.85,0.7606,0.1026,3.6,121404.64
15655123,3,31,6,1,45,505,9,131355.3,195395.33,0,1,1,0.9817,4215.66,4138.51,0.6723,0.2,2.35,43785.1
15595917,1,27,1,3,35,580,1,102097.33,168285.85,1,0,0,0.2817,3137.92,883.95,0.6067,0.0286,2.15,102097.33
15668385,1,7,2,3,40,642,1,154863.15,138052.51,1,1,0,0.305,4770.89,1455.12,1.1218,0.025,3.15,154863.15
15709476,3,30,4,3,41,850,3,99945.93,71179.31,0,1,0,0.1683,3198.38,538.29,1.4041,0.0732,1.45,49972.96
15711218,2,7,4,3,39,616,2,121704.32,55556.3,0,1,0,0.302,3851.13,1163.04,2.1906,0.0513,1.3,60852.16
15798659,3,26,4,2,43,526,3,0.0,31705.19,0,1,0,0.3506,200.0,70.12,0.0,0.0698,1.45,0.0
15663939,2,6,2,2,35,523,8,138782.76,186118.93,1,1,0,0.4454,4288.48,1910.09,0.7457,0.2286,4.2,138782.76
15694946,1,7,4,3,35,663,9,0.0,195580.28,1,1,0,0.0297,200.0,5.94,0.0,0.2571,4.35,0.0
15631912,1,10,2,3,30,840,8,136291.71,54113.38,0,1,0,0.3299,4213.75,1390.12,2.5186,0.2667,2.2,136291.71
15768816,2,6,4,2,42,570,0,107856.57,127528.84,0,1,0,0.3808,3435.7,1308.31,0.8457,0.0,1.0,53928.28
15682268,2,23,1,1,26,676,1,108348.66,60231.74,0,0,1,0.6544,3325.46,2176.18,1.7988,0.0385,0.15,108348.66
15684801,1,13,6,1,47,689,1,93871.95,156878.42,0,1,1,0.9704,3091.16,2999.66,0.5984,0.0213,1.15,31290.65
15636428,3,33,2,1,45,703,1,0.0,182784.11,0,1,1,0.8773,125.0,109.66,0.0,0.0222,1.15,0.0
15809823,2,1,1,2,19,491,2,125860.2,129690.5,0,0,0,0.4843,3850.81,1864.95,0.9705,0.1053,0.3,125860.2
15699284,1,12,2,1,49,584,8,172713.44,113860.81,0,1,0,0.6937,5306.4,3681.05,1.5169,0.1633,2.2,172713.44
15786993,1,35,3,3,51,810,5,0.0,184524.74,1,0,0,0.238,150.0,35.7,0.0,0.098,2.75,0.0
15709441,3,34,2,1,59,745,8,0.0,36124.98,1,1,0,0.6742,125.0,84.28,0.0,0.1356,4.2,0.0
15710257,1,27,1,2,39,625,3,130786.92,121316.07,1,0,0,0.3622,3998.61,1448.3,1.0781,0.0769,2.45,130786.92
15582492,1,21,2,3,29,535,2,112367.34,185630.76,0,1,0,0.3227,3496.02,1128.17,0.6053,0.069,1.3,112367.34
15575694,3,33,4,2,45,729,7,91091.06,71133.12,0,1,0,0.6131,2932.73,1798.06,1.2806,0.1556,2.05,45545.53
15756820,1,22,1,3,26,655,7,106198.5,32020.42,1,0,0,0.128,3260.96,417.4,3.3165,0.2692,3.05,106198.5
15766289,1,14,4,1,47,751,5,142669.93,162760.96,0,1,0,0.7013,4480.1,3141.89,0.8766,0.1064,1.75,71334.96
15593014,1,6,1,3,33,525,1,112833.35,175178.56,1,0,0,0.1141,3460.0,394.79,0.6441,0.0303,2.15,112833.35
15584545,1,26,3,3,40,532,5,0.0,177099.71,1,0,0,0.1672,150.0,25.08,0.0,0.125,2.75,0.0
15675949,3,28,4,3,43,696,4,0.0,66406.37,1,1,0,0.1513,200.0,30.26,0.0,0.093,3.6,0.0
15672091,2,29,3,3,32,786,2,104336.43,59559.81,0,0,0,0.222,3280.09,728.18,1.7518,0.0625,0.3,52168.22
15801658,1,12,1,2,55,580,6,104305.74,175750.21,1,0,0,0.6066,3204.17,1943.65,0.5935,0.1091,2.9,104305.74
15706185,2,12,4,2,47,596,5,140187.1,174311.3,1,1,0,0.3645,4405.61,1605.84,0.8042,0.1064,3.75,70093.55
15789863,1,8,4,3,39,683,4,0.0,171716.81,0,1,0,0.0574,200.0,11.48,0.0,0.1026,1.6,0.0
15720943,1,34,2,1,45,747,1,114959.12,189362.39,0,1,1,0.7733,3573.77,2763.6,0.6071,0.0222,1.15,114959.12
15697997,1,7,1,2,33,602,5,164704.38,180716.1,1,0,1,0.4394,5016.13,2204.09,0.9114,0.1515,2.75,164704.38
15665416,1,19,1,2,62,779,10,119096.55,116977.89,1,0,0,0.3863,3647.9,1409.18,1.0181,0.1613,3.5,119096.55
15660200,1,6,4,3,31,551,1,0.0,185105.44,1,1,0,0.0433,200.0,8.66,0.0,0.0323,3.15,0.0
15619653,1,12,2,1,47,666,2,0.0,35046.97,0,1,1,0.8874,125.0,110.92,0.0,0.0426,1.3,0.0
15773447,3,6,2,2,30,526,8,0.0,36251.0,0,1,0,0.4187,125.0,52.34,0.0,0.2667,2.2,0.0
15739160,1,30,2,2,41,849,9,115465.28,103174.5,0,1,0,0.4883,3588.96,1752.49,1.1191,0.2195,2.35,115465.28
15689237,1,21,4,3,27,471,4,0.0,122642.09,0,1,0,0.064,200.0,12.8,0.0,0.1481,1.6,0.0
15679297,3,7,2,1,43,628,3,184926.61,122937.57,0,1,0,0.7095,5672.8,4024.85,1.5042,0.0698,1.45,184926.61
15591433,2,8,4,2,43,674,8,85957.88,8757.39,0,1,0,0.3895,2778.74,1082.32,9.8143,0.186,2.2,42978.94
15642725,1,9,1,3,32,797,10,114084.6,125782.29,1,0,0,0.133,3497.54,465.17,0.907,0.3125,3.5,114084.6
15701962,3,22,4,3,29,590,2,166930.76,122487.73,0,1,0,0.2708,5207.92,1410.3,1.3628,0.069,1.3,83465.38
15811613,1,22,2,3,27,588,8,0.0,20066.38,0,1,0,0.2779,125.0,34.74,0.0,0.2963,2.2,0.0
15741049,1,1,4,3,29,577,7,0.0,55473.15,1,1,0,0.0364,200.0,7.28,0.0,0.2414,4.05,0.0
15724423,1,26,3,2,38,571,6,107193.82,38962.94,0,0,0,0.3765,3365.81,1267.23,2.7511,0.1579,0.9,53596.91
15574305,1,8,2,3,36,680,3,116275.12,63795.8,1,1,0,0.2023,3613.25,730.96,1.8226,0.0833,3.45,116275.12
15678168,3,22,4,3,27,648,7,0.0,163060.43,1,1,0,0.1,200.0,20.0,0.0,0.2593,4.05,0.0
15697020,1,7,2,2,39,618,2,91068.56,26578.69,0,1,0,0.3546,2857.06,1013.11,3.4262,0.0513,1.3,91068.56
15610801,2,7,1,1,41,648,5,123049.21,5066.76,1,0,0,0.6997,3766.48,2635.41,24.2808,0.122,2.75,123049.21
15745232,1,29,4,3,39,759,6,0.0,140497.67,1,1,0,0.1361,200.0,27.22,0.0,0.1538,3.9,0.0
15722758,1,7,3,3,40,585,7,0.0,146156.98,0,0,0,0.0777,150.0,11.66,0.0,0.175,1.05,0.0
15792102,1,29,1,2,42,774,3,137781.65,199316.19,0,0,0,0.5443,4208.45,2290.66,0.6913,0.0714,0.45,137781.65
15675185,2,33,4,2,48,697,2,108128.96,103944.37,1,1,0,0.5742,3443.87,1977.47,1.0402,0.0417,3.3,54064.48
15801247,3,7,4,3,39,605,10,105317.73,138021.36,0,1,0,0.3042,3359.53,1021.97,0.763,0.2564,2.5,52658.86
15725660,1,3,1,3,20,676,1,80569.73,68621.98,0,0,0,0.1516,2492.09,377.8,1.1741,0.05,0.15,80569.73
15638963,1,23,2,3,22,678,4,174852.89,28149.06,1,1,0,0.2974,5370.59,1597.21,6.2115,0.1818,3.6,174852.89
15800061,3,31,6,1,45,495,3,89158.94,135169.76,0,1,1,0.9868,2949.77,2910.83,0.6596,0.0667,1.45,29719.65
15578006,1,39,4,3,85,787,10,0.0,116537.96,1,1,0,0.0557,200.0,11.14,0.0,0.1176,4.5,0.0
15668504,1,9,2,3,36,770,2,89800.14,105922.69,1,1,0,0.1569,2819.0,442.3,0.8478,0.0556,3.3,89800.14
15687491,2,15,1,1,45,817,9,101207.75,88211.12,0,0,1,0.8949,3111.23,2784.24,1.1473,0.2,1.35,101207.75
15610403,1,7,4,2,43,659,1,106086.42,26900.63,0,1,0,0.4217,3382.59,1426.44,3.9435,0.0233,1.15,53043.21
15741094,1,3,4,3,21,693,1,0.0,3494.02,1,1,0,0.0137,200.0,2.74,0.0,0.0476,3.15,0.0
15807909,1,14,4,3,47,744,9,0.0,113163.17,0,1,0,0.2765,200.0,55.3,0.0,0.1915,2.35,0.0
15666141,3,25,4,3,26,829,8,101440.36,19324.5,1,1,0,0.0528,3243.21,171.24,5.249,0.3077,4.2,50720.18
15617134,1,8,4,3,38,716,4,0.0,189678.7,0,1,0,0.0618,200.0,12.36,0.0,0.1053,1.6,0.0
15783029,1,8,4,3,34,671,7,106603.74,26387.71,1,1,0,0.1316,3398.11,447.19,4.0397,0.2059,4.05,53301.87
15622833,2,25,3,3,29,835,10,130420.2,106276.55,0,0,0,0.059,4062.61,239.69,1.2272,0.3448,1.5,65210.1
15746422,1,27,2,1,38,636,1,0.0,45015.38,0,1,0,0.7335,125.0,91.69,0.0,0.0263,1.15,0.0
15750839,3,2,2,3,29,649,2,45022.23,173495.77,1,1,0,0.2048,1475.67,302.22,0.2595,0.069,3.3,45022.23
15749130,2,2,2,3,27,621,1,74298.43,52581.96,1,1,0,0.122,2353.95,287.18,1.413,0.037,3.15,74298.43
15779862,2,27,1,2,31,658,3,133003.03,146339.27,1,0,1,0.563,4065.09,2288.65,0.9089,0.0968,2.45,133003.03
15767871,3,14,4,3,48,784,7,0.0,182609.97,1,1,0,0.1005,200.0,20.1,0.0,0.1458,4.05,0.0
15679651,3,29,2,3,37,783,1,136689.66,197890.65,0,1,0,0.298,4225.69,1259.26,0.6907,0.027,1.15,136689.66
15576219,1,7,4,3,32,615,4,0.0,6225.63,1,1,0,0.0421,200.0,8.42,0.0,0.125,3.6,0.0
15699247,1,29,4,3,44,791,5,0.0,123977.86,1,1,1,0.1871,200.0,37.42,0.0,0.1136,3.75,0.0
15619087,1,14,2,2,53,762,1,102520.37,170195.4,1,1,0,0.4699,3200.61,1503.97,0.6024,0.0189,3.15,102520.37
15605327,1,7,4,3,35,607,2,0.0,114190.3,1,1,0,0.0393,200.0,7.86,0.0,0.0571,3.3,0.0
15610140,1,27,4,3,34,601,5,0.0,27022.57,0,1,0,0.089,200.0,17.8,0.0,0.1471,1.75,0.0
15791174,3,16,1,3,67,540,1,88382.01,59457.0,1,0,0,0.3215,2726.46,876.56,1.4865,0.0149,2.15,88382.01
15602373,1,10,4,3,44,812,4,115049.15,165038.41,0,1,0,0.21,3651.47,766.81,0.6971,0.0909,1.6,57524.58
15762605,1,13,2,2,58,685,1,104796.54,154181.41,1,1,0,0.4795,3268.9,1567.44,0.6797,0.0172,3.15,104796.54
15598840,1,8,2,3,33,680,1,123082.08,134960.98,0,1,0,0.1675,3817.46,639.42,0.912,0.0303,1.15,123082.08
15744279,3,33,4,3,58,680,8,0.0,65708.5,1,1,0,0.1943,200.0,38.86,0.0,0.1379,4.2,0.0
15670619,1,27,3,3,33,631,8,0.0,117374.22,0,0,0,0.1471,150.0,22.06,0.0,0.2424,1.2,0.0
15599533,1,26,4,3,43,569,7,0.0,77703.19,1,1,0,0.1524,200.0,30.48,0.0,0.1628,4.05,0.0
15757837,2,7,4,3,33,584,3,88311.48,177651.38,1,1,0,0.0733,2849.34,208.86,0.4971,0.0909,3.45,44155.74
15697574,1,27,6,1,40,582,9,0.0,60954.45,1,1,0,0.7978,275.0,219.4,0.0,0.225,4.35,0.0
15578738,1,7,2,3,32,609,7,71872.19,151924.9,1,1,0,0.0861,2281.17,196.41,0.4731,0.2188,4.05,71872.19
15762228,3,6,4,3,35,506,6,110046.93,26318.73,0,1,0,0.3069,3501.41,1074.58,4.1812,0.1714,1.9,55023.46
15614827,1,6,2,3,42,503,8,104430.08,147557.71,1,1,0,0.193,3257.9,628.77,0.7077,0.1905,4.2,104430.08
15789815,1,21,4,3,28,503,5,0.0,125918.17,0,1,0,0.0912,200.0,18.24,0.0,0.1786,1.75,0.0
15579781,2,10,2,2,31,806,10,138653.51,190803.37,0,1,0,0.5171,4284.61,2215.57,0.7267,0.3226,2.5,138653.51
15587013,1,27,2,3,31,653,7,102575.04,11043.54,1,1,0,0.1632,3202.25,522.61,9.2874,0.2258,4.05,102575.04
15570932,1,7,4,3,43,666,7,137780.74,119100.05,1,1,1,0.2941,4333.42,1274.46,1.1568,0.1628,4.05,68890.37
15794661,3,8,4,3,32,674,2,0.0,140579.17,0,1,0,0.0737,200.0,14.74,0.0,0.0625,1.3,0.0
15581654,1,9,3,3,32,798,7,0.0,37731.95,1,0,0,0.0368,150.0,5.52,0.0,0.2188,3.05,0.0
15644296,1,29,2,3,30,740,8,105209.54,1852.58,0,1,0,0.2541,3281.29,833.78,56.7602,0.2667,2.2,105209.54
15614420,2,26,4,3,32,531,0,109570.21,172049.84,1,1,0,0.2808,3487.11,979.18,0.6368,0.0,3.0,54785.1
15609653,2,27,2,1,44,614,6,118715.86,133591.11,0,1,1,0.8755,3686.48,3227.51,0.8886,0.1364,1.9,118715.86
15594577,1,6,4,3,35,556,10,0.0,192751.18,1,1,0,0.0428,200.0,8.56,0.0,0.2857,4.5,0.0
15584114,2,28,4,3,43,678,2,153393.18,193828.27,1,1,0,0.2786,4801.8,1337.78,0.7914,0.0465,3.3,76696.59
15673367,2,7,2,2,33,587,6,132603.36,55775.72,0,1,0,0.6456,4103.1,2648.96,2.3774,0.1818,1.9,132603.36
15685576,3,26,4,3,36,527,6,0.0,102280.29,1,1,0,0.0879,200.0,17.58,0.0,0.1667,3.9,0.0
15774727,2,29,3,3,34,757,1,129398.01,44965.44,0,0,0,0.2097,4031.94,845.5,2.8777,0.0294,0.15,64699.0
15694288,3,1,4,3,28,468,3,0.0,170661.02,0,1,0,0.0637,200.0,12.74,0.0,0.1071,1.45,0.0
15603319,1,3,1,3,29,693,2,151352.74,197145.89,0,0,0,0.1941,4615.58,895.88,0.7677,0.069,0.3,151352.74
15759066,1,26,2,1,44,483,5,136836.49,192359.9,0,1,1,0.7409,4230.09,3134.07,0.7114,0.1136,1.75,136836.49
15814816,1,6,2,2,40,466,4,91592.06,141210.18,0,1,1,0.4582,2872.76,1316.3,0.6486,0.1,1.6,91592.06
15724402,1,29,4,3,30,770,8,0.0,100557.03,0,1,0,0.0765,200.0,15.3,0.0,0.2667,2.2,0.0
15571059,1,33,2,1,54,734,3,0.0,130805.54,0,1,1,0.967,125.0,120.88,0.0,0.0556,1.45,0.0
15674206,1,23,4,3,22,716,8,0.0,92606.98,1,1,0,0.0337,200.0,6.74,0.0,0.3636,4.2,0.0
15715160,1,6,4,3,36,439,2,165536.28,123956.83,1,1,0,0.1375,5166.09,710.34,1.3354,0.0556,3.3,82768.14
15730448,2,1,2,3,25,538,5,62482.95,102758.43,1,1,0,0.1729,1999.49,345.71,0.6081,0.2,3.75,62482.95
15662067,1,9,2,2,40,743,8,68155.59,94876.65,0,1,0,0.5682,2169.67,1232.81,0.7184,0.2,2.2,68155.59
15779581,3,28,3,2,43,734,3,55853.33,94811.85,1,0,1,0.5514,1825.6,1006.64,0.5891,0.0698,2.45,27926.66
15662901,1,7,3,3,37,656,2,0.0,67840.81,1,0,0,0.0516,150.0,7.74,0.0,0.0541,2.3,0.0
15689751,1,27,1,3,31,666,2,79589.43,4050.57,0,0,0,0.2894,2462.68,712.7,19.6441,0.0645,0.3,79589.43
15667742,3,7,1,3,41,627,5,100880.76,134665.25,1,0,0,0.3235,3101.42,1003.31,0.7491,0.122,2.75,100880.76
15738448,2,21,3,3,25,480,3,174330.35,181647.13,0,0,0,0.2112,5379.91,1136.24,0.9597,0.12,0.45,87165.18
15680243,1,4,2,3,19,792,7,143390.51,33282.84,0,1,0,0.1897,4426.72,839.75,4.3081,0.3684,2.05,143390.51
15745083,2,12,1,1,59,613,8,91415.76,27965.0,0,0,1,0.9722,2817.47,2739.14,3.2688,0.1356,1.2,91415.76
15708228,2,6,2,2,30,476,3,134366.42,68343.53,0,1,0,0.5898,4155.99,2451.2,1.966,0.1,1.45,134366.42
15628523,1,21,4,3,24,539,3,0.0,198161.07,1,1,0,0.0659,200.0,13.18,0.0,0.125,3.45,0.0
15708196,3,18,2,3,60,696,8,88786.81,196858.4,1,1,0,0.3421,2788.6,953.98,0.451,0.1333,4.2,88786.81
15735549,2,10,4,3,35,810,3,96814.46,120511.03,1,1,0,0.0729,3104.43,226.31,0.8034,0.0857,3.45,48407.23
15809347,2,9,2,2,32,763,9,160680.41,30886.35,0,1,0,0.3993,4945.41,1974.7,5.2021,0.2812,2.35,160680.41
15660866,1,22,4,3,29,640,3,0.0,2743.69,0,1,0,0.123,200.0,24.6,0.0,0.1034,1.45,0.0
15766609,1,32,4,2,47,655,10,0.0,167778.62,0,1,0,0.4865,200.0,97.3,0.0,0.2128,2.5,0.0
15654230,2,6,2,2,31,526,5,145537.21,132404.64,0,1,0,0.5007,4491.12,2248.7,1.0992,0.1613,1.75,145537.21
15794566,1,23,4,3,28,678,4,0.0,144423.17,1,1,1,0.1037,200.0,20.74,0.0,0.1429,3.6,0.0
15800890,1,31,4,3,45,554,6,0.0,181204.5,1,1,0,0.2018,200.0,40.36,0.0,0.1333,3.9,0.0
15697424,3,27,2,2,30,597,2,119370.11,182726.22,1,1,1,0.3937,3706.1,1459.09,0.6533,0.0667,3.3,119370.11
15724536,3,21,4,3,28,560,1,0.0,120880.72,1,1,0,0.0491,200.0,9.82,0.0,0.0357,3.15,0.0
15735878,2,35,1,1,47,850,10,134381.52,26812.89,0,0,1,0.9374,4106.45,3849.39,5.0116,0.2128,1.5,134381.52
15707596,2,36,4,2,74,546,8,114888.74,66732.63,1,1,1,0.4028,3646.66,1468.87,1.7216,0.1081,4.2,57444.37
15657163,2,7,4,3,42,623,1,149332.48,100834.22,0,1,0,0.2495,4679.97,1167.65,1.481,0.0238,1.15,74666.24
15622478,1,28,6,1,40,698,7,105061.74,107815.31,0,1,1,0.9852,3426.85,3376.13,0.9745,0.175,2.05,35020.58
15779529,1,7,4,3,32,620,7,0.0,34665.79,1,1,0,0.0404,200.0,8.08,0.0,0.2188,4.05,0.0
15636023,1,27,2,1,40,619,10,0.0,147093.84,1,1,1,0.6881,125.0,86.01,0.0,0.25,4.5,0.0
15582066,1,1,2,3,21,561,4,0.0,36942.35,1,1,0,0.1427,125.0,17.84,0.0,0.1905,3.6,0.0
15666675,1,29,2,3,39,753,7,155062.8,16460.77,1,1,0,0.1904,4776.88,909.52,9.4196,0.1795,4.05,155062.8
15732987,3,8,1,2,43,721,3,88798.34,45610.63,0,0,0,0.5115,2738.95,1400.97,1.9468,0.0698,0.45,88798.34
15789432,1,6,4,3,33,451,6,0.0,184954.11,0,1,0,0.0671,200.0,13.42,0.0,0.1818,1.9,0.0
15663161,2,33,1,1,51,680,5,143139.87,47795.43,0,0,1,0.9448,4369.2,4128.02,2.9948,0.098,0.75,143139.87
15694879,3,22,4,3,23,590,7,0.0,196789.9,0,1,0,0.0555,200.0,11.1,0.0,0.3043,2.05,0.0
15593715,2,2,2,2,27,634,3,107027.52,173425.68,0,1,0,0.439,3335.83,1464.43,0.6171,0.1111,1.45,107027.52
15575002,1,3,2,3,29,676,4,140720.93,36221.18,0,1,0,0.2887,4346.63,1254.87,3.8849,0.1379,1.6,140720.93
15622171,1,7,4,3,30,642,8,80964.57,174738.2,0,1,0,0.0364,2628.94,95.69,0.4633,0.2667,2.2,40482.29
15795224,1,9,2,1,39,760,6,178585.46,67131.3,0,1,1,0.6559,5482.56,3596.01,2.6602,0.1538,1.9,178585.46
15685346,3,23,2,3,26,736,4,135889.13,165692.03,1,1,0,0.2736,4201.67,1149.58,0.8201,0.1538,3.6,135889.13
15691808,1,7,2,2,43,656,7,134919.85,194691.95,0,1,0,0.6138,4172.6,2561.14,0.693,0.1628,2.05,134919.85
15721007,2,9,1,2,33,776,8,115130.34,129525.5,0,0,1,0.5753,3528.91,2030.18,0.8889,0.2424,1.2,115130.34
15794253,3,30,3,3,34,832,6,138190.13,146511.2,1,0,0,0.1203,4295.7,516.77,0.9432,0.1765,2.9,69095.06
15694453,2,7,4,3,37,631,9,131519.49,51752.18,1,1,0,0.1352,4145.58,560.48,2.5413,0.2432,4.35,65759.74
15813113,3,34,2,1,56,795,5,0.0,35418.69,0,1,1,0.9653,125.0,120.66,0.0,0.0893,1.75,0.0
15614187,2,27,3,2,39,648,3,126935.98,57995.74,1,0,0,0.4072,3958.08,1611.73,2.1887,0.0769,2.45,63467.99
15619407,1,7,2,3,39,615,4,133707.09,108152.75,1,1,0,0.2522,4136.21,1043.15,1.2363,0.1026,3.6,133707.09
15646227,1,23,2,3,27,682,1,97893.2,166144.98,0,1,0,0.1489,3061.8,455.9,0.5892,0.037,1.15,97893.2
15660541,1,8,2,3,34,694,5,127900.03,101737.8,0,1,0,0.224,3962.0,887.49,1.2571,0.1471,1.75,127900.03
15753874,1,8,1,3,37,694,10,143835.47,33326.71,1,0,0,0.1982,4390.06,870.11,4.3158,0.2703,3.5,143835.47
15617877,1,7,4,3,44,607,0,0.0,81140.09,1,1,0,0.2055,200.0,41.1,0.0,0.0,3.0,0.0
15772073,1,12,2,1,48,664,10,0.0,140173.17,0,1,1,0.885,125.0,110.62,0.0,0.2083,2.5,0.0
15701537,1,19,2,2,60,756,2,0.0,166513.49,1,1,1,0.5554,125.0,69.42,0.0,0.0333,3.3,0.0
15736228,1,27,2,3,40,645,3,129596.77,103232.6,1,1,0,0.3357,4012.9,1347.13,1.2554,0.075,3.45,129596.77
15780572,3,7,4,3,30,653,4,0.0,120736.04,0,1,0,0.0477,200.0,9.54,0.0,0.1333,1.6,0.0
15769596,2,23,3,2,24,710,2,110407.44,15832.43,0,0,1,0.3648,3462.22,1263.02,6.9731,0.0833,0.3,55203.72
15586996,1,38,3,3,76,697,7,0.0,188772.45,1,0,0,0.025,150.0,3.75,0.0,0.0921,3.05,0.0
15722061,2,27,4,2,41,619,8,142015.76,114323.66,0,1,0,0.3686,4460.47,1644.13,1.2422,0.1951,2.2,71007.88
15638003,3,12,1,1,55,648,1,81370.07,181534.04,1,0,0,0.751,2516.1,1889.59,0.4482,0.0182,2.15,81370.07
15775590,2,31,1,1,48,482,2,69329.47,102640.52,0,0,1,0.8811,2154.88,1898.66,0.6755,0.0417,0.3,69329.47
15730688,1,21,4,3,28,548,8,116755.5,158585.17,1,1,1,0.2762,3702.66,1022.67,0.7362,0.2857,4.2,58377.75
15753102,3,9,2,1,44,752,6,83870.33,178722.24,0,1,0,0.754,2641.11,1991.4,0.4693,0.1364,1.9,83870.33
15810075,1,27,4,2,39,648,6,130694.89,153955.38,1,1,1,0.3544,4120.85,1460.43,0.8489,0.1538,3.9,65347.44
15723373,3,27,2,2,34,643,8,117451.47,65374.86,0,1,0,0.3777,3648.54,1378.05,1.7966,0.2353,2.2,117451.47
15795298,2,26,3,3,35,573,9,206868.78,102986.15,1,0,0,0.2499,6356.06,1588.38,2.0087,0.2571,3.35,103434.39
15584320,1,28,1,2,39,686,3,111695.62,136643.84,0,0,0,0.4954,3425.87,1697.18,0.8174,0.0769,0.45,111695.62
15724161,1,27,8,1,40,644,9,137285.26,77063.63,0,1,1,0.9917,4468.56,4431.47,1.7814,0.225,2.35,34321.32
15750056,1,23,2,3,29,702,6,149218.39,9633.01,1,1,0,0.1872,4601.55,861.41,15.4887,0.2069,3.9,149218.39
15609637,1,12,3,3,51,652,7,0.0,43496.36,1,0,0,0.2007,150.0,30.1,0.0,0.1373,3.05,0.0
15794493,3,7,4,3,32,641,7,0.0,24267.28,1,1,0,0.0446,200.0,8.92,0.0,0.2188,4.05,0.0
15569641,2,28,2,1,41,692,8,130701.29,59354.24,0,1,1,0.7954,4046.04,3218.22,2.202,0.1951,2.2,130701.29
15815236,3,6,3,3,34,574,5,0.0,28269.86,0,0,0,0.0556,150.0,8.34,0.0,0.1471,0.75,0.0
15811177,1,27,2,2,31,643,3,167949.48,143162.34,0,1,0,0.3947,5163.48,2038.03,1.1731,0.0968,1.45,167949.48
15680587,1,5,2,3,23,834,4,131254.81,20199.3,0,1,0,0.3253,4062.64,1321.58,6.4977,0.1739,1.6,131254.81
15672821,1,2,4,3,28,591,5,0.0,48606.92,1,1,0,0.0418,200.0,8.36,0.0,0.1786,3.75,0.0
15767681,3,6,3,3,34,470,9,0.0,89013.67,1,0,0,0.038,150.0,5.7,0.0,0.2647,3.35,0.0
15600379,3,7,1,3,34,608,7,86656.13,59890.29,1,0,0,0.1749,2674.68,467.8,1.4469,0.2059,3.05,86656.13
15801336,2,27,2,2,37,649,8,114737.26,106655.88,1,1,1,0.6353,3567.12,2266.19,1.0758,0.2162,4.2,114737.26
15721592,1,27,4,3,38,665,5,0.0,156439.56,0,1,0,0.1573,200.0,31.46,0.0,0.1316,1.75,0.0
15581282,1,27,2,1,39,651,6,0.0,24176.44,0,1,0,0.7007,125.0,87.59,0.0,0.1538,1.9,0.0
15746203,2,16,1,1,62,555,4,119817.33,43507.1,1,0,1,0.8292,3669.52,3042.77,2.7539,0.0645,2.6,119817.33
15583137,1,32,4,2,48,637,7,130806.99,132005.85,1,1,1,0.597,4124.21,2462.15,0.9909,0.1458,4.05,65403.5
15680752,1,33,2,1,49,675,0,0.0,80496.71,1,1,1,0.8371,125.0,104.64,0.0,0.0,3.0,0.0
15688172,3,8,4,3,40,677,5,0.0,88947.56,0,1,0,0.0651,200.0,13.02,0.0,0.125,1.75,0.0
15791373,2,30,1,2,35,850,2,80931.75,12639.67,0,0,1,0.4987,2502.95,1248.22,6.4025,0.0571,0.3,80931.75
15589449,1,35,6,1,56,815,3,0.0,94248.16,1,1,1,0.9582,275.0,263.5,0.0,0.0536,3.45,0.0
15692819,2,7,1,2,32,665,1,132178.67,11865.76,0,0,0,0.551,4040.36,2226.24,11.1386,0.0312,0.15,132178.67
15727467,1,21,4,3,27,485,3,0.0,141449.86,0,1,0,0.1344,200.0,26.88,0.0,0.1111,1.45,0.0
15734312,3,6,4,3,43,577,6,0.0,149457.81,1,1,0,0.0881,200.0,17.62,0.0,0.1395,3.9,0.0
15764604,1,27,6,1,35,586,7,164769.02,119814.25,0,1,1,0.9822,5218.07,5125.19,1.3752,0.2,2.05,54923.01
15613014,2,3,4,3,29,722,1,107233.85,24924.92,0,1,0,0.1988,3417.02,679.3,4.3021,0.0345,1.15,53616.92
15759684,1,21,3,3,27,528,7,176227.07,139481.53,1,0,0,0.2732,5436.81,1485.34,1.2634,0.2593,3.05,88113.54
15609669,1,26,4,3,39,542,4,109949.39,41268.65,1,1,0,0.3421,3498.48,1196.83,2.6642,0.1026,3.6,54974.7
15685536,1,26,4,3,34,552,5,0.0,1351.41,1,1,0,0.0868,200.0,17.36,0.0,0.1471,3.75,0.0
15750447,1,38,2,1,60,678,10,117738.81,147489.76,0,1,1,0.9198,3657.16,3363.86,0.7983,0.1667,2.5,117738.81
15663249,3,26,2,2,37,575,9,133292.45,111175.09,0,1,0,0.3664,4123.77,1510.95,1.1989,0.2432,2.35,133292.45
15638646,1,27,2,2,43,669,1,160474.59,95963.14,1,1,0,0.3885,4939.24,1918.89,1.6722,0.0233,3.15,160474.59
15734161,1,7,4,3,43,636,6,0.0,43128.95,0,1,0,0.1425,200.0,28.5,0.0,0.1395,1.9,0.0
15631070,2,12,2,1,55,667,9,154393.43,137674.96,1,1,1,0.7655,4756.8,3641.33,1.1214,0.1636,4.35,154393.43
15761950,2,32,2,1,45,652,9,110827.49,153383.54,1,1,1,0.8883,3449.82,3064.48,0.7225,0.2,4.35,110827.49
15649668,2,27,4,3,36,637,10,145750.45,96660.76,1,1,0,0.149,4572.51,681.3,1.5078,0.2778,4.5,72875.23
15713912,3,31,1,2,45,516,8,109044.3,115818.16,1,0,0,0.586,3346.33,1960.95,0.9415,0.1778,3.2,109044.3
15586757,1,30,2,3,32,801,4,75170.54,37898.5,1,1,0,0.1557,2380.12,370.58,1.9834,0.125,3.6,75170.54
15596522,1,28,4,3,42,692,2,0.0,145222.93,0,1,0,0.2395,200.0,47.9,0.0,0.0476,1.3,0.0
15625395,1,22,2,3,28,585,6,105795.9,41219.09,1,1,0,0.2072,3298.88,683.53,2.5666,0.2143,3.9,105795.9
15760570,1,7,4,3,32,590,5,0.0,59249.83,0,1,0,0.0453,200.0,9.06,0.0,0.1562,1.75,0.0
15566689,3,16,4,3,66,554,8,0.0,116747.62,1,1,0,0.0894,200.0,17.88,0.0,0.1212,4.2,0.0
15725794,1,32,2,1,49,659,1,0.0,116249.72,0,1,1,0.9474,125.0,118.42,0.0,0.0204,1.15,0.0
15673539,1,23,2,3,26,690,3,118097.87,61257.83,0,1,0,0.2796,3667.94,1025.56,1.9279,0.1154,1.45,118097.87
15705298,2,3,1,3,29,697,0,172693.54,141798.98,0,0,0,0.1938,5255.81,1018.58,1.2179,0.0,0.0,172693.54
15675791,1,7,4,3,36,610,4,129440.3,102638.35,0,1,0,0.1925,4083.21,786.02,1.2611,0.1111,1.6,64720.15
15747043,3,7,3,3,36,599,4,0.0,13210.56,0,0,0,0.0548,150.0,8.22,0.0,0.1111,0.6,0.0
15736397,1,1,2,3,23,544,1,96471.2,35550.97,0,1,0,0.1669,3019.14,503.89,2.7135,0.0435,1.15,96471.2
15678201,1,31,2,1,46,548,1,0.0,104469.06,1,1,1,0.8421,125.0,105.26,0.0,0.0217,3.15,0.0
15720745,3,2,2,3,24,635,4,140197.18,142935.83,1,1,0,0.1669,4330.92,722.83,0.9808,0.1667,3.6,140197.18
15637593,1,3,4,3,20,722,6,0.0,195486.28,0,1,0,0.0218,200.0,4.36,0.0,0.3,1.9,0.0
15598070,1,26,2,3,33,564,4,135946.26,63170.0,0,1,0,0.3083,4203.39,1295.91,2.152,0.1212,1.6,135946.26
15787550,1,18,4,3,69,719,3,0.0,58320.06,1,1,0,0.0621,200.0,12.42,0.0,0.0435,3.45,0.0
15603942,2,11,5,1,50,547,3,81290.02,177747.03,1,0,1,0.9829,2663.7,2618.15,0.4573,0.06,2.45,27096.67
15733973,1,30,2,1,42,850,8,0.0,19632.64,0,1,1,0.6988,125.0,87.35,0.0,0.1905,2.2,0.0
15596761,2,16,2,1,60,515,9,113715.36,18424.24,0,1,1,0.96,3536.46,3395.0,6.1717,0.15,2.35,113715.36
15652400,3,12,1,2,56,667,2,168883.08,18897.78,1,0,0,0.5928,5141.49,3047.88,8.9362,0.0357,2.3,168883.08
15717893,2,7,2,2,36,607,8,143421.74,97879.02,0,1,0,0.6345,4427.65,2809.34,1.4653,0.2222,2.2,143421.74
15622585,1,1,2,3,26,525,7,153644.39,63197.88,1,1,0,0.1192,4734.33,564.33,2.4311,0.2692,4.05,153644.39
15733964,3,32,2,1,53,606,1,109330.06,75860.01,1,1,0,0.7077,3404.9,2409.65,1.4412,0.0189,3.15,109330.06
15753861,2,23,3,3,27,686,1,115095.88,78622.46,0,0,0,0.1545,3602.88,556.64,1.4639,0.037,0.15,57547.94
15747097,1,7,2,3,35,611,10,0.0,23598.23,1,1,1,0.3483,125.0,43.54,0.0,0.2857,4.5,0.0
15594762,3,15,2,2,46,827,1,183276.32,13460.27,1,1,0,0.6469,5623.29,3637.71,13.6151,0.0217,3.15,183276.32
15667417,1,6,2,2,33,572,9,68193.72,19998.31,0,1,0,0.3661,2170.81,794.73,3.4098,0.2727,2.35,68193.72
15684861,1,28,3,3,32,726,8,0.0,185075.63,0,0,0,0.1991,150.0,29.86,0.0,0.25,1.2,0.0
15742204,2,6,1,2,31,579,6,139729.54,135815.38,1,0,0,0.4534,4266.89,1934.61,1.0288,0.1935,2.9,139729.54
15623502,3,32,2,2,56,598,4,98365.33,44251.33,1,1,0,0.6263,3075.96,1926.47,2.2228,0.0714,3.6,98365.33
15774872,1,7,4,3,36,663,10,0.0,136349.55,0,1,0,0.0266,200.0,5.32,0.0,0.2778,2.5,0.0
15611191,2,26,4,3,37,505,10,122453.97,52693.99,1,1,0,0.3442,3873.62,1333.3,2.3238,0.2703,4.5,61226.98
15674331,2,6,3,3,30,576,7,132174.41,93767.03,0,0,0,0.1791,4115.23,737.04,1.4096,0.2333,1.05,66087.2
15619465,3,21,3,3,24,555,2,0.0,197866.55,1,0,0,0.077,150.0,11.55,0.0,0.0833,2.3,0.0
15575247,1,6,4,3,30,524,1,0.0,126812.85,0,1,0,0.0465,200.0,9.3,0.0,0.0333,1.15,0.0
15695679,3,9,1,3,39,776,2,104349.45,79503.05,0,0,0,0.2605,3205.48,835.03,1.3125,0.0513,0.3,104349.45
15713463,2,27,2,1,41,645,2,138881.04,129936.53,0,1,1,0.7648,4291.43,3282.09,1.0688,0.0488,1.3,138881.04
15785170,2,30,1,2,32,850,0,116968.91,175094.62,0,0,0,0.4855,3584.07,1740.07,0.668,0.0,0.0,116968.91
15796351,2,7,4,3,35,603,1,105346.03,130379.5,1,1,0,0.1775,3360.38,596.47,0.808,0.0286,3.15,52673.02
15639576,1,3,2,3,26,691,9,136623.19,153228.0,0,1,0,0.1823,4223.7,769.98,0.8916,0.3462,2.35,136623.19
15693264,1,22,4,3,29,583,10,0.0,111285.85,1,1,0,0.0972,200.0,19.44,0.0,0.3448,4.5,0.0
15589715,1,37,2,1,66,584,5,0.0,49553.38,0,1,1,0.9274,125.0,115.92,0.0,0.0758,1.75,0.0
15769902,1,28,4,3,33,679,6,0.0,98015.85,1,1,0,0.0795,200.0,15.9,0.0,0.1818,3.9,0.0
15587177,1,7,2,3,36,646,6,124445.52,88481.32,0,1,0,0.2646,3858.37,1020.92,1.4064,0.1667,1.9,124445.52
15814553,1,26,4,3,34,559,5,68999.66,66879.27,1,1,0,0.1568,2269.99,355.93,1.0317,0.1471,3.75,34499.83
15601550,3,7,2,3,36,595,6,85768.42,24802.77,1,1,0,0.2253,2698.05,607.87,3.4579,0.1667,3.9,85768.42
15664907,1,11,2,1,47,527,1,0.0,21312.16,0,1,1,0.9146,125.0,114.32,0.0,0.0213,1.15,0.0
15612465,3,8,4,3,34,684,9,100628.0,190263.78,1,1,0,0.0277,3218.84,89.16,0.5289,0.2647,4.35,50314.0
15810800,3,28,2,2,32,673,0,0.0,72873.33,1,1,0,0.3928,125.0,49.1,0.0,0.0,3.0,0.0
15665760,3,10,3,3,38,802,7,0.0,57764.65,1,0,0,0.0424,150.0,6.36,0.0,0.1842,3.05,0.0
15588080,1,13,2,1,54,675,6,0.0,110273.84,0,1,1,0.9463,125.0,118.29,0.0,0.1111,1.9,0.0
15776844,3,24,4,3,19,762,6,0.0,55500.17,0,1,0,0.0274,200.0,5.48,0.0,0.3158,1.9,0.0
15717560,1,12,2,1,50,580,0,125647.36,57541.08,0,1,1,0.8672,3894.42,3377.24,2.1836,0.0,1.0,125647.36
15629739,2,27,2,2,31,621,8,100375.39,90384.26,1,1,0,0.4507,3136.26,1413.51,1.1105,0.2581,4.2,100375.39
15729908,1,26,1,1,36,411,10,0.0,120694.35,0,0,0,0.7268,75.0,54.51,0.0,0.2778,1.5,0.0
15716781,1,5,1,3,24,815,7,171922.72,178028.96,1,0,0,0.1898,5232.68,993.16,0.9657,0.2917,3.05,171922.72
15646936,2,27,4,3,32,631,2,146810.99,180990.29,1,1,0,0.1446,4604.33,665.79,0.8111,0.0625,3.3,73405.5
15768151,2,31,1,1,45,514,3,109032.23,155407.21,1,0,1,0.882,3345.97,2951.15,0.7016,0.0667,2.45,109032.23
15579212,1,12,2,1,57,638,6,0.0,33676.48,0,1,1,0.9656,125.0,120.7,0.0,0.1053,1.9,0.0
15721835,3,4,2,3,25,791,7,0.0,89666.28,0,1,0,0.2157,125.0,26.96,0.0,0.28,2.05,0.0
15800515,1,6,2,3,35,516,5,128653.59,127558.26,0,1,0,0.2807,3984.61,1118.48,1.0086,0.1429,1.75,128653.59
15591279,1,8,1,3,37,734,3,80387.81,77272.62,1,0,0,0.2497,2486.63,620.91,1.0403,0.0811,2.45,80387.81
15587419,1,12,3,3,58,611,8,0.0,107665.68,1,0,1,0.272,150.0,40.8,0.0,0.1379,3.2,0.0
15750335,2,10,6,1,43,850,0,108508.82,184044.8,0,1,1,0.9893,3530.26,3492.49,0.5896,0.0,1.0,36169.61
15699619,1,7,2,3,31,641,10,155978.17,91510.71,0,1,0,0.285,4804.35,1369.24,1.7045,0.3226,2.5,155978.17
15606472,1,27,2,2,38,585,5,0.0,87363.56,1,1,0,0.4501,125.0,56.26,0.0,0.1316,3.75,0.0
15778368,2,11,2,1,50,552,4,121175.56,117505.07,0,1,1,0.9476,3760.27,3563.23,1.0312,0.08,1.6,121175.56
15671387,1,21,3,3,29,507,4,89349.47,180626.68,0,0,0,0.2032,2830.48,575.15,0.4947,0.1379,0.6,44674.74
15573926,3,8,3,3,38,735,7,86131.71,93478.96,0,0,0,0.3079,2733.95,841.78,0.9214,0.1842,1.05,43065.86
15709183,1,33,2,2,58,707,3,102346.86,114672.64,1,1,0,0.5841,3195.41,1866.44,0.8925,0.0517,3.45,102346.86
15577514,2,28,2,2,36,698,7,121263.62,13387.88,1,1,0,0.5808,3762.91,2185.5,9.057,0.1944,4.05,121263.62
15778830,1,10,4,3,31,841,2,0.0,173240.52,0,1,0,0.0306,200.0,6.12,0.0,0.0645,1.3,0.0
15768072,3,28,1,2,33,688,2,0.0,27557.18,0,0,1,0.5878,75.0,44.08,0.0,0.0606,0.3,0.0
15768293,1,12,4,3,51,614,3,0.0,5552.37,1,1,0,0.1877,200.0,37.54,0.0,0.0588,3.45,0.0
15654456,2,11,1,1,48,511,6,149726.08,88307.87,0,0,1,0.9195,4566.78,4199.15,1.6955,0.125,0.9,149726.08
15807525,1,6,4,3,43,447,2,0.0,33879.26,0,1,1,0.2439,200.0,48.78,0.0,0.0465,1.3,0.0
15574372,1,8,4,3,35,738,5,161274.05,181429.87,0,1,0,0.2971,5038.22,1496.86,0.8889,0.1429,1.75,80637.02
15671249,1,26,4,3,33,422,2,0.0,102655.31,0,1,0,0.2043,200.0,40.86,0.0,0.0606,1.3,0.0
15779744,3,6,2,3,30,537,1,103138.17,96555.42,1,1,0,0.1013,3219.15,326.1,1.0682,0.0333,3.15,103138.17
15624755,2,28,2,1,40,707,3,109628.44,189366.03,0,1,0,0.7881,3413.85,2690.46,0.5789,0.075,1.45,109628.44
15611430,1,13,2,1,54,690,5,0.0,12847.61,0,1,1,0.9519,125.0,118.99,0.0,0.0926,1.75,0.0
15774744,2,7,4,3,33,664,7,97286.16,143433.33,0,1,0,0.1442,3118.58,449.7,0.6783,0.2121,2.05,48643.08
15629885,1,30,2,3,33,850,7,118004.26,183983.82,0,1,0,0.2756,3665.13,1010.11,0.6414,0.2121,2.05,118004.26
15708791,3,7,1,3,32,584,9,85534.83,169137.24,0,0,0,0.1347,2641.04,355.75,0.5057,0.2812,1.35,85534.83
15793890,1,33,2,1,59,728,4,0.0,163365.85,1,1,1,0.8085,125.0,101.06,0.0,0.0678,3.6,0.0
15646091,3,26,4,2,43,560,4,95140.44,123181.44,0,1,1,0.5611,3054.21,1713.72,0.7724,0.093,1.6,47570.22
15596984,1,27,2,2,31,629,6,0.0,16447.6,1,1,1,0.416,125.0,52.0,0.0,0.1935,3.9,0.0
15800215,1,2,3,3,25,658,3,0.0,173948.4,1,0,0,0.0177,150.0,2.66,0.0,0.12,2.45,0.0
15577806,2,34,2,1,54,794,1,75900.84,192154.66,1,1,0,0.7942,2402.03,1907.69,0.395,0.0185,3.15,75900.84
15749381,1,29,2,2,41,790,2,126619.27,198224.38,0,1,0,0.477,3923.58,1871.55,0.6388,0.0488,1.3,126619.27
15683758,1,7,2,2,44,640,7,111833.47,67202.74,0,1,0,0.5975,3480.0,2079.3,1.6641,0.1591,2.05,111833.47
15670615,3,7,4,3,37,652,7,0.0,68789.93,0,1,0,0.0608,200.0,12.16,0.0,0.1892,2.05,0.0
15715622,1,32,1,1,57,583,3,238387.56,147964.99,1,0,1,0.8891,7226.63,6425.2,1.6111,0.0526,2.45,238387.56
15707634,1,29,4,3,32,775,2,108698.96,161069.73,1,1,0,0.218,3460.97,754.49,0.6749,0.0625,3.3,54349.48
15806901,1,27,2,3,39,584,2,112687.69,127749.61,1,1,0,0.2962,3505.63,1038.37,0.8821,0.0513,3.3,112687.69
15775335,2,32,4,2,48,635,4,81556.89,191914.37,0,1,0,0.621,2646.71,1643.61,0.425,0.0833,1.6,40778.44
15724150,1,15,2,2,48,814,9,136596.85,185791.9,1,1,0,0.4068,4222.91,1717.88,0.7352,0.1875,4.35,136596.85
15627220,2,28,1,1,43,735,9,98807.45,184570.04,0,0,1,0.9137,3039.22,2776.94,0.5353,0.2093,1.35,98807.45
15672330,1,28,3,3,31,678,1,0.0,130446.65,1,0,0,0.0704,150.0,10.56,0.0,0.0323,2.15,0.0
15668521,1,8,4,3,37,693,1,0.0,82867.55,1,1,0,0.0427,200.0,8.54,0.0,0.027,3.15,0.0
15807837,1,27,2,3,30,640,6,107499.7,187632.22,1,1,0,0.2701,3349.99,904.83,0.5729,0.2,3.9,107499.7
15592570,3,24,4,3,23,773,8,0.0,56759.79,0,1,0,0.0495,200.0,9.9,0.0,0.3478,2.2,0.0
15748589,1,28,4,3,30,736,9,0.0,34180.33,0,1,0,0.0491,200.0,9.82,0.0,0.3,2.35,0.0
15635893,1,23,4,3,28,693,8,0.0,158545.25,1,1,0,0.0682,200.0,13.64,0.0,0.2857,4.2,0.0
15757632,1,26,4,2,41,496,1,176024.05,182337.98,0,1,0,0.4594,5480.72,2517.84,0.9654,0.0244,1.15,88012.02
15691863,1,29,4,3,39,751,3,0.0,84175.34,1,1,0,0.1107,200.0,22.14,0.0,0.0769,3.45,0.0
15706071,2,6,1,1,39,528,0,127631.62,22197.8,1,0,1,0.7395,3903.95,2886.97,5.7495,0.0,2.0,127631.62
15654296,3,24,2,2,19,754,9,0.0,189641.11,0,1,0,0.4501,125.0,56.26,0.0,0.4737,2.35,0.0
15755018,2,21,4,3,26,568,10,109819.16,154491.39,0,1,0,0.2164,3494.57,756.22,0.7108,0.3846,2.5,54909.58
15594041,3,27,2,2,41,592,2,138734.94,90020.74,0,1,0,0.5256,4287.05,2253.27,1.5411,0.0488,1.3,138734.94
15670587,2,1,4,3,25,558,10,111363.1,197264.35,0,1,0,0.096,3540.89,339.93,0.5645,0.4,2.5,55681.55
15724527,1,10,4,3,34,825,9,0.0,31933.06,1,1,0,0.0218,200.0,4.36,0.0,0.2647,4.35,0.0
15801904,2,3,4,2,28,677,0,143988.0,8755.69,0,1,1,0.4932,4519.64,2229.09,16.4432,0.0,1.0,71994.0
15658195,1,7,2,3,34,653,5,118838.75,52820.13,1,1,0,0.1895,3690.16,699.29,2.2498,0.1471,3.75,118838.75
15630113,3,7,2,3,35,593,4,161637.75,20008.46,1,1,0,0.1374,4974.13,683.45,8.0781,0.1143,3.6,161637.75
15784320,1,27,2,2,44,632,3,133793.89,34607.14,1,1,1,0.5237,4138.82,2167.5,3.866,0.0682,3.45,133793.89
15676513,2,7,2,2,35,601,8,71553.83,177384.45,0,1,0,0.4044,2271.61,918.64,0.4034,0.2286,2.2,71553.83
15574072,1,39,2,1,62,786,8,0.0,165702.64,1,1,0,0.6553,125.0,81.91,0.0,0.129,4.2,0.0
15633854,1,27,4,3,40,654,3,0.0,167889.1,0,1,0,0.243,200.0,48.6,0.0,0.075,1.45,0.0
15618566,1,26,4,3,38,572,7,0.0,133122.62,1,1,0,0.1079,200.0,21.58,0.0,0.1842,4.05,0.0
15733014,1,40,3,2,62,813,10,64667.95,140454.14,1,0,0,0.3723,2090.04,778.12,0.4604,0.1613,3.5,32333.98
15753343,1,21,2,3,28,523,2,121164.11,59938.81,1,1,0,0.2105,3759.92,791.46,2.0214,0.0714,3.3,121164.11
15746076,3,11,4,2,50,506,3,0.0,12016.79,0,1,0,0.5157,200.0,103.14,0.0,0.06,1.45,0.0
15608226,3,16,2,3,72,513,3,98903.06,81251.24,1,1,0,0.1451,3092.09,448.66,1.2172,0.0417,3.45,98903.06
15605684,1,27,2,3,31,664,7,104158.84,134169.85,0,1,0,0.268,3249.77,870.94,0.7763,0.2258,2.05,104158.84
15638988,1,13,4,3,54,684,6,0.0,94888.6,1,1,0,0.1048,200.0,20.96,0.0,0.1111,3.9,0.0
15628767,3,37,4,2,63,608,3,139529.93,175696.16,1,1,1,0.4224,4385.9,1852.6,0.7942,0.0476,3.45,69764.96
15737977,1,21,3,3,25,527,6,0.0,96758.58,1,0,0,0.0498,150.0,7.47,0.0,0.24,2.9,0.0
15758116,1,12,2,1,53,666,5,64646.7,128019.48,0,1,1,0.9092,2064.4,1876.95,0.505,0.0943,1.75,64646.7
15575119,1,19,4,3,71,779,3,0.0,146895.36,1,1,1,0.0525,200.0,10.5,0.0,0.0423,3.45,0.0
15625126,1,27,4,3,40,629,6,0.0,139356.3,1,1,0,0.1702,200.0,34.04,0.0,0.15,3.9,0.0
15567114,1,6,1,3,35,430,1,118894.22,2923.61,0,0,0,0.2531,3641.83,921.75,40.653,0.0286,0.15,118894.22
15672242,1,3,1,3,24,712,2,0.0,121232.51,1,0,0,0.3389,75.0,25.42,0.0,0.0833,2.3,0.0
15681327,1,8,4,3,30,682,9,0.0,2053.42,1,1,0,0.0346,200.0,6.92,0.0,0.3,4.35,0.0
15802585,1,27,2,2,41,634,8,68213.99,6382.46,1,1,0,0.4326,2171.42,939.36,10.6861,0.1951,4.2,68213.99
15740630,3,26,4,3,31,487,1,0.0,158750.13,0,1,0,0.1248,200.0,24.96,0.0,0.0323,1.15,0.0
15815420,3,15,1,2,47,808,8,139196.0,74028.36,1,0,0,0.529,4250.88,2248.72,1.8803,0.1702,3.2,139196.0
15711468,1,26,4,3,32,527,7,0.0,44099.75,1,1,0,0.0832,200.0,16.64,0.0,0.2188,4.05,0.0
15799626,2,12,1,1,50,637,4,126345.55,17323.0,1,0,1,0.8795,3865.37,3399.59,7.2931,0.08,2.6,126345.55
15659325,3,10,4,3,40,802,5,0.0,175043.69,1,1,0,0.0305,200.0,6.1,0.0,0.125,3.75,0.0
15651352,1,26,2,1,38,529,2,0.0,146388.85,0,1,1,0.7203,125.0,90.04,0.0,0.0526,1.3,0.0
15684925,1,30,3,3,43,850,3,0.0,2465.8,0,0,0,0.1626,150.0,24.39,0.0,0.0698,0.45,0.0
15657439,1,3,4,3,18,738,4,0.0,47799.15,1,1,0,0.0262,200.0,5.24,0.0,0.2222,3.6,0.0
15574122,1,10,1,3,34,817,5,129278.43,165562.84,0,0,0,0.1895,3953.35,749.16,0.7808,0.1471,0.75,129278.43
15720508,1,8,1,3,31,735,3,119558.35,72927.68,0,0,0,0.2218,3661.75,812.18,1.6394,0.0968,0.45,119558.35
15599078,2,27,2,1,41,619,5,92467.58,38270.47,0,1,0,0.7191,2899.03,2084.69,2.4161,0.122,1.75,92467.58
15702300,1,3,3,3,27,671,5,0.0,120893.07,0,0,0,0.0539,150.0,8.09,0.0,0.1852,0.75,0.0
15660735,3,27,4,3,31,581,6,0.0,188377.21,0,1,0,0.1161,200.0,23.22,0.0,0.1935,1.9,0.0
15671390,3,8,4,3,36,690,10,0.0,55902.93,0,1,0,0.0308,200.0,6.16,0.0,0.2778,2.5,0.0
15647385,3,11,1,1,56,579,4,99340.83,4523.74,0,0,1,0.9342,3055.22,2854.19,21.955,0.0714,0.6,99340.83
15739223,3,23,4,3,24,688,3,0.0,102195.16,1,1,0,0.0393,200.0,7.86,0.0,0.125,3.45,0.0
15631305,3,22,4,3,28,599,4,126833.79,60843.09,0,1,1,0.3386,4005.01,1356.1,2.0846,0.1429,1.6,63416.9
15809263,2,3,2,2,29,729,5,109676.52,25548.47,1,1,0,0.5285,3415.3,1804.99,4.2927,0.1724,3.75,109676.52
15640866,1,23,1,2,29,718,3,0.0,134462.29,1,0,0,0.3967,75.0,29.75,0.0,0.1034,2.45,0.0
15775663,2,13,4,2,53,712,6,134729.99,132702.64,1,1,0,0.4304,4241.9,1825.71,1.0153,0.1132,3.9,67365.0
15631800,1,6,1,3,37,474,3,98431.37,75698.44,0,0,0,0.1956,3027.94,592.27,1.3003,0.0811,0.45,98431.37
15654292,2,6,4,3,33,565,8,130368.31,105642.43,0,1,0,0.1596,4111.05,656.12,1.234,0.2424,2.2,65184.16
15648320,1,27,2,3,31,658,7,123974.96,102153.75,0,1,0,0.2657,3844.25,1021.42,1.2136,0.2258,2.05,123974.96
15726747,1,18,1,2,63,714,4,138082.16,166677.54,1,0,0,0.4064,4217.46,1713.98,0.8284,0.0635,2.6,138082.16
15694510,1,13,1,1,45,725,1,129855.32,24218.65,0,0,0,0.6669,3970.66,2648.03,5.3616,0.0222,0.15,129855.32
15572291,1,10,1,2,40,825,6,132308.22,117122.5,0,0,0,0.4746,4044.25,1919.4,1.1296,0.15,0.9,132308.22
15603465,2,32,4,1,45,665,5,155447.65,51871.95,0,1,1,0.6627,4863.43,3223.0,2.9967,0.1111,1.75,77723.82
15685628,3,8,3,3,35,670,2,124268.64,84321.03,1,0,0,0.1908,3878.06,739.93,1.4737,0.0571,2.3,62134.32
15792729,2,26,2,2,34,474,9,176311.36,160213.27,0,1,0,0.5659,5414.34,3063.98,1.1005,0.2647,2.35,176311.36
15767414,1,7,4,3,40,591,2,99886.42,88695.19,1,1,0,0.213,3196.59,680.87,1.1262,0.05,3.3,49943.21
15568044,1,26,4,3,31,508,7,0.0,6123.15,1,1,0,0.0673,200.0,13.46,0.0,0.2258,4.05,0.0
15751333,1,28,3,3,36,695,2,0.0,167749.54,1,0,0,0.1393,150.0,20.9,0.0,0.0556,2.3,0.0
15623062,2,2,2,3,24,660,5,85089.3,71638.0,1,1,0,0.167,2677.68,447.17,1.1878,0.2083,3.75,85089.3
15713621,2,8,4,3,41,687,10,134318.21,198064.52,1,1,0,0.0658,4229.55,278.3,0.6782,0.2439,4.5,67159.1
15670668,2,2,3,3,29,658,5,75395.53,54914.92,1,0,0,0.1007,2411.87,242.88,1.3729,0.1724,2.75,37697.76
15750638,2,28,1,1,33,705,5,116765.7,190659.17,0,0,1,0.6619,3577.97,2368.26,0.6124,0.1515,0.75,116765.7
15747878,3,18,2,2,60,739,4,0.0,51637.67,1,1,0,0.5306,125.0,66.32,0.0,0.0667,3.6,0.0
15726796,1,10,2,3,38,844,7,111501.66,119333.38,1,1,0,0.1458,3470.05,505.93,0.9344,0.1842,4.05,111501.66
15754952,2,32,3,1,48,602,7,76595.08,127095.14,0,0,0,0.7323,2447.85,1792.56,0.6027,0.1458,1.05,38297.54
15652192,1,29,3,3,33,759,9,160541.36,93541.14,0,0,0,0.1824,4966.24,905.84,1.7162,0.2727,1.35,80270.68
15681924,2,9,2,1,38,747,2,129728.6,89289.54,0,1,0,0.6549,4016.86,2630.64,1.4529,0.0526,1.3,129728.6
15763544,1,13,3,3,47,673,1,0.0,108762.16,0,0,0,0.1956,150.0,29.34,0.0,0.0213,0.15,0.0
15764431,3,28,8,1,34,671,5,130929.02,28238.25,1,1,1,0.9778,4277.87,4182.9,4.6364,0.1471,3.75,32732.26
15684010,2,37,2,3,74,640,2,116800.25,34130.43,1,1,0,0.1169,3629.01,424.23,3.4221,0.027,3.3,116800.25
15648881,2,7,1,1,40,581,0,101016.53,7926.35,1,0,1,0.7176,3105.5,2228.51,12.7428,0.0,2.0,101016.53
15733303,1,17,4,3,67,630,5,0.0,27330.27,1,1,0,0.0681,200.0,13.62,0.0,0.0746,3.75,0.0
15643294,1,28,2,2,33,703,8,190566.65,79997.14,1,1,0,0.5741,5842.0,3353.89,2.3821,0.2424,4.2,190566.65
15749905,3,33,2,1,47,698,6,0.0,50213.81,0,1,1,0.9192,125.0,114.9,0.0,0.1277,1.9,0.0
15625175,2,29,1,1,43,742,6,97067.69,60920.03,1,0,1,0.7654,2987.03,2286.27,1.5933,0.1395,2.9,97067.69
15643967,1,27,1,2,37,652,4,92208.54,197699.8,1,0,1,0.4177,2841.26,1186.79,0.4664,0.1081,2.6,92208.54
15578251,1,7,4,3,37,644,2,186347.97,92809.73,0,1,0,0.2861,5790.44,1656.64,2.0078,0.0541,1.3,93173.98
15772573,3,13,1,2,55,735,2,103176.62,163516.16,1,0,0,0.5136,3170.3,1628.27,0.631,0.0364,2.3,103176.62
15733234,1,34,2,1,58,777,4,0.0,62449.07,1,1,1,0.7796,125.0,97.45,0.0,0.069,3.6,0.0
15721582,2,27,4,2,40,644,4,77270.08,115800.1,1,1,1,0.3913,2518.1,985.33,0.6673,0.1,3.6,38635.04
15628219,2,27,2,1,37,665,3,111911.63,110359.68,1,1,1,0.6503,3482.35,2264.57,1.0141,0.0811,3.45,111911.63
15571302,2,16,2,3,72,529,5,94216.05,78695.68,1,1,0,0.2573,2951.48,759.42,1.1972,0.0694,3.75,94216.05
15637178,3,35,4,3,45,803,7,0.0,128378.04,1,1,0,0.1555,200.0,31.1,0.0,0.1556,4.05,0.0
15601184,3,22,4,3,26,604,3,0.0,155248.62,0,1,0,0.1238,200.0,24.76,0.0,0.1154,1.45,0.0
15629511,1,13,2,1,49,738,6,106770.82,123499.27,0,1,0,0.7069,3328.12,2352.65,0.8645,0.1224,1.9,106770.82
15570629,2,37,4,3,72,655,5,138089.97,99920.41,1,1,0,0.2117,4342.7,919.35,1.382,0.0694,3.75,69044.98
15665766,2,8,3,3,39,698,9,133191.19,53289.49,1,0,0,0.187,4145.74,775.25,2.4993,0.2308,3.35,66595.6
15693732,1,39,4,3,66,775,9,0.0,67622.34,1,1,0,0.1326,200.0,26.52,0.0,0.1364,4.35,0.0
15765982,1,8,2,3,41,735,7,74135.85,11783.1,1,1,1,0.2977,2349.08,699.32,6.2912,0.1707,4.05,74135.85
15582016,3,9,4,3,41,766,6,99208.46,62402.38,0,1,0,0.2774,3176.25,881.09,1.5898,0.1463,1.9,49604.23
15798024,2,16,2,3,84,537,8,92242.34,186235.98,1,1,0,0.078,2892.27,225.6,0.4953,0.0952,4.2,92242.34
15588622,2,2,2,3,25,599,7,108380.72,79005.95,1,1,0,0.2845,3376.42,960.59,1.3718,0.28,4.05,108380.72
15724863,3,31,2,1,55,420,4,91893.32,144870.28,0,1,1,0.976,2881.8,2812.64,0.6343,0.0727,1.6,91893.32
15618213,1,28,2,3,32,674,7,85757.93,95481.0,1,1,0,0.1608,2697.74,433.8,0.8982,0.2188,4.05,85757.93
15780411,1,31,3,3,46,570,3,0.0,820.46,0,0,0,0.3453,150.0,51.8,0.0,0.0652,0.45,0.0
15725429,2,7,2,3,33,623,8,96759.42,174777.98,1,1,0,0.1807,3027.78,547.12,0.5536,0.2424,4.2,96759.42
15600626,1,8,4,3,30,710,6,0.0,8991.17,1,1,0,0.0452,200.0,9.04,0.0,0.2,3.9,0.0
15668460,1,1,4,3,29,466,6,0.0,2797.27,1,1,0,0.0521,200.0,10.42,0.0,0.2069,3.9,0.0
15576263,1,24,2,2,22,759,5,0.0,22303.17,0,1,0,0.3882,125.0,48.52,0.0,0.2273,1.75,0.0
15720354,1,17,4,3,71,581,4,0.0,197562.08,1,1,0,0.0712,200.0,14.24,0.0,0.0563,3.6,0.0
15691624,1,10,4,3,33,820,2,132150.26,23067.97,0,1,0,0.0985,4164.51,410.2,5.7285,0.0606,1.3,66075.13
15793196,1,9,3,3,41,759,9,0.0,190294.12,1,0,0,0.0656,150.0,9.84,0.0,0.2195,3.35,0.0
15633352,1,27,2,2,31,628,6,175443.75,113167.17,0,1,1,0.5134,5388.31,2766.36,1.5503,0.1935,1.9,175443.75
15750874,1,8,2,3,31,676,3,78990.15,124777.14,1,1,0,0.1757,2494.7,438.32,0.633,0.0968,3.45,78990.15
15588923,1,27,2,3,33,591,4,113743.37,124625.08,0,1,0,0.2624,3537.3,928.19,0.9127,0.1212,1.6,113743.37
15715745,1,23,2,3,26,690,5,157624.84,49599.27,1,1,0,0.1854,4853.75,899.89,3.1779,0.1923,3.75,157624.84
15611800,1,37,4,2,62,624,7,125163.62,151411.5,1,1,0,0.5661,3954.91,2238.87,0.8266,0.1129,4.05,62581.81
15576928,1,21,2,2,23,573,2,0.0,122964.18,0,1,0,0.4693,125.0,58.66,0.0,0.087,1.3,0.0
15793693,1,18,2,2,60,694,9,0.0,57088.97,1,1,0,0.4427,125.0,55.34,0.0,0.15,4.35,0.0
15581252,3,22,2,3,29,632,7,80922.75,7820.78,0,1,0,0.3346,2552.68,854.13,10.3458,0.2414,2.05,80922.75
15797760,1,7,4,3,40,632,3,193354.86,149188.41,0,1,0,0.3096,6000.65,1857.8,1.296,0.075,1.45,96677.43
15790564,2,30,4,3,40,832,9,107648.94,134638.97,1,1,0,0.1866,3429.47,639.94,0.7995,0.225,4.35,53824.47
15593736,2,32,1,1,46,598,7,131769.04,184980.23,0,0,1,0.9299,4028.07,3745.7,0.7123,0.1522,1.05,131769.04
15595937,2,6,3,3,36,430,1,138992.48,122373.42,0,0,0,0.2198,4319.77,949.49,1.1358,0.0278,0.15,69496.24
15815628,1,28,1,3,37,711,8,113899.92,80215.2,0,0,0,0.3468,3492.0,1211.03,1.4199,0.2162,1.2,113899.92
15782802,2,2,2,2,26,582,6,114450.32,14081.64,1,1,0,0.3528,3558.51,1255.44,8.1271,0.2308,3.9,114450.32
15627412,1,7,4,3,39,605,3,0.0,199390.45,0,1,0,0.0733,200.0,14.66,0.0,0.0769,1.45,0.0
15734609,1,27,4,3,37,657,2,0.0,7667.48,1,1,0,0.111,200.0,22.2,0.0,0.0541,3.3,0.0
15710689,3,6,1,2,40,578,6,63609.92,74965.61,0,0,1,0.5781,1983.3,1146.55,0.8485,0.15,0.9,63609.92
15565806,1,6,3,3,38,532,9,0.0,30583.95,0,0,0,0.1139,150.0,17.08,0.0,0.2368,1.35,0.0
15815530,1,27,1,1,42,612,10,75497.51,149682.78,0,0,0,0.8106,2339.93,1896.75,0.5044,0.2381,1.5,75497.51
15632272,1,29,4,3,42,792,2,0.0,92664.09,0,1,0,0.231,200.0,46.2,0.0,0.0476,1.3,0.0
15684103,1,23,4,3,26,674,10,0.0,138423.1,1,1,0,0.1247,200.0,24.94,0.0,0.3846,4.5,0.0
15654519,1,8,4,3,31,680,1,0.0,3148.2,1,1,0,0.0362,200.0,7.24,0.0,0.0323,3.15,0.0
15767722,1,27,2,2,39,593,0,117704.73,197933.5,0,1,0,0.4242,3656.14,1550.93,0.5947,0.0,1.0,117704.73
15654346,2,8,4,3,35,679,1,130463.55,37341.17,1,1,0,0.1441,4113.91,592.81,3.4937,0.0286,3.15,65231.78
15660147,3,6,2,3,32,493,8,46161.18,79577.4,1,1,0,0.1285,1509.84,194.01,0.5801,0.25,4.2,46161.18
15814998,3,8,3,3,42,688,5,0.0,197602.29,0,0,0,0.0659,150.0,9.88,0.0,0.119,0.75,0.0
15802207,2,9,4,2,43,769,4,110182.54,87537.32,1,1,0,0.3959,3505.48,1387.82,1.2587,0.093,3.6,55091.27
15658668,3,12,3,2,49,581,10,0.0,41623.59,0,0,0,0.3627,150.0,54.4,0.0,0.2041,1.5,0.0
15715079,1,6,2,2,41,465,9,117221.15,168280.95,0,1,0,0.4985,3641.63,1815.35,0.6966,0.2195,2.35,117221.15
15570360,1,27,3,3,35,641,4,0.0,125986.18,0,0,0,0.1971,150.0,29.56,0.0,0.1143,0.6,0.0
15674678,2,28,1,1,43,731,9,79120.27,548.52,0,0,1,0.8235,2448.61,2016.43,143.9807,0.2093,1.35,79120.27
15780925,1,7,4,3,37,625,1,177069.24,96088.54,1,1,0,0.2173,5512.08,1197.77,1.8428,0.027,3.15,88534.62
15688193,1,6,1,3,36,468,3,61636.97,107787.42,0,0,0,0.3236,1924.11,622.64,0.5718,0.0833,0.45,61636.97
15778219,1,4,2,2,26,790,5,0.0,20510.79,0,1,0,0.4074,125.0,50.92,0.0,0.1923,1.75,0.0
15696514,2,27,2,1,37,587,6,104414.03,192026.02,0,1,0,0.7735,3257.42,2519.61,0.5437,0.1622,1.9,104414.03
15712303,1,18,2,3,66,692,4,159732.02,118188.15,1,1,0,0.2254,4916.96,1108.28,1.3515,0.0606,3.6,159732.02
15719090,2,28,2,2,34,676,4,89437.03,189540.95,1,1,0,0.4894,2808.11,1374.29,0.4719,0.1176,3.6,89437.03
15735632,1,6,2,2,41,571,8,0.0,63736.17,1,1,0,0.3742,125.0,46.78,0.0,0.1951,4.2,0.0
15619436,1,28,1,2,32,700,3,0.0,95740.37,0,0,0,0.5499,75.0,41.24,0.0,0.0938,0.45,0.0
15722404,1,26,4,3,30,445,3,0.0,127939.19,1,1,0,0.0619,200.0,12.38,0.0,0.1,3.45,0.0
15662063,1,9,2,3,36,746,7,142400.77,193438.69,1,1,0,0.1553,4397.02,682.86,0.7362,0.1944,4.05,142400.77
15745605,1,33,2,2,47,722,2,88011.4,90655.94,1,1,1,0.534,2765.34,1476.69,0.9708,0.0426,3.3,88011.4
15636658,1,7,4,3,36,596,2,0.0,12067.39,1,1,0,0.0542,200.0,10.84,0.0,0.0556,3.3,0.0
15784130,2,30,2,3,30,850,8,154870.28,54191.38,1,1,0,0.3239,4771.11,1545.36,2.8578,0.2667,4.2,154870.28
15606755,3,32,4,3,46,597,4,0.0,58667.16,0,1,1,0.2519,200.0,50.38,0.0,0.087,1.6,0.0
15801699,3,6,4,3,43,436,5,0.0,35687.43,1,1,0,0.0842,200.0,16.84,0.0,0.1163,3.75,0.0
15784097,2,2,4,3,28,660,1,118402.25,14288.93,0,1,0,0.2091,3752.07,784.56,8.2857,0.0357,1.15,59201.12
15764654,1,7,4,3,37,649,9,87374.88,247.36,1,1,0,0.1256,2821.25,354.35,351.8074,0.2432,4.35,43687.44
15612092,2,7,2,2,32,646,8,105397.8,78111.84,0,1,1,0.5268,3286.93,1731.55,1.3493,0.25,2.2,105397.8
15610903,3,26,2,3,31,560,5,125341.69,79547.39,0,1,0,0.3436,3885.25,1334.97,1.5757,0.1613,1.75,125341.69
15705777,2,13,2,1,49,710,10,129164.88,193266.72,1,1,0,0.7619,3999.95,3047.56,0.6683,0.2041,4.5,129164.88
15661936,1,6,2,2,40,513,3,141004.46,105028.46,0,1,0,0.4771,4355.13,2077.83,1.3425,0.075,1.45,141004.46
15700864,1,22,4,3,21,607,0,0.0,116106.52,0,1,0,0.1185,200.0,23.7,0.0,0.0,1.0,0.0
15722965,1,14,2,2,57,757,3,89079.41,53179.21,1,1,1,0.5677,2797.38,1588.07,1.675,0.0526,3.45,89079.41
15737521,2,7,3,2,40,619,9,103604.31,140947.05,0,0,0,0.3722,3258.13,1212.68,0.7351,0.225,1.35,51802.16
15814465,1,2,2,3,24,612,1,182705.05,171837.06,1,1,0,0.1656,5606.15,928.38,1.0632,0.0417,3.15,182705.05
15580988,1,5,4,3,29,842,8,0.0,123437.05,1,1,0,0.0145,200.0,2.9,0.0,0.2759,4.2,0.0
15789974,1,8,1,2,33,713,6,94598.48,197519.66,0,0,1,0.3515,2912.95,1023.9,0.4789,0.1818,0.9,94598.48
15713370,3,7,3,2,36,657,8,188241.05,183058.51,0,0,1,0.5073,5797.23,2940.93,1.0283,0.2222,1.2,94120.52
15748673,1,29,3,3,37,770,9,0.0,22710.72,0,0,0,0.2157,150.0,32.36,0.0,0.2432,1.35,0.0
15754919,1,29,3,3,40,773,10,0.0,69303.15,1,0,0,0.1813,150.0,27.19,0.0,0.25,3.5,0.0
15641662,2,6,3,3,39,470,5,117469.91,63705.9,0,0,0,0.2861,3674.1,1051.16,1.8439,0.1282,0.75,58734.96
15813422,3,9,2,3,35,781,4,80790.74,116429.51,0,1,0,0.2687,2548.72,684.84,0.6939,0.1143,1.6,80790.74
15713596,1,36,1,1,62,428,1,107735.93,58381.77,1,0,0,0.7876,3307.08,2604.66,1.8453,0.0161,2.15,107735.93
15791216,2,7,2,1,43,600,8,133379.41,177378.66,0,1,1,0.8739,4126.38,3606.04,0.7519,0.186,2.2,133379.41
15689031,3,28,2,3,37,697,7,168066.87,35450.53,0,1,0,0.3024,5167.01,1562.5,4.7408,0.1892,2.05,168066.87
15763704,2,28,3,2,43,692,2,69014.49,164621.43,0,0,0,0.4457,2220.43,989.65,0.4192,0.0465,0.3,34507.25
15631339,1,4,2,2,28,791,4,0.0,174435.48,0,1,0,0.3803,125.0,47.54,0.0,0.1429,1.6,0.0
15771509,2,26,3,2,42,538,1,98548.62,94047.75,1,0,0,0.4943,3106.46,1535.52,1.0478,0.0238,2.15,49274.31
15769586,1,35,4,3,49,820,1,0.0,119087.25,1,1,0,0.2229,200.0,44.58,0.0,0.0204,3.15,0.0
15656096,3,23,2,3,26,679,3,76554.06,184800.27,1,1,0,0.2527,2421.62,611.94,0.4143,0.1154,3.45,76554.06
15585280,1,27,3,3,36,649,2,0.0,75035.48,1,0,0,0.139,150.0,20.85,0.0,0.0556,2.3,0.0
15743582,1,22,2,3,27,632,3,107375.82,62703.38,1,1,0,0.1355,3346.27,453.42,1.7124,0.1111,3.45,107375.82
15761692,1,7,3,3,40,594,9,122417.17,190882.69,1,0,0,0.1986,3822.52,759.15,0.6413,0.225,3.35,61208.58
15627840,1,28,1,1,42,682,0,0.0,91981.85,1,0,1,0.7202,75.0,54.01,0.0,0.0,2.0,0.0
15778861,3,8,1,3,33,720,6,97188.62,91881.29,0,0,0,0.2779,2990.66,831.1,1.0578,0.1818,0.9,97188.62
15770554,1,9,4,3,31,769,4,61297.05,7118.02,1,1,0,0.1359,2038.91,277.09,8.6103,0.129,3.6,30648.52
15806956,3,9,1,3,30,746,1,112666.67,11710.4,0,0,1,0.2952,3455.0,1019.92,9.6203,0.0333,0.15,112666.67
15701908,3,27,2,2,40,623,7,0.0,25904.12,1,1,0,0.4968,125.0,62.1,0.0,0.175,4.05,0.0
15736990,1,1,2,3,28,537,3,157842.07,86911.49,0,1,0,0.3161,4860.26,1536.33,1.8161,0.1071,1.45,157842.07
15743714,1,11,2,1,46,468,7,91443.75,10958.18,0,1,0,0.6792,2868.31,1948.16,8.344,0.1522,2.05,91443.75
15807993,2,27,2,1,30,588,0,110148.49,5790.9,0,1,1,0.6632,3429.45,2274.41,19.0177,0.0,1.0,110148.49
15644686,3,28,4,3,34,729,9,53299.96,42855.97,1,1,0,0.1383,1799.0,248.8,1.2437,0.2647,4.35,26649.98
15677377,3,6,4,3,37,543,3,0.0,78915.68,1,1,0,0.0386,200.0,7.72,0.0,0.0811,3.45,0.0
15626412,3,6,4,3,39,499,6,0.0,81409.0,1,1,0,0.0418,200.0,8.36,0.0,0.1538,3.9,0.0
15643679,2,4,4,3,28,784,2,70233.74,179252.73,1,1,0,0.0455,2307.01,104.97,0.3918,0.0714,3.3,35116.87
15728456,1,7,2,2,33,604,3,0.0,42171.13,0,1,1,0.448,125.0,56.0,0.0,0.0909,1.45,0.0
15630661,3,22,2,3,25,614,10,75212.28,58965.04,0,1,0,0.1928,2381.37,459.13,1.2755,0.4,2.5,75212.28
15734044,1,28,1,3,31,671,7,41299.03,102681.32,1,0,0,0.3234,1313.97,424.94,0.4022,0.2258,3.05,41299.03
15705001,3,27,2,2,35,587,3,83286.56,125553.52,0,1,0,0.3854,2623.6,1011.14,0.6633,0.0857,1.45,83286.56
15809817,3,7,3,3,43,593,10,0.0,53478.02,0,0,0,0.2309,150.0,34.64,0.0,0.2326,1.5,0.0
15809137,1,1,1,2,29,453,6,0.0,198376.02,0,0,1,0.5347,75.0,40.1,0.0,0.2069,0.9,0.0
15751593,2,6,2,2,35,570,6,85668.59,105525.36,0,1,0,0.3682,2695.06,992.32,0.8118,0.1714,1.9,85668.59
15626491,1,32,1,2,45,655,7,57327.04,47349.0,1,0,0,0.6037,1794.81,1083.53,1.2107,0.1556,3.05,57327.04
15765461,3,12,4,3,47,632,3,0.0,178822.32,0,1,0,0.335,200.0,67.0,0.0,0.0638,1.45,0.0
15568120,1,28,2,2,37,681,7,69609.85,72127.83,1,1,0,0.3761,2213.3,832.42,0.9651,0.1892,4.05,69609.85
15787161,2,12,2,1,46,591,4,129269.27,163504.33,0,1,0,0.9157,4003.08,3665.62,0.7906,0.087,1.6,129269.27
15812324,1,4,4,3,27,779,1,0.0,190623.02,1,1,0,0.0222,200.0,4.44,0.0,0.037,3.15,0.0
15588944,1,36,3,1,63,456,1,165350.61,140758.07,0,0,1,0.9247,5110.52,4725.7,1.1747,0.0159,0.15,82675.3
15694253,1,28,3,2,41,686,7,152105.57,132374.41,1,0,0,0.3629,4713.17,1710.41,1.149,0.1707,3.05,76052.78
15759566,1,17,4,3,74,617,10,0.0,53949.98,1,1,0,0.1064,200.0,21.28,0.0,0.1351,4.5,0.0
15675675,1,30,2,3,32,850,5,106290.64,121982.73,0,1,0,0.203,3313.72,672.69,0.8714,0.1562,1.75,106290.64
15802060,2,27,3,3,30,646,10,100548.67,136983.77,0,0,0,0.1333,3166.46,422.09,0.734,0.3333,1.5,50274.34
15660505,2,13,2,1,46,735,2,106344.95,114371.33,0,1,1,0.9064,3315.35,3005.03,0.9298,0.0435,1.3,106344.95
15782630,1,6,1,3,35,543,5,137482.19,62389.35,0,0,0,0.2806,4199.47,1178.37,2.2036,0.1429,0.75,137482.19
15700710,1,26,1,3,37,490,3,116465.53,24435.77,1,0,0,0.3251,3568.97,1160.27,4.766,0.0811,2.45,116465.53
15742834,1,12,2,1,45,640,1,0.0,10908.33,1,1,0,0.8179,125.0,102.24,0.0,0.0222,3.15,0.0
15806511,3,11,3,3,45,445,10,0.0,90977.48,1,0,0,0.1343,150.0,20.14,0.0,0.2222,3.5,0.0
15608166,1,9,2,3,36,761,9,127637.92,81062.93,1,1,0,0.0999,3954.14,395.02,1.5745,0.25,4.35,127637.92
15614230,1,26,4,3,34,426,3,0.0,61230.83,1,1,0,0.0736,200.0,14.72,0.0,0.0882,3.45,0.0
15729958,1,9,2,2,37,777,1,0.0,126837.72,1,1,0,0.3858,125.0,48.22,0.0,0.027,3.15,0.0
15800814,1,6,4,3,35,534,2,81951.74,115668.53,0,1,0,0.1926,2658.55,512.04,0.7085,0.0571,1.3,40975.87
15674727,1,29,2,3,42,777,5,147531.82,38819.45,1,1,0,0.3162,4550.95,1439.01,3.8004,0.119,3.75,147531.82
15657779,3,5,4,3,18,806,3,0.0,86994.54,1,1,0,0.0106,200.0,2.12,0.0,0.1667,3.45,0.0
15801395,1,29,1,3,33,790,10,135120.72,195204.99,0,0,0,0.316,4128.62,1304.64,0.6922,0.303,1.5,135120.72
15757911,3,27,1,2,32,643,2,0.0,131301.74,0,0,0,0.5683,75.0,42.62,0.0,0.0625,0.3,0.0
15665340,3,27,3,3,37,584,8,0.0,100835.19,1,0,0,0.1072,150.0,16.08,0.0,0.2162,3.2,0.0
15787151,1,27,4,3,34,638,7,0.0,198969.78,1,1,0,0.0642,200.0,12.84,0.0,0.2059,4.05,0.0
15757821,3,4,3,3,18,771,1,0.0,41542.95,0,0,0,0.0358,150.0,5.37,0.0,0.0556,0.15,0.0
15600688,1,27,3,3,39,600,5,0.0,118272.07,0,0,0,0.1918,150.0,28.77,0.0,0.1282,0.75,0.0
15594878,3,27,2,1,41,661,5,28082.95,69586.27,0,1,1,0.7589,967.49,734.23,0.4036,0.122,1.75,28082.95
15569248,1,26,4,2,43,554,10,0.0,149629.13,0,1,1,0.3908,200.0,78.16,0.0,0.2326,2.5,0.0
15812706,3,12,1,2,49,627,4,111087.5,146680.25,1,0,0,0.6478,3407.62,2207.46,0.7573,0.0816,2.6,111087.5
15645045,1,27,4,3,38,659,9,0.0,132809.18,1,1,0,0.1593,200.0,31.86,0.0,0.2368,4.35,0.0
15766746,1,10,2,3,35,835,6,127120.07,28707.69,0,1,0,0.308,3938.6,1213.09,4.4279,0.1714,1.9,127120.07
15700383,1,29,4,3,35,763,7,115651.6,104706.29,1,1,0,0.2218,3669.55,813.91,1.1045,0.2,4.05,57825.8
15632551,2,7,4,3,31,625,4,77743.01,75335.68,0,1,0,0.1267,2532.29,320.84,1.0319,0.129,1.6,38871.5
15795129,1,29,4,3,30,799,9,0.0,136827.96,0,1,0,0.0588,200.0,11.76,0.0,0.3,2.35,0.0
15650545,1,20,2,3,69,849,7,71996.09,139065.94,1,1,0,0.1849,2284.88,422.47,0.5177,0.1014,4.05,71996.09
15612769,1,3,2,3,28,692,5,61581.97,70179.91,1,1,0,0.2596,1972.46,512.05,0.8775,0.1786,3.75,61581.97
15710853,1,22,4,3,24,623,5,0.0,116160.04,0,1,0,0.1039,200.0,20.78,0.0,0.2083,1.75,0.0
15623712,3,26,6,1,42,453,5,0.0,83008.49,0,1,1,0.8235,275.0,226.46,0.0,0.119,1.75,0.0
15653251,1,36,1,1,84,408,8,87873.39,188484.52,0,0,1,0.9196,2711.2,2493.22,0.4662,0.0952,1.2,87873.39
15755077,2,29,4,2,37,778,0,105617.73,133699.82,1,1,1,0.4915,3368.53,1655.63,0.79,0.0,3.0,52808.86
15808557,1,28,1,2,42,695,5,0.0,72172.13,1,0,1,0.6338,75.0,47.54,0.0,0.119,2.75,0.0
15614687,2,28,4,2,44,677,4,148770.61,191057.76,1,1,0,0.3697,4663.12,1723.96,0.7787,0.0909,3.6,74385.3
15626882,3,7,2,3,37,662,5,94901.09,48233.75,1,1,0,0.1859,2972.03,552.5,1.9675,0.1351,3.75,94901.09
15748034,1,1,2,3,29,534,7,174851.9,79178.31,1,1,0,0.1442,5370.56,774.43,2.2083,0.2414,4.05,174851.9
15632324,1,12,4,3,59,602,7,0.0,162347.05,1,1,0,0.143,200.0,28.6,0.0,0.1186,4.05,0.0
15761023,2,26,2,1,43,554,2,120847.11,7611.61,0,1,1,0.8561,3750.41,3210.73,15.8746,0.0465,1.3,120847.11
15761453,1,7,2,1,42,667,6,0.0,88890.05,0,1,0,0.7222,125.0,90.28,0.0,0.1429,1.9,0.0
15646726,1,8,1,1,43,672,5,0.0,63833.09,0,0,0,0.7257,75.0,54.43,0.0,0.1163,0.75,0.0
15637169,3,40,2,3,67,838,4,103267.8,78310.04,1,1,0,0.2326,3223.03,749.68,1.3187,0.0597,3.6,103267.8
15636024,3,28,2,3,34,692,4,109699.08,37898.91,1,1,0,0.1926,3415.97,657.92,2.8944,0.1176,3.6,109699.08
15801218,1,13,1,2,49,675,8,135133.39,179521.24,1,0,1,0.5132,4129.0,2119.0,0.7527,0.1633,3.2,135133.39
15642655,3,8,2,2,33,731,1,0.0,130726.96,0,1,0,0.4016,125.0,50.2,0.0,0.0303,1.15,0.0
15690130,1,26,1,3,32,468,8,137649.47,198714.29,0,0,0,0.2855,4204.48,1200.38,0.6927,0.25,1.2,137649.47
15653753,3,6,2,2,43,542,6,113567.94,89543.25,0,1,0,0.6275,3532.04,2216.36,1.2683,0.1395,1.9,113567.94
15641359,3,27,3,3,35,662,6,0.0,2423.9,0,0,1,0.2331,150.0,34.97,0.0,0.1714,0.9,0.0
15776827,2,9,3,3,37,770,5,141547.26,180326.83,1,0,0,0.1906,4396.42,837.96,0.7849,0.1351,2.75,70773.63
15647725,1,38,6,1,61,675,5,62055.17,166305.16,0,1,1,0.9842,2136.66,2102.9,0.3731,0.082,1.75,20685.06
15648455,2,12,2,1,51,647,4,131156.76,29883.63,0,1,0,0.9365,4059.7,3801.91,4.3888,0.0784,1.6,131156.76
15580629,1,7,2,3,31,604,6,134837.58,192029.19,0,1,0,0.2641,4170.13,1101.33,0.7022,0.1935,1.9,134837.58
15730161,1,30,4,3,39,833,3,0.0,1710.89,0,1,0,0.1092,200.0,21.84,0.0,0.0769,1.45,0.0
15626612,3,9,2,2,40,741,4,104784.23,135163.76,0,1,1,0.465,3268.53,1519.87,0.7752,0.1,1.6,104784.23
15662865,3,7,3,3,36,658,1,0.0,84927.42,1,0,0,0.0532,150.0,7.98,0.0,0.0278,2.15,0.0
15629094,1,26,2,3,36,528,1,156948.41,149912.28,1,1,1,0.2917,4833.45,1409.92,1.0469,0.0278,3.15,156948.41
15651823,1,37,2,1,60,590,6,147751.75,88206.04,0,1,1,0.9281,4557.55,4229.86,1.6751,0.1,1.9,147751.75
15594827,1,8,3,3,34,675,1,124619.33,163667.56,1,0,0,0.0916,3888.58,356.19,0.7614,0.0294,2.15,62309.66
15786392,1,9,1,2,41,765,4,124182.21,100153.43,0,0,0,0.4253,3800.47,1616.34,1.2399,0.0976,0.6,124182.21
15727353,1,37,2,1,64,650,7,142028.36,32275.09,0,1,1,0.9096,4385.85,3989.37,4.4004,0.1094,2.05,142028.36
15733777,1,10,1,1,44,817,8,0.0,65501.91,0,0,1,0.7617,75.0,57.13,0.0,0.1818,1.2,0.0
15614302,2,28,4,3,31,699,10,125837.86,189392.66,0,1,0,0.1565,3975.14,622.11,0.6644,0.3226,2.5,62918.93
15723263,2,26,2,2,34,495,9,117160.32,116069.24,1,1,1,0.5082,3639.81,1849.75,1.0094,0.2647,4.35,117160.32
15687270,3,36,3,3,61,491,8,0.0,139861.53,1,0,0,0.3152,150.0,47.28,0.0,0.1311,3.2,0.0
15803121,1,15,1,1,51,847,5,97565.74,144184.06,0,0,1,0.8716,3001.97,2616.52,0.6767,0.098,0.75,97565.74
15598700,3,28,3,3,30,676,5,0.0,157888.5,1,0,0,0.1039,150.0,15.58,0.0,0.1667,2.75,0.0
15741875,3,24,1,3,25,746,3,104833.79,71911.3,0,0,0,0.2471,3220.01,795.66,1.4578,0.12,0.45,104833.79
15631709,3,26,4,3,31,470,2,101675.22,45033.75,0,1,0,0.2372,3250.26,770.96,2.2577,0.0645,1.3,50837.61
15672970,3,3,3,3,20,714,3,0.0,150465.93,1,0,0,0.0234,150.0,3.51,0.0,0.15,2.45,0.0
15761670,1,33,2,1,50,695,8,0.0,126381.6,0,1,1,0.9305,125.0,116.31,0.0,0.16,2.2,0.0
15706005,1,13,2,1,46,674,2,174701.05,90189.72,0,1,1,0.7823,5366.03,4197.85,1.937,0.0435,1.3,174701.05
15790336,2,7,4,3,36,664,6,71142.77,122433.09,0,1,0,0.1768,2334.28,412.7,0.5811,0.1667,1.9,35571.38
15754267,2,8,3,3,31,697,3,108805.42,123825.83,1,0,0,0.1987,3414.16,678.39,0.8787,0.0968,2.45,54402.71
15791988,1,18,4,3,68,670,4,0.0,11426.7,1,1,0,0.0798,200.0,15.96,0.0,0.0588,3.6,0.0
15683375,1,26,2,3,32,541,4,0.0,114951.42,1,1,0,0.3422,125.0,42.78,0.0,0.125,3.6,0.0
15625151,1,37,1,2,66,640,9,116037.76,184636.05,1,0,0,0.3794,3556.13,1349.2,0.6285,0.1364,3.35,116037.76
15635285,1,2,4,3,28,647,8,0.0,91055.27,1,1,0,0.0209,200.0,4.18,0.0,0.2857,4.2,0.0
15574296,1,4,4,3,23,757,2,80673.96,93991.65,0,1,0,0.179,2620.22,469.02,0.8583,0.087,1.3,40336.98
15711618,2,28,2,1,39,704,1,124640.51,116511.12,0,1,1,0.8253,3864.22,3189.14,1.0698,0.0256,1.15,124640.51
15670943,2,9,4,3,31,778,9,182275.23,190631.23,0,1,0,0.0628,5668.26,355.97,0.9562,0.2903,2.35,91137.62
15634359,2,27,2,1,41,639,5,98635.77,199970.74,0,1,0,0.7706,3084.07,2376.58,0.4932,0.122,1.75,98635.77
15586629,1,7,4,3,33,637,5,0.0,139947.17,0,1,0,0.045,200.0,9.0,0.0,0.1515,1.75,0.0
15588461,1,8,2,2,35,686,4,0.0,8816.37,0,1,0,0.4249,125.0,53.11,0.0,0.1143,1.6,0.0
15773221,3,6,2,2,43,577,8,79757.21,135650.72,0,1,1,0.6472,2517.72,1629.47,0.588,0.186,2.2,79757.21
15664227,2,1,1,3,28,506,8,53053.76,24577.34,1,0,0,0.1838,1666.61,306.32,2.1586,0.2857,3.2,53053.76
15741745,1,4,4,3,28,757,7,120911.75,131249.46,1,1,0,0.1617,3827.35,618.88,0.9212,0.25,4.05,60455.88
15652626,1,15,2,1,55,826,4,115285.85,140126.17,0,1,0,0.9137,3583.58,3274.32,0.8227,0.0727,1.6,115285.85
15599410,1,8,4,3,41,721,2,0.0,168219.75,0,1,0,0.0727,200.0,14.54,0.0,0.0488,1.3,0.0
15571958,3,6,2,2,40,489,3,221532.8,171867.08,0,1,0,0.5946,6770.98,4026.02,1.289,0.075,1.45,221532.8
15785406,1,31,1,1,51,446,4,105056.13,70613.52,0,0,0,0.8781,3226.68,2833.35,1.4877,0.0784,0.6,105056.13
15687884,1,8,1,3,37,677,3,88363.03,117946.3,1,0,0,0.2346,2725.89,639.49,0.7492,0.0811,2.45,88363.03
15621685,1,4,4,3,29,769,2,123757.52,84872.66,0,1,0,0.1525,3912.73,596.69,1.4581,0.069,1.3,61878.76
15628886,3,13,2,2,56,677,5,123959.97,60590.72,1,1,1,0.4468,3843.8,1717.41,2.0458,0.0893,3.75,123959.97
15699325,2,36,1,1,62,555,10,114822.64,8444.5,1,0,0,0.8039,3519.68,2829.47,13.5957,0.1613,3.5,114822.64
15578369,2,27,2,1,37,652,9,145219.3,159132.83,0,1,0,0.7068,4481.58,3167.58,0.9126,0.2432,2.35,145219.3
15654156,2,28,2,2,32,722,5,106807.64,76998.69,1,1,0,0.4978,3329.23,1657.29,1.3871,0.1562,3.75,106807.64
15707199,1,7,1,3,36,643,0,148159.71,55835.66,0,0,0,0.282,4519.79,1274.58,2.6534,0.0,0.0,148159.71
15671630,2,29,2,1,40,796,1,99745.95,177524.19,0,1,0,0.7224,3117.38,2252.0,0.5619,0.025,1.15,99745.95
15632079,2,28,2,2,37,720,8,156282.79,45985.52,0,1,0,0.5343,4813.48,2571.84,3.3984,0.2162,2.2,156282.79
15767921,1,7,4,3,41,613,7,0.0,60297.72,0,1,0,0.0719,200.0,14.38,0.0,0.1707,2.05,0.0
15573599,1,31,3,2,57,506,6,0.0,194421.12,1,0,1,0.4391,150.0,65.86,0.0,0.1053,2.9,0.0
15747208,1,12,2,1,50,608,6,0.0,93568.77,0,1,1,0.9191,125.0,114.89,0.0,0.12,1.9,0.0
15582762,3,17,2,3,77,667,2,0.0,34702.92,1,1,0,0.0331,125.0,4.14,0.0,0.026,3.3,0.0
15772528,1,34,4,1,47,750,7,121376.15,54473.6,0,1,1,0.7433,3841.28,2855.22,2.2281,0.1489,2.05,60688.08
15755798,1,7,1,3,33,610,4,111582.11,113943.17,0,0,0,0.2096,3422.46,717.35,0.9793,0.1212,0.6,111582.11
15788683,2,27,2,2,34,588,10,129417.82,153727.32,0,1,0,0.5972,4007.53,2393.3,0.8419,0.2941,2.5,129417.82
15616922,1,21,4,3,26,479,1,0.0,19116.97,1,1,0,0.0422,200.0,8.44,0.0,0.0385,3.15,0.0
15771855,1,8,3,3,37,682,5,0.0,112554.68,1,0,0,0.0432,150.0,6.48,0.0,0.1351,2.75,0.0
15601873,1,28,2,2,36,677,7,0.0,47318.75,0,1,0,0.6002,125.0,75.02,0.0,0.1944,2.05,0.0
15657868,2,10,2,1,40,850,6,94607.08,36690.49,0,1,0,0.6821,2963.21,2021.21,2.5784,0.15,1.9,94607.08
15711716,1,32,2,1,56,580,1,131368.3,106918.67,0,1,1,0.956,4066.05,3887.14,1.2287,0.0179,1.15,131368.3
15734246,1,24,3,3,21,746,8,166883.07,194563.65,1,0,0,0.0942,5156.49,485.74,0.8577,0.381,3.2,83441.54
15792151,3,27,4,3,37,635,3,0.0,91086.73,0,1,0,0.2037,200.0,40.74,0.0,0.0811,1.45,0.0
15770159,2,2,4,3,25,664,6,172812.72,108008.65,1,1,0,0.1009,5384.38,543.28,1.6,0.24,3.9,86406.36
15747649,2,26,4,3,36,558,0,126606.63,172363.52,1,1,0,0.312,3998.2,1247.44,0.7345,0.0,3.0,63303.32
15639357,1,11,5,1,46,415,9,134950.19,178587.36,0,0,1,0.9928,4273.51,4242.74,0.7556,0.1957,1.35,44983.4
15738907,1,39,2,1,60,798,6,96956.1,31907.44,0,1,1,0.9252,3033.68,2806.76,3.0386,0.1,1.9,96956.1
15663446,2,24,2,1,29,792,4,107601.79,18922.18,0,1,1,0.6876,3353.05,2305.56,5.6862,0.1379,1.6,107601.79
15750867,2,31,2,1,46,489,8,92060.06,147222.95,0,1,1,0.9311,2886.8,2687.9,0.6253,0.1739,2.2,92060.06
15715939,1,8,4,3,33,730,0,0.0,1474.79,0,1,0,0.126,200.0,25.2,0.0,0.0,1.0,0.0
15763806,1,9,4,3,41,773,4,0.0,24924.92,1,1,0,0.0489,200.0,9.78,0.0,0.0976,3.6,0.0
15637993,1,8,2,3,36,711,9,137688.71,46884.1,1,1,0,0.1143,4255.66,486.42,2.9367,0.25,4.35,137688.71
15720338,3,12,4,2,55,592,8,85845.43,128918.42,1,1,0,0.3603,2775.36,999.96,0.6659,0.1455,4.2,42922.72
15627162,2,3,2,2,27,695,6,125552.96,105291.26,0,1,0,0.533,3891.59,2074.22,1.1924,0.2222,1.9,125552.96
15596710,1,27,1,3,33,640,1,167298.42,145381.65,1,0,0,0.2025,5093.95,1031.52,1.1507,0.0303,2.15,167298.42
15781678,3,6,4,3,31,470,4,55732.92,103792.53,1,1,0,0.0868,1871.99,162.49,0.537,0.129,3.6,27866.46
15634968,2,29,2,2,37,789,6,110689.07,71121.04,1,1,1,0.618,3445.67,2129.42,1.5563,0.1622,3.9,110689.07
15609475,3,27,2,3,39,604,7,98544.11,52327.57,1,1,0,0.2601,3081.32,801.45,1.8832,0.1795,4.05,98544.11
15573319,2,26,1,2,35,493,8,178317.6,197428.64,0,0,0,0.5431,5424.53,2946.06,0.9032,0.2286,1.2,178317.6
15738291,1,33,3,1,48,671,8,115713.84,83210.84,0,0,0,0.7061,3621.42,2557.08,1.3906,0.1667,1.2,57856.92
15782456,1,12,3,2,46,656,9,143267.14,193099.43,0,0,0,0.3806,4448.01,1692.91,0.7419,0.1957,1.35,71633.57
15794841,3,3,2,3,19,739,5,89750.21,193008.52,0,1,0,0.1576,2817.51,444.04,0.465,0.2632,1.75,89750.21
15684696,3,21,2,2,26,560,3,116576.45,157567.37,0,1,0,0.4059,3622.29,1470.29,0.7398,0.1154,1.45,116576.45
15629846,2,35,4,2,47,827,8,143001.5,108977.5,0,1,0,0.597,4490.04,2680.55,1.3122,0.1702,2.2,71500.75
15674442,1,3,1,3,23,681,7,157761.56,147759.84,0,0,0,0.255,4807.85,1226.0,1.0677,0.3043,1.05,157761.56
15571689,1,29,4,3,37,740,5,0.0,27528.4,1,1,0,0.1167,200.0,23.34,0.0,0.1351,3.75,0.0
15730469,3,7,3,3,31,663,4,103430.11,36479.27,1,0,0,0.1396,3252.9,454.1,2.8352,0.129,2.6,51715.06
15809320,3,35,2,1,52,845,0,0.0,31726.76,0,1,1,0.9401,125.0,117.51,0.0,0.0,1.0,0.0
15684367,3,1,3,3,27,555,5,0.0,96398.51,0,0,0,0.0537,150.0,8.06,0.0,0.1852,0.75,0.0
15793049,2,33,2,1,48,680,8,115115.38,139558.6,0,1,1,0.9356,3578.46,3348.01,0.8248,0.1667,2.2,115115.38
15603665,2,27,4,2,39,638,0,122501.28,95007.8,1,1,0,0.3531,3875.04,1368.28,1.2894,0.0,3.0,61250.64
15613623,3,17,2,2,62,640,3,0.0,101663.47,1,1,0,0.6483,125.0,81.04,0.0,0.0484,3.45,0.0
15569572,1,9,4,3,42,778,6,0.0,106197.44,1,1,0,0.0469,200.0,9.38,0.0,0.1429,3.9,0.0
15698791,1,13,2,1,45,679,3,146758.24,48466.89,0,1,0,0.6583,4527.75,2980.62,3.0279,0.0667,1.45,146758.24
15626233,1,27,4,3,32,593,3,0.0,151978.36,1,1,0,0.067,200.0,13.4,0.0,0.0938,3.45,0.0
15607263,1,14,1,1,55,788,3,0.0,13288.46,1,0,1,0.8831,75.0,66.23,0.0,0.0545,2.45,0.0
15610900,1,39,2,1,70,770,9,110738.89,22666.77,0,1,1,0.881,3447.17,3036.96,4.8853,0.1286,2.35,110738.89
15624775,1,18,1,3,67,729,2,94203.8,102391.06,1,0,0,0.3058,2901.11,887.16,0.92,0.0299,2.3,94203.8
15691703,1,11,1,2,47,545,8,105792.49,67830.2,1,0,1,0.6205,3248.77,2015.86,1.5596,0.1702,3.2,105792.49
15745355,1,7,2,3,41,597,4,153198.23,92090.36,1,1,0,0.2694,4720.95,1271.82,1.6635,0.0976,3.6,153198.23
15724955,1,6,3,3,38,537,3,0.0,141023.01,0,0,0,0.0733,150.0,11.0,0.0,0.0789,0.45,0.0
15628999,1,18,2,3,79,732,10,61811.23,104222.8,1,1,0,0.0283,1979.34,56.02,0.5931,0.1266,4.5,61811.23
15654341,1,6,2,3,34,542,8,101116.06,196395.05,0,1,0,0.2647,3158.48,836.05,0.5149,0.2353,2.2,101116.06
15744240,2,33,1,1,46,688,0,74458.25,6866.31,1,0,0,0.8077,2308.75,1864.78,10.8424,0.0,2.0,74458.25
15632365,2,6,3,3,33,542,8,142871.27,77737.86,0,0,0,0.2104,4436.14,933.36,1.8378,0.2424,1.2,71435.63
15729689,2,9,3,3,35,754,6,98585.94,106116.84,1,0,0,0.1831,3107.58,569.0,0.929,0.1714,2.9,49292.97
15759284,1,29,2,2,37,750,6,0.0,117948.0,1,1,1,0.4504,125.0,56.3,0.0,0.1622,3.9,0.0
15602124,1,8,4,3,30,731,7,0.0,184581.68,1,1,0,0.0484,200.0,9.68,0.0,0.2333,4.05,0.0
15661903,1,28,2,1,43,699,3,80764.03,199378.58,0,1,1,0.7662,2547.92,1952.22,0.4051,0.0698,1.45,80764.03
15664668,1,26,1,2,42,534,9,144801.97,12483.39,1,0,1,0.4689,4419.06,2072.1,11.5986,0.2143,3.35,144801.97
15736431,3,1,4,3,27,494,2,0.0,22404.64,0,1,0,0.0665,200.0,13.3,0.0,0.0741,1.3,0.0
15748639,2,6,4,3,35,497,7,110053.62,92887.06,1,1,0,0.1753,3501.61,613.83,1.1848,0.2,4.05,55026.81
15628123,1,22,1,3,28,632,5,118890.81,145157.97,1,0,0,0.2502,3641.72,911.16,0.819,0.1786,2.75,118890.81
15602731,1,8,2,2,31,724,5,0.0,134889.95,0,1,1,0.5103,125.0,63.79,0.0,0.1613,1.75,0.0
15794137,2,29,2,2,37,751,0,151218.98,109309.29,1,1,0,0.4507,4661.57,2100.97,1.3834,0.0,3.0,151218.98
15748696,1,8,1,3,42,733,9,150507.21,169964.12,1,0,0,0.3288,4590.22,1509.26,0.8855,0.2143,3.35,150507.21
15725068,3,23,4,3,21,701,9,0.0,26327.42,1,1,0,0.039,200.0,7.8,0.0,0.4286,4.35,0.0
15807340,2,6,3,3,33,525,4,131023.76,55072.93,0,0,0,0.1892,4080.71,772.07,2.3791,0.1212,0.6,65511.88
15586133,2,27,1,1,44,666,2,122314.5,68574.88,0,0,1,0.862,3744.44,3227.71,1.7836,0.0455,0.3,122314.5
15576185,1,2,4,3,29,653,2,0.0,41671.81,1,1,0,0.0322,200.0,6.44,0.0,0.069,3.3,0.0
15660809,1,5,4,3,28,850,4,0.0,12409.01,1,1,0,0.0432,200.0,8.64,0.0,0.1429,3.6,0.0
15616666,2,32,3,1,52,646,6,111739.4,68367.18,1,0,0,0.7141,3502.18,2500.91,1.6344,0.1154,2.9,55869.7
15706904,1,9,2,3,43,750,6,113882.31,74564.41,1,1,0,0.3386,3541.47,1199.14,1.5273,0.1395,3.9,113882.31
15606915,1,4,2,3,24,764,7,98148.61,26843.76,0,1,0,0.2137,3069.46,655.94,3.6562,0.2917,2.05,98148.61
15749693,1,27,4,3,32,658,9,0.0,156774.75,0,1,0,0.0422,200.0,8.44,0.0,0.2812,2.35,0.0
15791743,1,8,2,3,32,727,1,59271.82,46019.43,1,1,0,0.1446,1903.15,275.2,1.2879,0.0312,3.15,59271.82
15796480,1,28,3,3,31,687,2,0.0,145411.39,1,0,0,0.083,150.0,12.45,0.0,0.0645,2.3,0.0
15790442,3,7,4,3,33,631,2,0.0,158268.84,1,1,0,0.0309,200.0,6.18,0.0,0.0606,3.3,0.0
15609458,1,9,2,3,30,797,10,69413.44,74637.57,1,1,0,0.134,2207.4,295.79,0.93,0.3333,4.5,69413.44
15593897,3,2,4,3,25,650,7,160599.06,28391.52,1,1,0,0.1163,5017.97,583.59,5.6564,0.28,4.05,80299.53
15604576,3,5,2,3,22,850,3,0.0,144385.54,1,1,0,0.1278,125.0,15.98,0.0,0.1364,3.45,0.0
15666270,1,28,2,2,40,676,2,147803.48,95181.06,0,1,1,0.5552,4559.1,2531.21,1.5529,0.05,1.3,147803.48
15572626,3,7,4,3,44,620,8,0.0,15627.51,1,1,0,0.1221,200.0,24.42,0.0,0.1818,4.2,0.0
15727197,1,31,3,1,52,576,9,170228.59,148477.57,0,0,1,0.9414,5256.86,4948.81,1.1465,0.1731,1.35,85114.3
15714006,1,26,1,3,35,482,2,133111.73,79957.95,1,0,0,0.2827,4068.35,1150.12,1.6648,0.0571,2.3,133111.73
15642137,3,28,3,3,39,695,5,0.0,102763.69,0,0,0,0.1921,150.0,28.82,0.0,0.1282,0.75,0.0
15665327,1,3,4,3,18,706,2,176139.5,129654.22,0,1,0,0.1389,5484.18,761.75,1.3585,0.1111,1.3,88069.75
15626806,1,27,4,3,32,668,2,0.0,40652.33,1,1,0,0.0615,200.0,12.3,0.0,0.0625,3.3,0.0
15662578,2,8,2,2,35,679,1,110245.13,178291.09,1,1,0,0.5014,3432.35,1720.98,0.6183,0.0286,3.15,110245.13
15790829,1,33,4,3,45,703,5,0.0,131906.44,0,1,0,0.2803,200.0,56.06,0.0,0.1111,1.75,0.0
15654959,3,18,2,3,67,670,6,158719.57,118607.4,1,1,0,0.2204,4886.59,1077.0,1.3382,0.0896,3.9,158719.57
15760244,1,37,1,3,76,590,5,160979.68,13848.58,1,0,0,0.0376,4904.39,184.41,11.6234,0.0658,2.75,160979.68
15715394,3,7,3,3,35,613,4,123557.65,170903.4,1,0,0,0.1716,3856.73,661.81,0.723,0.1143,2.6,61778.82
15722246,1,39,2,1,60,742,4,0.0,13161.66,1,1,1,0.7237,125.0,90.46,0.0,0.0667,3.6,0.0
15609704,1,27,2,2,33,608,4,0.0,79304.38,0,1,1,0.5112,125.0,63.9,0.0,0.1212,1.6,0.0
15757628,1,6,2,3,40,571,10,112896.86,121402.53,1,1,0,0.1343,3511.91,471.65,0.9299,0.25,4.5,112896.86
15633586,1,27,1,2,39,595,7,120962.13,23305.01,0,0,0,0.4745,3703.86,1757.48,5.1902,0.1795,1.05,120962.13
15565796,2,14,2,1,48,745,10,96048.55,74510.65,0,1,0,0.9095,3006.46,2734.38,1.289,0.2083,2.5,96048.55
15717935,1,22,3,3,21,589,3,0.0,55601.44,1,0,0,0.0522,150.0,7.83,0.0,0.1429,2.45,0.0
15577700,1,9,4,3,37,749,10,185063.7,134526.87,1,1,0,0.0907,5751.91,521.7,1.3757,0.2703,4.5,92531.85
15747345,1,23,4,3,22,678,6,118064.93,195424.01,1,1,0,0.087,3741.95,325.55,0.6041,0.2727,3.9,59032.46
15678317,1,12,4,3,46,603,2,0.0,59563.49,1,1,0,0.1188,200.0,23.76,0.0,0.0435,3.3,0.0
15698335,1,36,2,3,73,504,8,0.0,34595.58,1,1,0,0.126,125.0,15.75,0.0,0.1096,4.2,0.0
15768451,2,8,6,1,40,739,5,149131.03,60036.99,1,1,1,0.9816,4748.93,4661.55,2.4839,0.125,3.75,49710.34
15753213,1,27,4,3,34,604,7,0.0,193021.49,0,1,0,0.1228,200.0,24.56,0.0,0.2059,2.05,0.0
15769645,1,27,2,2,35,612,3,0.0,48108.72,1,1,0,0.4335,125.0,54.19,0.0,0.0857,3.45,0.0
15657565,3,27,3,2,44,629,6,125512.98,79082.76,0,0,0,0.4942,3915.39,1934.99,1.5871,0.1364,0.9,62756.49
15620323,3,27,4,2,42,652,3,83492.07,37914.12,0,1,0,0.3983,2704.76,1077.31,2.2021,0.0714,1.45,41746.04
15679983,1,6,1,2,34,565,7,0.0,74593.84,0,0,0,0.4718,75.0,35.38,0.0,0.2059,1.05,0.0
15812616,1,33,2,1,49,707,10,0.0,82967.97,0,1,1,0.9251,125.0,115.64,0.0,0.2041,2.5,0.0
15601796,1,7,2,3,30,645,1,125739.26,193441.23,1,1,0,0.1448,3897.18,564.31,0.65,0.0333,3.15,125739.26
15729489,2,29,1,2,34,762,8,98592.88,191790.29,1,0,1,0.5105,3032.79,1548.24,0.5141,0.2353,3.2,98592.88
15613216,3,27,2,2,39,639,1,141789.15,92455.96,0,1,0,0.4058,4378.67,1776.86,1.5336,0.0256,1.15,141789.15
15657937,2,3,1,2,22,709,0,112949.71,155231.55,0,0,0,0.5358,3463.49,1855.74,0.7276,0.0,0.0,112949.71
15815428,1,10,2,3,34,823,3,105057.33,9217.92,0,1,0,0.2094,3276.72,686.15,11.3958,0.0882,1.45,105057.33
15640409,2,35,1,1,46,817,0,89087.89,87941.85,1,0,1,0.8471,2747.64,2327.53,1.013,0.0,2.0,89087.89
15699492,2,22,1,2,27,665,2,147435.96,187508.06,0,0,0,0.5035,4498.08,2264.78,0.7863,0.0741,0.3,147435.96
15623536,2,7,2,2,39,646,0,154439.86,171519.06,0,1,0,0.4881,4758.2,2322.48,0.9004,0.0,1.0,154439.86
15707551,1,6,4,3,30,568,8,73054.37,27012.0,1,1,0,0.0581,2391.63,138.95,2.7044,0.2667,4.2,36527.18
15577999,1,40,2,1,62,850,1,124678.35,70916.0,0,1,1,0.9449,3865.35,3652.37,1.7581,0.0161,1.15,124678.35
15788775,2,6,4,3,40,473,8,152576.25,73073.68,0,1,0,0.2922,4777.29,1395.92,2.0879,0.2,2.2,76288.12
15758362,1,28,2,3,41,731,9,152243.57,88783.59,1,1,0,0.3196,4692.31,1499.66,1.7148,0.2195,4.35,152243.57
15807961,1,2,2,3,25,619,4,0.0,145524.36,0,1,0,0.2868,125.0,35.85,0.0,0.16,1.6,0.0
15710978,2,8,4,3,42,715,2,88120.97,21333.22,1,1,0,0.2451,2843.63,696.97,4.1305,0.0476,3.3,44060.48
15703541,2,34,1,1,51,772,9,143930.92,46675.51,1,0,1,0.8627,4392.93,3789.78,3.0836,0.1765,3.35,143930.92
15626474,1,28,4,3,31,686,1,0.0,4802.25,0,1,0,0.0777,200.0,15.54,0.0,0.0323,1.15,0.0
15608344,2,24,6,1,29,749,7,137059.05,102975.72,0,1,1,0.9614,4386.77,4217.44,1.331,0.2414,2.05,45686.35
15768367,1,24,2,1,27,781,7,186558.55,175071.29,1,1,1,0.6509,5721.76,3724.29,1.0656,0.2593,4.05,186558.55
15806210,3,18,4,3,66,675,5,115654.47,131970.86,1,1,0,0.2378,3669.63,872.64,0.8764,0.0758,3.75,57827.24
15697702,3,3,4,3,29,730,2,0.0,14174.09,0,1,0,0.0654,200.0,13.08,0.0,0.069,1.3,0.0
15689152,3,8,1,3,38,683,3,126152.84,15378.75,0,0,0,0.3124,3859.59,1205.74,8.2025,0.0789,0.45,126152.84
15568573,2,31,1,1,51,554,7,105701.91,179797.79,1,0,1,0.9133,3246.06,2964.63,0.5879,0.1373,3.05,105701.91
15689598,1,13,2,2,46,722,6,0.0,93917.68,1,1,1,0.6142,125.0,76.77,0.0,0.1304,3.9,0.0
15713374,2,18,2,2,67,689,9,157094.78,99490.01,1,1,0,0.3799,4837.84,1837.9,1.579,0.1343,4.35,157094.78
15679733,2,9,4,3,40,796,2,113228.38,46415.09,1,1,0,0.1676,3596.85,602.83,2.4394,0.05,3.3,56614.19
15759274,1,26,2,3,32,447,10,0.0,151815.76,1,1,0,0.3481,125.0,43.51,0.0,0.3125,4.5,0.0
15607748,2,6,4,3,37,498,8,108432.88,14865.05,1,1,0,0.1549,3452.99,534.87,7.294,0.2162,4.2,54216.44
15607577,3,2,2,3,27,663,8,0.0,188007.99,1,1,0,0.1978,125.0,24.72,0.0,0.2963,4.2,0.0
15813697,2,26,4,2,44,498,2,120702.67,98175.74,1,1,0,0.4277,3821.08,1634.28,1.2294,0.0455,3.3,60351.34
15801125,1,27,2,2,32,627,1,0.0,106851.7,0,1,0,0.3701,125.0,46.26,0.0,0.0312,1.15,0.0
15777855,1,12,3,3,45,649,7,0.0,75204.21,1,0,0,0.146,150.0,21.9,0.0,0.1556,3.05,0.0
15635396,2,23,2,1,29,738,9,139106.19,141872.05,0,1,1,0.7275,4298.19,3126.93,0.9805,0.3103,2.35,139106.19
15698031,2,27,4,2,39,587,6,101851.8,7103.71,0,1,0,0.364,3255.55,1185.02,14.3358,0.1538,1.9,50925.9
15678944,2,27,2,1,32,655,6,130935.56,9241.83,0,1,1,0.6963,4053.07,2822.15,14.1662,0.1875,1.9,130935.56
15718507,2,7,2,2,37,647,3,116509.99,149517.71,1,1,1,0.6059,3620.3,2193.54,0.7792,0.0811,3.45,116509.99
15808334,2,29,4,3,37,776,1,93124.04,196079.32,1,1,0,0.1102,2993.72,329.91,0.4749,0.027,3.15,46562.02
15804709,2,8,1,2,35,688,5,111578.18,166165.93,0,0,1,0.5539,3422.35,1895.64,0.6715,0.1429,0.75,111578.18
15645835,1,7,4,3,32,605,9,0.0,55724.24,1,1,0,0.0182,200.0,3.64,0.0,0.2812,4.35,0.0
15738166,1,27,1,2,39,596,10,86546.29,131768.98,1,0,0,0.3908,2671.39,1043.98,0.6568,0.2564,3.5,86546.29
15675360,1,6,2,3,33,427,8,0.0,13858.95,1,1,0,0.2855,125.0,35.69,0.0,0.2424,4.2,0.0
15793042,1,7,4,3,39,629,2,129669.32,82774.07,0,1,0,0.2142,4090.08,876.1,1.5665,0.0513,1.3,64834.66
15630106,3,1,4,3,29,496,2,0.0,55389.59,0,1,0,0.0765,200.0,15.3,0.0,0.069,1.3,0.0
15810385,3,28,1,3,36,717,2,164557.95,82336.73,1,0,0,0.3381,5011.74,1694.47,1.9986,0.0556,2.3,164557.95
15578211,1,4,4,3,23,777,6,0.0,163225.48,1,1,0,0.0199,200.0,3.98,0.0,0.2609,3.9,0.0
15572792,3,6,2,3,35,535,8,118989.92,135536.72,1,1,0,0.0897,3694.7,331.41,0.8779,0.2286,4.2,118989.92
15620030,1,4,1,3,29,744,1,0.0,82422.97,0,0,0,0.2233,75.0,16.75,0.0,0.0345,0.15,0.0
15783541,1,9,3,3,31,755,5,0.0,194660.78,1,0,0,0.0379,150.0,5.68,0.0,0.1613,2.75,0.0
15679284,3,32,2,1,45,593,6,79259.75,55347.28,0,1,0,0.6776,2502.79,1695.89,1.432,0.1333,1.9,79259.75
15582910,1,6,2,2,38,514,4,112230.38,16717.11,0,1,1,0.3841,3491.91,1341.24,6.7131,0.1053,1.6,112230.38
15688337,1,8,2,3,40,721,9,118129.87,160277.65,1,1,0,0.1516,3668.9,556.21,0.737,0.225,4.35,118129.87
15734970,3,10,1,2,38,835,7,86824.09,175905.97,0,0,0,0.4281,2679.72,1147.19,0.4936,0.1842,1.05,86824.09
15759140,1,38,1,3,64,682,10,128306.7,66040.83,1,0,0,0.2827,3924.2,1109.37,1.9428,0.1562,3.5,128306.7
15643042,2,27,3,2,40,590,2,117641.43,92198.05,0,0,0,0.4249,3679.24,1563.31,1.276,0.05,0.3,58820.72
15773868,2,27,4,2,37,653,3,125734.2,134625.09,0,1,1,0.3975,3972.03,1578.88,0.934,0.0811,1.45,62867.1
15615820,1,15,2,2,49,837,8,103302.37,50974.57,1,1,0,0.4485,3224.07,1446.0,2.0265,0.1633,4.2,103302.37
15730273,1,5,2,3,27,841,8,0.0,171922.72,0,1,0,0.2792,125.0,34.9,0.0,0.2963,2.2,0.0
15724890,3,7,3,3,36,584,4,82696.09,83058.14,0,0,0,0.2026,2630.88,533.02,0.9956,0.1111,0.6,41348.04
15765952,1,4,2,3,29,769,4,145471.37,188382.77,0,1,0,0.225,4489.14,1010.06,0.7722,0.1379,1.6,145471.37
15685920,3,7,1,3,34,599,2,101506.66,198030.24,0,0,0,0.2138,3120.2,667.1,0.5126,0.0588,0.3,101506.66
15663263,1,13,3,2,47,698,5,156265.31,1055.66,0,0,0,0.6239,4837.96,3018.4,147.8861,0.1064,0.75,78132.66
15568953,1,1,2,3,27,477,1,128554.98,133173.19,1,1,0,0.0984,3981.65,391.79,0.9653,0.037,3.15,128554.98
15643361,2,6,4,3,34,477,8,139959.55,189875.83,1,1,0,0.0765,4398.79,336.51,0.7371,0.2353,4.2,69979.77
15699486,3,9,2,3,34,745,7,132944.53,31802.92,1,1,0,0.1987,4113.34,817.32,4.1801,0.2059,4.05,132944.53
15747854,1,29,6,2,35,749,3,0.0,132649.85,1,1,0,0.5471,275.0,150.45,0.0,0.0857,3.45,0.0
15691785,1,20,2,1,61,850,1,0.0,53067.83,0,1,1,0.9541,125.0,119.26,0.0,0.0164,1.15,0.0
15709004,2,1,3,3,22,528,5,93547.23,961.57,1,0,0,0.0853,2956.42,252.18,97.1849,0.2273,2.75,46773.62
15652218,1,9,2,3,33,750,2,152302.72,71333.44,0,1,0,0.2543,4694.08,1193.7,2.1351,0.0606,1.3,152302.72
15697127,1,26,2,3,31,543,2,147674.26,16658.76,1,1,0,0.1925,4555.23,876.88,8.8641,0.0645,3.3,147674.26
15658486,3,31,2,2,59,579,3,148021.12,74878.22,1,1,0,0.5652,4565.63,2580.49,1.9768,0.0508,3.45,148021.12
15694160,1,7,3,3,37,624,0,0.0,112104.55,0,0,0,0.0664,150.0,9.96,0.0,0.0,0.0,0.0
15685290,2,12,4,2,46,595,5,142360.62,48421.4,0,1,1,0.6045,4470.82,2702.61,2.94,0.1087,1.75,71180.31
15701042,2,22,2,2,27,596,2,151027.56,170320.58,0,1,0,0.4835,4655.83,2251.09,0.8867,0.0741,1.3,151027.56
15680449,2,26,2,1,44,431,2,138843.7,37688.31,0,1,1,0.8371,4290.31,3591.42,3.6839,0.0455,1.3,138843.7
15599860,3,22,2,3,26,647,8,109958.15,136592.24,1,1,1,0.3095,3423.74,1059.65,0.805,0.3077,4.2,109958.15
15723169,1,27,2,3,31,640,9,138857.59,48640.77,0,1,0,0.2138,4290.73,917.36,2.8547,0.2903,2.35,138857.59
15803842,2,34,3,2,45,752,3,105426.5,89773.45,1,0,0,0.6231,3312.8,2064.21,1.1743,0.0667,2.45,52713.25
15728224,2,28,4,2,41,710,9,149155.53,42131.26,0,1,1,0.3869,4674.67,1808.63,3.5402,0.2195,2.35,74577.76
15644174,2,2,2,2,27,638,4,135096.05,186523.72,1,1,1,0.5747,4177.88,2401.03,0.7243,0.1481,3.6,135096.05
15707110,2,2,4,3,28,660,2,170890.05,41758.9,0,1,0,0.1617,5326.7,861.33,4.0922,0.0714,1.3,85445.02
15765415,3,32,2,2,45,609,4,89122.3,199256.98,1,1,0,0.5897,2798.67,1650.38,0.4473,0.0889,3.6,89122.3
15756751,3,32,2,1,54,596,0,78126.28,153482.91,1,1,1,0.7768,2468.79,1917.76,0.509,0.0,3.0,78126.28
15795151,1,28,2,2,38,705,3,123894.43,21177.1,0,1,0,0.4596,3841.83,1765.71,5.8501,0.0789,1.45,123894.43
15632859,1,6,3,3,36,444,7,0.0,138743.86,1,0,0,0.0606,150.0,9.09,0.0,0.1944,3.05,0.0
15584037,2,13,2,1,58,727,5,106913.43,25881.0,0,1,1,0.9649,3332.4,3215.43,4.1308,0.0862,1.75,106913.43
15621409,1,6,2,3,32,496,4,127845.83,66469.2,0,1,0,0.2539,3960.37,1005.54,1.9234,0.125,1.6,127845.83
15581102,1,21,3,3,22,554,8,0.0,142670.61,1,0,0,0.0521,150.0,7.82,0.0,0.3636,3.2,0.0
15578096,1,1,1,3,26,537,7,106397.75,103563.23,0,0,0,0.2123,3266.93,693.57,1.0274,0.2692,1.05,106397.75
15669887,1,35,2,1,51,839,3,0.0,69101.23,1,1,1,0.7816,125.0,97.7,0.0,0.0588,3.45,0.0
15621834,3,28,4,3,43,700,0,0.0,59475.35,0,1,0,0.318,200.0,63.6,0.0,0.0,1.0,0.0
15655341,3,26,2,2,35,458,5,166492.48,135287.74,0,1,0,0.379,5119.77,1940.39,1.2306,0.1429,1.75,166492.48
15685314,1,25,4,3,28,850,2,0.0,38773.74,1,1,0,0.0319,200.0,6.38,0.0,0.0714,3.3,0.0
15653997,3,8,1,3,31,699,6,114493.68,138396.32,0,0,0,0.3489,3509.81,1224.57,0.8273,0.1935,0.9,114493.68
15629551,2,27,3,2,44,615,9,126104.98,110718.02,1,0,0,0.5526,3933.15,2173.46,1.139,0.2045,3.35,63052.49
15651264,2,15,1,1,51,850,4,124425.99,118545.49,0,0,1,0.9471,3807.78,3606.35,1.0496,0.0784,0.6,124425.99
15760825,1,27,4,3,40,604,1,0.0,123207.17,0,1,0,0.2014,200.0,40.28,0.0,0.025,1.15,0.0
15597394,3,7,1,2,34,668,0,0.0,99984.86,0,0,0,0.3743,75.0,28.07,0.0,0.0,0.0,0.0
15740383,3,27,4,3,38,594,10,0.0,58332.91,0,1,0,0.2111,200.0,42.22,0.0,0.2632,2.5,0.0
15670562,1,6,2,3,30,470,3,101140.76,50906.65,1,1,0,0.1332,3159.22,420.81,1.9867,0.1,3.45,101140.76
15698117,2,8,1,2,41,701,0,150844.94,127623.36,1,0,0,0.5595,4600.35,2573.9,1.1819,0.0,2.0,150844.94
15694805,3,7,1,3,35,664,1,115024.5,169665.79,1,0,0,0.1362,3525.73,480.2,0.6779,0.0286,2.15,115024.5
15746802,1,26,2,3,30,477,6,131286.46,194144.45,0,1,0,0.3105,4063.59,1261.74,0.6762,0.2,1.9,131286.46
15589428,1,29,4,3,42,756,9,0.0,35673.42,0,1,0,0.1757,200.0,35.14,0.0,0.2143,2.35,0.0
15790267,1,27,1,2,40,625,7,141267.67,177397.49,1,0,0,0.4248,4313.03,1832.18,0.7963,0.175,3.05,141267.67
15665402,3,18,2,3,73,703,5,137761.55,159677.46,1,1,0,0.0324,4257.85,137.95,0.8627,0.0685,3.75,137761.55
15642093,1,7,4,3,30,646,7,0.0,153566.97,0,1,0,0.033,200.0,6.6,0.0,0.2333,2.05,0.0
15666181,1,7,2,3,33,650,0,98064.97,52411.99,0,1,0,0.2044,3066.95,626.88,1.871,0.0,1.0,98064.97
15602554,1,27,3,3,31,664,9,114519.57,79222.02,1,0,0,0.1116,3585.59,400.15,1.4455,0.2903,3.35,57259.78
15724251,2,23,1,1,29,682,6,101012.77,32589.89,0,0,1,0.6848,3105.38,2126.56,3.0994,0.2069,0.9,101012.77
15740147,1,28,1,2,44,725,10,0.0,93777.61,1,0,0,0.5852,75.0,43.89,0.0,0.2273,3.5,0.0
15718289,2,11,2,1,46,553,3,82291.1,112549.99,0,1,1,0.8826,2593.73,2289.23,0.7311,0.0652,1.45,82291.1
15763148,1,6,1,2,39,576,9,84719.98,191063.36,0,0,0,0.4514,2616.6,1181.13,0.4434,0.2308,1.35,84719.98
15685245,3,32,3,2,56,608,5,0.0,153810.41,1,0,0,0.3906,150.0,58.59,0.0,0.0893,2.75,0.0
15626985,1,30,2,2,39,850,0,104386.53,105886.77,0,1,0,0.382,3256.6,1244.02,0.9858,0.0,1.0,104386.53
15585823,1,7,2,3,31,627,8,128131.73,96131.47,0,1,0,0.2442,3968.95,969.22,1.3329,0.2581,2.2,128131.73
15728167,1,7,1,2,44,667,2,122806.95,15120.86,0,0,0,0.5719,3759.21,2149.89,8.1212,0.0455,0.3,122806.95
15762928,3,6,2,1,44,548,8,0.0,16989.77,0,1,0,0.7917,125.0,98.96,0.0,0.1818,2.2,0.0
15751774,1,19,2,3,76,774,4,112510.89,143133.18,1,1,0,0.0164,3500.33,57.41,0.7861,0.0526,3.6,112510.89
15654733,2,14,2,1,57,794,3,117056.46,93336.93,0,1,1,0.9687,3636.69,3522.86,1.2541,0.0526,1.45,117056.46
15809777,2,31,2,1,55,497,7,131778.66,9972.64,1,1,0,0.8433,4078.36,3439.28,13.2127,0.1273,4.05,131778.66
15744200,1,27,2,2,36,587,1,70784.27,30579.82,0,1,0,0.4651,2248.53,1045.79,2.3147,0.0278,1.15,70784.27
15720713,1,25,4,3,29,850,10,0.0,199775.67,1,1,0,0.1041,200.0,20.82,0.0,0.3448,4.5,0.0
15695356,1,13,4,3,46,722,5,0.0,179908.71,0,1,0,0.1859,200.0,37.18,0.0,0.1087,1.75,0.0
15653315,3,26,4,3,35,555,1,0.0,101667.0,0,1,0,0.1701,200.0,34.02,0.0,0.0286,1.15,0.0
15604792,2,7,3,3,38,609,6,140752.06,171430.16,1,0,0,0.2011,4372.56,879.32,0.821,0.1579,2.9,70376.03
15704819,3,28,3,2,39,734,6,92126.26,112973.34,0,0,0,0.4423,2913.79,1288.77,0.8155,0.1538,0.9,46063.13
15670859,2,28,4,3,39,718,7,93148.74,190746.38,1,1,0,0.1937,2994.46,580.03,0.4883,0.1795,4.05,46574.37
15602797,3,32,5,1,49,645,5,110132.55,187689.91,1,0,1,0.9843,3528.98,3473.58,0.5868,0.102,2.75,36710.85
15662533,3,22,4,3,23,598,6,0.0,153229.19,0,1,0,0.1488,200.0,29.76,0.0,0.2609,1.9,0.0
15778154,2,12,1,1,50,628,4,122227.71,14217.77,1,0,1,0.8823,3741.83,3301.42,8.5962,0.08,2.6,122227.71
15806230,2,7,4,3,40,629,2,121647.54,64849.74,1,1,1,0.2736,3849.43,1053.2,1.8758,0.05,3.3,60823.77
15662884,2,13,1,1,58,739,1,110597.76,160122.66,1,0,1,0.7845,3392.93,2661.75,0.6907,0.0172,2.15,110597.76
15750778,1,37,8,1,60,653,2,120731.39,138160.11,1,1,1,0.9917,3971.94,3938.97,0.8738,0.0333,3.3,30182.85
15717185,1,3,4,3,28,711,8,0.0,64286.39,1,1,0,0.0259,200.0,5.18,0.0,0.2857,4.2,0.0
15677804,3,9,6,1,38,783,1,0.0,80178.54,1,1,1,0.7435,275.0,204.46,0.0,0.0263,3.15,0.0
15568915,1,8,2,2,38,681,6,153722.47,101319.76,0,1,0,0.3645,4736.67,1726.52,1.5172,0.1579,1.9,153722.47
15736495,1,8,2,3,34,712,8,114088.32,92794.61,0,1,0,0.2115,3547.65,750.33,1.2295,0.2353,2.2,114088.32
15737354,1,31,4,3,48,554,7,0.0,63708.07,1,1,0,0.2007,200.0,40.14,0.0,0.1458,4.05,0.0
15667889,1,27,4,3,37,611,6,0.0,110782.88,0,1,0,0.134,200.0,26.8,0.0,0.1622,1.9,0.0
15577831,2,6,1,2,41,560,4,152532.3,10779.69,0,0,0,0.6051,4650.97,2814.3,14.1487,0.0976,0.6,152532.3
15729836,3,7,4,3,32,646,1,0.0,183289.22,0,1,0,0.0467,200.0,9.34,0.0,0.0312,1.15,0.0
15775293,1,8,2,3,34,680,3,143292.95,66526.01,0,1,0,0.3019,4423.79,1335.54,2.1539,0.0882,1.45,143292.95
15697597,1,2,1,3,26,631,1,149144.61,123697.95,1,0,0,0.1099,4549.34,499.97,1.2057,0.0385,2.15,149144.61
15639669,1,9,2,3,36,746,9,127157.04,155700.15,1,1,0,0.0866,3939.71,341.18,0.8167,0.25,4.35,127157.04
15631392,2,7,3,3,43,654,9,84673.17,82081.35,1,0,0,0.3218,2690.2,865.71,1.0316,0.2093,3.35,42336.58
15580935,2,8,4,3,33,687,9,135962.4,121747.96,0,1,0,0.1488,4278.87,636.7,1.1167,0.2727,2.35,67981.2
15590344,2,8,4,3,32,708,3,151691.44,172810.51,1,1,0,0.0774,4750.74,367.71,0.8778,0.0938,3.45,75845.72
15653306,2,28,1,2,32,679,0,88335.05,159584.81,0,0,0,0.3901,2725.05,1063.04,0.5535,0.0,0.0,88335.05
15805025,1,32,2,2,45,636,7,139859.23,108402.54,1,1,0,0.5071,4320.78,2191.07,1.2902,0.1556,4.05,139859.23
15658449,1,13,1,2,45,695,9,43134.65,77330.35,1,0,0,0.4641,1369.04,635.37,0.5578,0.2,3.35,43134.65
15694450,1,8,2,2,42,677,5,99580.13,21007.96,0,1,0,0.5202,3112.4,1619.07,4.7399,0.119,1.75,99580.13
15605666,1,28,2,3,34,720,6,110717.38,9398.45,1,1,0,0.2548,3446.52,878.17,11.7791,0.1765,3.9,110717.38
15615126,1,29,3,3,37,780,3,0.0,182156.81,0,0,1,0.1702,150.0,25.53,0.0,0.0811,0.45,0.0
15726588,3,27,3,3,36,653,3,0.0,110525.6,0,0,0,0.1962,150.0,29.43,0.0,0.0833,0.45,0.0
15645095,1,23,2,2,28,674,3,0.0,51536.99,0,1,0,0.4414,125.0,55.18,0.0,0.1071,1.45,0.0
15808960,2,7,4,2,40,620,5,108197.11,49722.34,0,1,0,0.355,3445.91,1223.3,2.176,0.125,1.75,54098.56
15729435,1,7,4,3,40,623,6,0.0,66119.07,1,1,0,0.0508,200.0,10.16,0.0,0.15,3.9,0.0
15656840,1,21,2,3,29,547,6,104450.86,37160.28,1,1,0,0.1605,3258.53,522.99,2.8107,0.2069,3.9,104450.86
15659149,1,6,4,3,39,530,2,0.0,197923.05,0,1,0,0.0921,200.0,18.42,0.0,0.0513,1.3,0.0
15585490,1,29,1,2,34,746,4,0.0,65166.6,1,0,0,0.4245,75.0,31.84,0.0,0.1176,2.6,0.0
15674929,1,26,3,3,31,512,7,0.0,49326.07,0,0,0,0.1224,150.0,18.36,0.0,0.2258,1.05,0.0
15746341,1,7,4,3,40,630,8,0.0,42495.81,1,1,0,0.0628,200.0,12.56,0.0,0.2,4.2,0.0
15662091,3,1,2,3,21,570,7,116099.82,148087.62,1,1,0,0.0579,3607.99,208.9,0.784,0.3333,4.05,116099.82
15620123,1,7,1,2,39,605,6,111169.91,9641.4,0,0,0,0.4197,3410.1,1431.22,11.5293,0.1538,0.9,111169.91
15616240,3,6,4,3,37,530,4,0.0,164844.37,1,1,0,0.0464,200.0,9.28,0.0,0.1081,3.6,0.0
15624186,2,25,1,2,25,813,5,123616.43,132959.33,1,0,0,0.4484,3783.49,1696.52,0.9297,0.2,2.75,123616.43
15605036,3,28,2,3,37,704,9,155619.58,135088.58,1,1,0,0.2752,4793.59,1319.2,1.152,0.2432,4.35,155619.58
15805151,2,6,4,3,31,565,2,89558.39,4441.54,1,1,0,0.1269,2886.75,366.33,20.1593,0.0645,3.3,44779.2
15753847,3,12,1,1,45,645,4,0.0,174916.85,1,0,1,0.8004,75.0,60.03,0.0,0.0889,2.6,0.0
15653222,2,26,4,3,32,526,6,131938.92,1795.93,1,1,0,0.169,4158.17,702.73,73.4246,0.1875,3.9,65969.46
15757541,1,29,3,3,33,778,9,151772.63,180249.94,0,0,1,0.1859,4703.18,874.32,0.842,0.2727,1.35,75886.32
15726945,1,38,4,3,72,677,8,0.0,153604.44,1,1,0,0.0812,200.0,16.24,0.0,0.1111,4.2,0.0
15794276,1,37,2,2,64,588,3,0.0,189703.65,1,1,0,0.556,125.0,69.5,0.0,0.0469,3.45,0.0
15568328,1,21,4,3,22,488,6,0.0,66393.89,1,1,0,0.0547,200.0,10.94,0.0,0.2727,3.9,0.0
15604355,1,6,2,3,39,519,1,97700.02,30709.03,1,1,0,0.2662,3056.0,813.51,3.1814,0.0256,3.15,97700.02
15735788,1,8,4,3,31,709,6,0.0,71009.84,1,1,0,0.0449,200.0,8.98,0.0,0.1935,3.9,0.0
15618255,2,32,4,1,56,642,6,103244.86,143049.72,0,1,1,0.9543,3297.35,3146.66,0.7217,0.1071,1.9,51622.43
15720941,2,8,3,3,34,710,8,147833.3,1561.58,1,0,0,0.1254,4585.0,574.96,94.6085,0.2353,3.2,73916.65
15769110,1,32,4,3,46,653,5,0.0,49707.85,0,1,0,0.2531,200.0,50.62,0.0,0.1087,1.75,0.0
15576094,1,19,3,3,71,743,0,0.0,29837.65,1,0,0,0.1748,150.0,26.22,0.0,0.0,2.0,0.0
15756150,1,26,3,3,39,418,2,0.0,9041.71,0,0,0,0.2574,150.0,38.61,0.0,0.0513,0.3,0.0
15719579,2,28,3,3,33,670,9,84521.48,198017.05,1,0,0,0.0432,2685.64,116.02,0.4268,0.2727,3.35,42260.74
15748854,2,23,2,2,28,723,5,91938.31,143481.85,0,1,0,0.5731,2883.15,1652.33,0.6408,0.1786,1.75,91938.31
15612455,2,11,2,1,45,549,6,124240.93,146372.51,1,1,0,0.8217,3852.23,3165.38,0.8488,0.1333,3.9,124240.93
15664802,1,26,3,3,42,543,5,0.0,101905.34,0,0,0,0.2141,150.0,32.12,0.0,0.119,0.75,0.0
15735687,3,7,2,3,37,595,2,157084.99,134767.13,0,1,0,0.2761,4837.55,1335.65,1.1656,0.0541,1.3,157084.99
15664734,2,23,4,3,25,673,3,108244.82,103573.96,1,1,0,0.1198,3447.34,412.99,1.0451,0.12,3.45,54122.41
15767894,1,24,3,3,21,741,9,0.0,139259.54,1,0,0,0.07,150.0,10.5,0.0,0.4286,3.35,0.0
15666884,2,26,4,3,41,508,5,82161.7,187776.49,0,1,0,0.3344,2664.85,891.13,0.4375,0.122,1.75,41080.85
15750156,2,12,2,1,59,662,2,104568.41,8059.44,0,1,1,0.971,3262.05,3167.45,12.973,0.0339,1.3,104568.41
15751120,1,29,2,2,36,752,2,119912.46,124354.92,0,1,0,0.3613,3722.37,1344.89,0.9643,0.0556,1.3,119912.46
15575748,1,10,3,3,36,809,9,68881.59,109135.11,1,0,0,0.0886,2216.45,196.38,0.6312,0.25,3.35,34440.8
15714610,3,6,4,3,30,575,2,0.0,82222.86,1,1,0,0.0386,200.0,7.72,0.0,0.0667,3.3,0.0
15720305,3,27,1,2,40,591,1,86376.29,136767.16,1,0,1,0.4728,2666.29,1260.62,0.6316,0.025,2.15,86376.29
15678129,3,32,4,2,45,643,9,150840.03,155516.35,0,1,0,0.6449,4725.2,3047.28,0.9699,0.2,2.35,75420.02
15566633,2,13,4,3,55,698,8,155059.1,144584.29,1,1,0,0.2519,4851.77,1222.16,1.0724,0.1455,4.2,77529.55
15680436,1,21,4,3,29,496,4,0.0,164806.89,0,1,0,0.1097,200.0,21.94,0.0,0.1379,1.6,0.0
15674343,1,7,3,2,44,597,8,78128.13,109153.04,1,0,0,0.3514,2493.84,876.34,0.7158,0.1818,3.2,39064.06
15658890,2,12,4,2,46,603,4,98899.76,86190.34,1,1,0,0.4354,3166.99,1378.91,1.1474,0.087,3.6,49449.88
15599004,3,7,2,2,37,655,1,0.0,106040.97,1,1,0,0.3847,125.0,48.09,0.0,0.027,3.15,0.0
15726487,1,16,2,3,63,431,6,160982.89,168008.17,1,1,0,0.2772,4954.49,1373.38,0.9582,0.0952,3.9,160982.89
15698716,1,37,4,1,70,620,3,87926.24,33350.26,0,1,1,0.8704,2837.79,2470.01,2.6364,0.0429,1.45,43963.12
15710527,1,29,2,2,35,782,4,0.0,119565.34,1,1,0,0.365,125.0,45.62,0.0,0.1143,3.6,0.0
15655590,3,12,3,3,46,581,2,79385.21,188492.82,0,0,0,0.2825,2531.56,715.17,0.4212,0.0435,0.3,39692.61
15732266,2,11,2,1,53,553,5,127997.83,165378.66,0,1,1,0.9564,3964.93,3792.06,0.774,0.0943,1.75,127997.83
15669326,1,7,2,2,44,658,2,168396.34,14178.73,1,1,0,0.4011,5176.89,2076.45,11.8758,0.0455,3.3,168396.34
15672246,2,8,2,1,43,686,2,134896.03,97847.05,1,1,0,0.6588,4171.88,2748.43,1.3786,0.0465,3.3,134896.03
15620276,3,6,6,1,36,539,6,0.0,118959.64,1,1,0,0.7043,275.0,193.68,0.0,0.1667,3.9,0.0
15640258,1,33,4,2,50,685,6,94238.75,50664.07,1,1,1,0.4885,3027.16,1478.77,1.86,0.12,3.9,47119.38
15740283,1,5,3,3,29,850,1,0.0,152996.89,0,0,0,0.0199,150.0,2.99,0.0,0.0345,0.15,0.0
15759717,3,29,4,3,39,763,7,0.0,19458.75,0,1,0,0.1428,200.0,28.56,0.0,0.1795,2.05,0.0
15620268,2,7,2,1,43,634,3,212696.32,115268.86,0,1,0,0.7634,6505.89,4966.6,1.8452,0.0698,1.45,212696.32
15743871,1,11,4,1,59,567,3,0.0,25843.7,0,1,1,0.7802,200.0,156.04,0.0,0.0508,1.45,0.0
15614491,1,6,4,3,39,539,3,139153.68,147662.33,0,1,0,0.2182,4374.61,954.54,0.9424,0.0769,1.45,69576.84
15595047,1,9,3,3,41,764,7,0.0,134878.34,0,0,0,0.0817,150.0,12.26,0.0,0.1707,1.05,0.0
15732334,1,27,4,3,40,653,0,0.0,35795.85,0,1,0,0.3137,200.0,62.74,0.0,0.0,1.0,0.0
15701206,3,6,4,3,44,566,5,0.0,66462.79,0,1,0,0.1542,200.0,30.84,0.0,0.1136,1.75,0.0
15581280,2,3,2,2,29,714,6,92887.13,69578.49,1,1,0,0.363,2911.61,1056.91,1.335,0.2069,3.9,92887.13
15651943,3,37,3,3,65,580,1,0.0,103182.46,1,0,0,0.1875,150.0,28.12,0.0,0.0154,2.15,0.0
15609545,1,1,1,3,29,548,5,83442.98,177017.39,1,0,0,0.1654,2578.29,426.45,0.4714,0.1724,2.75,83442.98
15658548,2,27,4,3,36,646,6,144773.29,53217.3,0,1,0,0.3121,4543.2,1417.93,2.7204,0.1667,1.9,72386.64
15626008,2,32,2,1,52,622,9,111973.97,162756.29,1,1,1,0.9201,3484.22,3205.83,0.688,0.1731,4.35,111973.97
15774133,1,28,1,2,35,706,8,178032.53,42181.68,1,0,0,0.5413,5415.98,2931.67,4.2205,0.2286,3.2,178032.53
15763798,1,3,1,3,23,680,5,140007.19,31714.08,1,0,0,0.0919,4275.22,392.89,4.4145,0.2174,2.75,140007.19
15758013,1,8,3,3,37,698,5,98400.61,25017.28,0,0,0,0.2163,3102.02,670.97,3.9331,0.1351,0.75,49200.3
15705765,3,32,4,3,46,581,1,0.0,104272.04,0,1,0,0.2969,200.0,59.38,0.0,0.0217,1.15,0.0
15648362,2,13,4,1,45,728,3,108924.33,84300.4,0,1,1,0.6638,3467.73,2301.88,1.2921,0.0667,1.45,54462.16
15761102,3,28,1,2,32,707,4,132835.56,136877.24,0,0,0,0.3939,4060.07,1599.26,0.9705,0.125,0.6,132835.56
15610165,1,24,4,3,26,761,1,0.0,199409.19,1,1,0,0.0349,200.0,6.98,0.0,0.0385,3.15,0.0
15723717,2,6,1,1,41,483,1,118334.44,163147.99,0,0,1,0.6695,3625.03,2426.96,0.7253,0.0244,0.15,118334.44
15654611,2,23,4,3,25,736,9,81732.88,136497.28,0,1,0,0.1256,2651.99,333.09,0.5988,0.36,2.35,40866.44
15659736,2,18,1,1,66,716,5,121411.9,10070.4,0,0,1,0.9345,3717.36,3473.87,12.0551,0.0758,0.75,121411.9
15603170,1,7,2,3,32,654,9,121455.65,190068.53,0,1,1,0.1705,3768.67,642.56,0.639,0.2812,2.35,121455.65
15786167,3,2,4,3,20,649,5,0.0,58309.54,1,1,0,0.0191,200.0,3.82,0.0,0.25,3.75,0.0
15671915,1,12,4,3,46,649,5,0.0,76946.6,1,1,0,0.1052,200.0,21.04,0.0,0.1087,3.75,0.0
15794792,1,27,2,3,31,612,8,117989.76,54129.86,1,1,0,0.2058,3664.69,754.19,2.1797,0.2581,4.2,117989.76
15652789,3,7,4,3,40,657,10,0.0,52990.7,1,1,0,0.0523,200.0,10.46,0.0,0.25,4.5,0.0
15739168,1,26,1,3,31,511,5,137411.29,161854.98,1,0,0,0.2653,4197.34,1113.55,0.849,0.1613,2.75,137411.29
15719950,1,18,2,3,61,682,10,73688.2,172141.33,1,1,0,0.3077,2335.65,718.68,0.4281,0.1639,4.5,73688.2
15743818,3,14,3,2,58,748,9,122330.7,124429.19,1,0,0,0.4319,3819.92,1649.82,0.9831,0.1552,3.35,61165.35
15717937,2,6,1,1,43,554,5,99906.89,24983.39,0,0,0,0.8302,3072.21,2550.55,3.9988,0.1163,0.75,99906.89
15602841,3,24,3,3,28,794,5,0.0,86699.98,1,0,0,0.0703,150.0,10.54,0.0,0.1786,2.75,0.0
15619972,1,35,1,1,47,807,9,167664.83,125440.11,0,0,1,0.8083,5104.94,4126.32,1.3366,0.1915,1.35,167664.83
15796114,1,27,1,3,34,594,7,141525.55,9443.15,0,0,0,0.2874,4320.77,1241.79,14.9855,0.2059,1.05,141525.55
15633546,3,27,2,3,33,652,3,124832.51,195877.06,0,1,0,0.2917,3869.98,1128.87,0.6373,0.0909,1.45,124832.51
15758755,1,28,1,3,34,729,9,132121.71,105409.31,1,0,0,0.1965,4038.65,793.59,1.2534,0.2647,3.35,132121.71
15695168,1,7,4,3,39,625,2,0.0,100403.05,0,1,0,0.0824,200.0,16.48,0.0,0.0513,1.3,0.0
15754342,2,37,1,1,60,597,0,78539.84,48502.88,1,0,0,0.6881,2431.2,1672.91,1.6192,0.0,2.0,78539.84
15756610,2,27,1,1,38,657,5,123770.46,47019.66,0,0,1,0.7609,3788.11,2882.37,2.6323,0.1316,0.75,123770.46
15640917,1,7,4,3,43,633,5,0.0,48249.88,1,1,0,0.1026,200.0,20.52,0.0,0.1163,3.75,0.0
15663164,2,12,6,1,49,663,7,116150.65,84358.71,1,1,1,0.983,3759.52,3695.61,1.3768,0.1429,4.05,38716.88
15616811,1,11,1,2,47,535,0,160729.1,145986.35,1,0,0,0.5885,4896.87,2881.81,1.101,0.0,2.0,160729.1
15610781,1,23,2,3,29,702,10,88378.6,88550.28,0,1,0,0.2342,2776.36,650.22,0.998,0.3448,2.5,88378.6
15600911,1,8,2,2,33,712,2,182888.08,3061.0,0,1,0,0.4123,5611.64,2313.68,59.7283,0.0606,1.3,182888.08
15629603,1,7,4,3,31,607,8,0.0,43196.5,1,1,0,0.0352,200.0,7.04,0.0,0.2581,4.2,0.0
15714981,1,6,2,2,37,476,4,0.0,55775.84,1,1,1,0.3727,125.0,46.59,0.0,0.1081,3.6,0.0
15775892,3,24,1,3,23,748,8,85600.08,134077.71,0,0,0,0.301,2643.0,795.54,0.6384,0.3478,1.2,85600.08
15782778,1,10,3,3,35,815,4,0.0,198490.33,1,0,0,0.0314,150.0,4.71,0.0,0.1143,2.6,0.0
15786643,1,7,4,3,32,602,10,0.0,116052.92,1,1,0,0.0257,200.0,5.14,0.0,0.3125,4.5,0.0
15595657,2,7,1,2,40,649,4,95001.33,123202.99,1,0,0,0.5905,2925.04,1727.24,0.7711,0.1,2.6,95001.33
15743673,3,1,2,3,27,551,2,113873.22,85129.77,1,1,1,0.1818,3541.2,643.79,1.3376,0.0741,3.3,113873.22
15634310,1,6,4,3,30,509,6,0.0,180598.86,0,1,0,0.0985,200.0,19.7,0.0,0.2,1.9,0.0
15790809,3,8,2,2,40,685,7,74896.92,198694.2,0,1,0,0.5671,2371.91,1345.11,0.3769,0.175,2.05,74896.92
15668695,1,21,1,3,22,536,5,89492.62,42934.43,0,0,0,0.2771,2759.78,764.74,2.0844,0.2273,0.75,89492.62
15669281,3,8,1,3,38,711,3,128718.78,114793.45,0,0,0,0.3282,3936.56,1291.98,1.1213,0.0789,0.45,128718.78
15621031,3,4,4,3,27,761,8,0.0,63297.7,0,1,0,0.025,200.0,5.0,0.0,0.2963,2.2,0.0
15720071,1,31,1,1,49,535,3,0.0,61820.41,0,0,1,0.9347,75.0,70.1,0.0,0.0612,0.45,0.0
15792180,2,1,4,3,22,566,7,144954.75,102246.0,0,1,0,0.1696,4548.64,771.45,1.4177,0.3182,2.05,72477.38
15813894,3,2,3,3,21,620,9,0.0,154882.79,0,0,0,0.0434,150.0,6.51,0.0,0.4286,1.35,0.0
15669490,2,10,4,3,37,837,6,94001.61,140723.05,0,1,0,0.1796,3020.05,542.4,0.668,0.1622,1.9,47000.8
15783030,1,28,2,1,40,685,7,0.0,72852.74,0,1,1,0.7647,125.0,95.59,0.0,0.175,2.05,0.0
15695792,1,18,2,2,65,673,0,0.0,85733.33,1,1,0,0.4041,125.0,50.51,0.0,0.0,3.0,0.0
15575676,1,2,3,3,24,638,1,0.0,162597.15,1,0,0,0.0261,150.0,3.92,0.0,0.0417,2.15,0.0
15627665,1,12,2,1,46,614,4,0.0,74379.57,0,1,1,0.8449,125.0,105.61,0.0,0.087,1.6,0.0
15814092,1,27,1,1,44,626,2,0.0,173117.22,1,0,1,0.8114,75.0,60.86,0.0,0.0455,2.3,0.0
15695225,3,10,4,3,38,834,8,0.0,66485.26,1,1,0,0.0306,200.0,6.12,0.0,0.2105,4.2,0.0
15615091,1,3,4,3,24,691,6,0.0,92811.2,1,1,0,0.0271,200.0,5.42,0.0,0.25,3.9,0.0
15794345,3,8,3,3,38,706,8,0.0,46635.11,1,0,0,0.0576,150.0,8.64,0.0,0.2105,3.2,0.0
15726484,1,7,2,3,37,633,7,141546.35,124830.11,1,1,0,0.1772,4371.39,774.61,1.1339,0.1892,4.05,141546.35
15650442,2,27,2,2,32,644,8,141528.88,167087.34,1,1,1,0.5978,4370.87,2612.91,0.847,0.25,4.2,141528.88
15714256,1,7,1,3,30,666,7,109805.3,163625.56,1,0,0,0.0849,3369.16,286.04,0.6711,0.2333,3.05,109805.3
15778752,1,8,4,3,32,708,10,86614.06,172129.26,1,1,0,0.0219,2798.42,61.29,0.5032,0.3125,4.5,43307.03
15601659,2,31,4,1,59,496,7,91680.1,163141.18,0,1,1,0.9544,2950.4,2815.86,0.562,0.1186,2.05,45840.05
15602811,2,8,3,3,38,730,0,38848.19,94003.11,0,0,0,0.1199,1315.45,157.72,0.4133,0.0,0.0,19424.1
15779414,3,8,2,3,40,696,3,153639.11,138351.68,1,1,0,0.2817,4734.17,1333.62,1.1105,0.075,3.45,153639.11
15763097,3,20,3,3,80,809,8,0.0,34164.05,1,0,0,0.023,150.0,3.45,0.0,0.1,3.2,0.0
15633666,3,28,2,3,33,701,7,123870.07,97794.71,0,1,0,0.3141,3841.1,1206.49,1.2666,0.2121,2.05,123870.07
15718789,1,7,4,3,30,604,5,0.0,75786.55,0,1,0,0.0445,200.0,8.9,0.0,0.1667,1.75,0.0
15690620,1,7,2,2,39,665,10,46323.57,136812.02,0,1,0,0.6131,1514.71,928.67,0.3386,0.2564,2.5,46323.57
15737071,1,37,2,2,60,639,5,162039.78,84361.72,1,1,1,0.4443,4986.19,2215.36,1.9208,0.0833,3.75,162039.78
15665062,1,3,2,3,19,696,1,110928.51,2766.63,1,1,0,0.0717,3452.86,247.57,40.0807,0.0526,3.15,110928.51
15600692,1,6,4,3,38,520,5,0.0,163185.76,0,1,0,0.0679,200.0,13.58,0.0,0.1316,1.75,0.0
15792064,2,11,2,1,53,545,5,114421.55,180598.28,0,1,1,0.9587,3557.65,3410.72,0.6336,0.0943,1.75,114421.55
15811486,2,22,3,3,29,634,8,130036.21,69849.55,1,0,0,0.1312,4051.09,531.5,1.8616,0.2759,3.2,65018.1
15626141,1,24,4,3,26,750,1,151510.17,19921.72,1,1,0,0.1012,4745.31,480.23,7.6049,0.0385,3.15,75755.09
15738546,3,26,3,3,41,530,4,0.0,147606.71,1,0,0,0.1708,150.0,25.62,0.0,0.0976,2.6,0.0
15677052,1,32,4,3,59,589,2,0.0,126160.24,1,1,1,0.1699,200.0,33.98,0.0,0.0339,3.3,0.0
15656454,1,7,2,3,37,654,6,83568.55,47046.72,0,1,0,0.2859,2632.06,752.51,1.7763,0.1622,1.9,83568.55
15645496,1,27,2,1,43,648,7,139972.18,143668.58,0,1,0,0.7032,4324.17,3040.76,0.9743,0.1628,2.05,139972.18
15612505,3,15,2,2,45,835,3,100212.13,152577.62,0,1,0,0.5746,3131.36,1799.28,0.6568,0.0667,1.45,100212.13
15708513,1,26,2,2,39,446,1,90217.07,191350.48,0,1,0,0.6109,2831.51,1729.77,0.4715,0.0256,1.15,90217.07
15685654,3,16,4,3,66,514,9,0.0,14234.31,1,1,0,0.1182,200.0,23.64,0.0,0.1364,4.35,0.0
15732307,2,8,2,2,33,694,4,124067.32,77906.87,1,1,0,0.4322,3847.02,1662.68,1.5925,0.1212,3.6,124067.32
15726814,3,11,3,3,46,554,4,0.0,57320.92,1,0,0,0.1831,150.0,27.47,0.0,0.087,2.6,0.0
15653776,2,33,7,1,57,720,1,162082.31,27145.73,0,0,1,0.9976,5162.47,5150.08,5.9706,0.0175,0.15,40520.58
15597914,2,32,8,1,51,641,2,117306.69,26912.72,1,1,1,0.9961,3869.2,3854.11,4.3586,0.0392,3.3,29326.67
15631603,1,10,2,3,32,813,1,122889.88,26476.18,1,1,0,0.1522,3811.7,580.14,4.6414,0.0312,3.15,122889.88
15789753,1,6,1,2,40,480,6,148790.61,79329.7,1,0,0,0.3656,4538.72,1659.36,1.8756,0.15,2.9,148790.61
15678034,1,15,2,1,46,811,9,180226.24,13464.64,0,1,1,0.8233,5531.79,4554.32,13.3842,0.1957,2.35,180226.24
15690209,2,28,4,3,32,715,3,104857.19,114149.8,0,1,0,0.2502,3345.72,837.1,0.9186,0.0938,1.45,52428.6
15592091,3,7,4,3,31,620,2,166833.86,135171.6,1,1,0,0.1757,5205.02,914.52,1.2342,0.0645,3.3,83416.93
15647453,1,8,1,2,42,721,4,102936.72,1187.88,0,0,0,0.4585,3163.1,1450.28,86.5829,0.0952,0.6,102936.72
15697100,2,34,2,1,48,772,6,108736.52,184564.67,0,1,1,0.9452,3387.1,3201.49,0.5891,0.125,1.9,108736.52
15811290,2,8,4,1,44,680,0,129974.79,33391.38,1,1,0,0.6864,4099.24,2813.72,3.8923,0.0,3.0,64987.4
15629187,1,6,2,2,38,535,8,85982.07,9238.35,0,1,0,0.4025,2704.46,1088.55,9.3061,0.2105,2.2,85982.07
15758073,1,22,1,3,20,655,7,134397.61,28029.54,0,0,0,0.2493,4106.93,1023.86,4.7947,0.35,1.05,134397.61
15640769,1,17,2,3,63,660,8,137841.53,42790.29,1,1,0,0.3051,4260.25,1299.8,3.2213,0.127,4.2,137841.53
15606641,2,14,6,1,56,762,10,100260.88,77142.42,1,1,1,0.9797,3282.83,3216.19,1.2997,0.1786,4.5,33420.29
15718280,2,7,4,3,39,662,5,139822.11,146219.9,1,1,0,0.1559,4394.66,685.13,0.9562,0.1282,3.75,69911.05
15764335,2,26,4,2,41,463,8,123151.51,70127.93,0,1,0,0.3914,3894.55,1524.33,1.7561,0.1951,2.2,61575.76
15634218,2,1,4,3,27,501,4,95331.83,132104.76,0,1,0,0.1311,3059.95,401.16,0.7216,0.1481,1.6,47665.92
15808760,3,27,2,2,42,603,6,0.0,90437.87,1,1,0,0.484,125.0,60.5,0.0,0.1429,3.9,0.0
15648461,3,8,4,3,37,688,7,138162.41,113926.31,1,1,0,0.1648,4344.87,716.03,1.2127,0.1892,4.05,69081.2
15593555,1,6,4,3,38,430,9,0.0,12050.77,1,1,0,0.0462,200.0,9.24,0.0,0.2368,4.35,0.0
15569079,2,12,2,1,48,632,6,126066.26,64345.61,0,1,1,0.9306,3906.99,3635.84,1.9592,0.125,1.9,126066.26
15800736,3,27,2,2,42,601,4,96763.89,199242.65,1,1,0,0.4615,3027.92,1397.39,0.4857,0.0952,3.6,96763.89
15792607,1,29,3,3,38,769,2,0.0,75578.67,0,0,0,0.1708,150.0,25.62,0.0,0.0526,0.3,0.0
15640034,1,6,2,2,42,551,2,139561.46,43435.43,0,1,1,0.5325,4311.84,2296.05,3.213,0.0476,1.3,139561.46
15807563,1,35,1,1,52,841,5,0.0,183239.71,0,0,1,0.9584,75.0,71.88,0.0,0.0962,0.75,0.0
15684461,3,26,2,2,31,469,6,0.0,146213.75,0,1,1,0.6333,125.0,79.16,0.0,0.1935,1.9,0.0
15580134,3,1,2,3,27,479,2,172463.45,40315.27,1,1,0,0.1803,5298.9,955.39,4.2778,0.0741,3.3,172463.45
15679075,1,8,2,3,37,701,8,107798.85,16966.73,0,1,0,0.3183,3358.97,1069.16,6.3532,0.2162,2.2,107798.85
15742504,1,7,4,3,36,593,2,70181.48,80608.12,0,1,0,0.1849,2305.44,426.28,0.8706,0.0556,1.3,35090.74
15567328,3,8,1,3,38,738,5,177997.07,19233.41,1,0,0,0.3346,5414.91,1811.83,9.2541,0.1316,2.75,177997.07
15698294,3,7,4,3,31,635,1,0.0,135382.23,0,1,0,0.0469,200.0,9.38,0.0,0.0323,1.15,0.0
15607142,1,7,2,3,32,658,8,0.0,80410.68,1,1,0,0.1927,125.0,24.09,0.0,0.25,4.2,0.0
15738516,3,28,2,2,36,687,5,0.0,17696.22,0,1,0,0.6249,125.0,78.11,0.0,0.1389,1.75,0.0
15806403,1,7,4,3,37,650,9,0.0,17974.08,0,1,0,0.0723,200.0,14.46,0.0,0.2432,2.35,0.0
15656707,3,3,2,3,21,720,2,123200.78,180712.28,1,1,0,0.1611,3821.02,615.57,0.6817,0.0952,3.3,123200.78
15653715,1,37,4,3,63,602,7,0.0,56323.21,1,1,0,0.1096,200.0,21.92,0.0,0.1111,4.05,0.0
15806184,3,7,4,3,33,618,4,0.0,77550.18,1,1,0,0.0454,200.0,9.08,0.0,0.1212,3.6,0.0
15585734,2,10,4,3,41,803,9,137742.9,166957.82,1,1,0,0.0649,4332.29,281.17,0.825,0.2195,4.35,68871.45
15725639,1,39,2,2,63,793,9,116270.72,184243.25,1,1,0,0.3976,3613.12,1436.58,0.6311,0.1429,4.35,116270.72
15618401,2,7,4,3,41,616,10,113220.2,114072.91,1,1,0,0.1767,3596.61,635.52,0.9925,0.2439,4.5,56610.1
15785385,3,11,4,2,51,550,5,0.0,153917.41,0,1,0,0.4629,200.0,92.58,0.0,0.098,1.75,0.0
15734762,1,32,6,1,56,602,3,115895.22,4176.17,0,1,1,0.9931,3751.86,3725.97,27.7449,0.0536,1.45,38631.74
15767129,1,36,2,2,60,452,6,121730.49,142963.29,1,1,0,0.5267,3776.91,1989.3,0.8515,0.1,3.9,121730.49
15797204,3,22,3,3,28,655,3,113811.85,76844.23,1,0,0,0.2355,3564.36,839.41,1.4811,0.1071,2.45,56905.92
15769272,1,21,1,3,26,510,6,136214.08,159742.33,0,0,0,0.3193,4161.42,1328.74,0.8527,0.2308,0.9,136214.08
15771966,1,6,2,2,39,557,8,146200.01,177944.64,0,1,0,0.4721,4511.0,2129.64,0.8216,0.2051,2.2,146200.01
15691952,1,8,2,3,37,676,10,106242.67,166678.28,1,1,0,0.0934,3312.28,309.37,0.6374,0.2703,4.5,106242.67
15593250,1,22,4,3,29,640,4,0.0,44904.26,0,1,0,0.0798,200.0,15.96,0.0,0.1379,1.6,0.0
15605333,3,6,2,2,31,529,6,0.0,10625.91,0,1,0,0.486,125.0,60.75,0.0,0.1935,1.9,0.0
15800083,1,11,1,1,45,559,8,24043.45,169781.45,1,0,1,0.7811,796.3,621.99,0.1416,0.1778,3.2,24043.45
15575691,1,33,3,3,58,689,5,0.0,49848.86,1,0,0,0.2522,150.0,37.83,0.0,0.0862,2.75,0.0
15689886,2,7,6,1,39,626,10,132287.92,51467.92,1,1,1,0.9808,4243.64,4162.16,2.5702,0.2564,4.5,44095.97
15809838,3,8,3,3,30,697,1,0.0,735.79,0,0,0,0.042,150.0,6.3,0.0,0.0333,0.15,0.0
15736154,1,30,3,3,44,823,1,0.0,182495.7,1,0,0,0.1524,150.0,22.86,0.0,0.0227,2.15,0.0
15767391,2,26,3,3,32,565,4,90322.99,118740.37,1,0,0,0.176,2859.69,503.31,0.7607,0.125,2.6,45161.5
15704910,3,2,4,3,23,631,3,0.0,13813.24,0,1,0,0.058,200.0,11.6,0.0,0.1304,1.45,0.0
15656613,1,27,1,3,34,646,3,131283.11,130500.65,0,0,0,0.277,4013.49,1111.74,1.006,0.0882,0.45,131283.11
15611551,3,13,3,2,48,676,1,131659.59,14152.15,1,0,0,0.4855,4099.79,1990.45,9.3025,0.0208,2.15,65829.8
15732430,3,35,2,1,54,850,4,120952.74,66963.15,0,1,0,0.9084,3753.58,3409.75,1.8062,0.0741,1.6,120952.74
15741865,1,30,2,3,38,810,9,153166.17,93261.69,1,1,0,0.2525,4719.99,1191.8,1.6423,0.2368,4.35,153166.17
15634143,3,7,1,3,30,581,0,53291.86,196582.28,0,0,0,0.2516,1673.76,421.12,0.2711,0.0,0.0,53291.86
15609676,1,28,2,3,35,718,2,167924.95,43024.64,0,1,0,0.3178,5162.75,1640.72,3.9029,0.0571,1.3,167924.95
15761600,1,8,2,3,43,713,5,86394.14,130001.13,1,1,0,0.3319,2716.82,901.71,0.6646,0.1163,3.75,86394.14
15676404,1,33,2,1,50,672,1,0.0,12106.82,0,1,1,0.9464,125.0,118.3,0.0,0.02,1.15,0.0
15659236,3,9,4,3,33,781,3,0.0,42556.33,1,1,0,0.0284,200.0,5.68,0.0,0.0909,3.45,0.0
15690440,3,12,4,3,47,656,1,0.0,197961.93,1,1,0,0.111,200.0,22.2,0.0,0.0213,3.15,0.0
15694601,1,27,2,3,31,583,4,158978.79,12538.92,0,1,0,0.2916,4894.36,1427.2,12.6778,0.129,1.6,158978.79
15812262,2,30,2,1,37,808,2,100431.84,35140.49,0,1,1,0.734,3137.96,2303.26,2.8579,0.0541,1.3,100431.84
15762821,3,8,3,3,33,721,5,0.0,117626.9,1,0,0,0.0424,150.0,6.36,0.0,0.1515,2.75,0.0
15669301,2,24,2,2,29,778,6,150358.97,62454.01,0,1,1,0.572,4635.77,2651.66,2.4075,0.2069,1.9,150358.97
15672640,3,35,4,3,45,850,4,114347.85,109089.04,1,1,0,0.229,3630.44,831.37,1.0482,0.0889,3.6,57173.92
15750458,1,28,3,3,39,693,4,0.0,142331.39,1,0,0,0.1513,150.0,22.7,0.0,0.1026,2.6,0.0
15627251,1,6,2,3,34,520,4,134007.9,193209.11,1,1,0,0.2838,4145.24,1176.42,0.6936,0.1176,3.6,134007.9
15764294,2,9,2,3,31,759,4,98899.91,47832.82,1,1,0,0.3185,3092.0,984.8,2.0676,0.129,3.6,98899.91
15659962,1,17,4,3,60,637,3,0.0,70174.03,1,1,0,0.1669,200.0,33.38,0.0,0.05,3.45,0.0
15788536,2,9,3,3,40,755,2,137430.82,176768.59,0,0,0,0.2417,4272.92,1032.76,0.7775,0.05,0.3,68715.41
15596979,1,32,4,3,47,662,6,0.0,129392.75,1,1,0,0.2089,200.0,41.78,0.0,0.1277,3.9,0.0
15681220,1,26,4,3,37,503,8,0.0,97893.32,1,1,0,0.1257,200.0,25.14,0.0,0.2162,4.2,0.0
15635097,2,7,3,3,39,599,2,188976.89,176142.09,1,0,0,0.1808,5819.31,1052.13,1.0729,0.0513,2.3,94488.44
15780779,3,27,4,3,40,583,4,0.0,114093.73,0,1,0,0.1636,200.0,32.72,0.0,0.1,1.6,0.0
15798470,3,34,2,1,48,764,1,75990.97,158323.81,0,1,1,0.8929,2404.73,2147.18,0.48,0.0208,1.15,75990.97
15760880,1,1,3,3,29,513,10,0.0,25514.77,1,0,0,0.0536,150.0,8.04,0.0,0.3448,3.5,0.0
15616929,3,18,1,2,62,730,5,112181.08,61513.87,1,0,0,0.4585,3440.43,1577.44,1.8236,0.0806,2.75,112181.08
15758775,3,10,2,3,34,820,10,97208.46,59553.34,1,1,0,0.0867,3041.25,263.68,1.6323,0.2941,4.5,97208.46
15663386,3,22,4,3,26,597,7,0.0,110253.2,0,1,0,0.0571,200.0,11.42,0.0,0.2692,2.05,0.0
15621267,1,7,1,2,32,637,5,0.0,148769.08,0,0,0,0.3724,75.0,27.93,0.0,0.1562,0.75,0.0
15720509,1,8,1,3,34,696,9,150856.79,8236.78,1,0,0,0.108,4600.7,496.88,18.3128,0.2647,3.35,150856.79
15693322,2,27,1,2,37,635,9,146748.07,11407.58,1,0,0,0.5588,4477.44,2501.99,12.863,0.2432,3.35,146748.07
15589544,3,33,4,3,57,673,4,0.0,49684.09,1,1,0,0.2149,200.0,42.98,0.0,0.0702,3.6,0.0
15772030,3,7,3,3,33,662,3,0.0,68064.83,1,0,0,0.038,150.0,5.7,0.0,0.0909,2.45,0.0
15693337,3,8,2,3,41,683,0,148863.17,163911.32,1,1,0,0.2399,4590.9,1101.36,0.9082,0.0,3.0,148863.17
15676571,1,15,2,1,55,850,6,0.0,944.41,0,1,1,0.9485,125.0,118.56,0.0,0.1091,1.9,0.0
15701392,3,5,3,3,28,815,6,0.0,185547.71,1,0,0,0.0257,150.0,3.86,0.0,0.2143,2.9,0.0
15741092,3,8,2,3,34,671,10,153360.02,140509.86,0,1,0,0.2575,4725.8,1216.89,1.0914,0.2941,2.5,153360.02
15643865,1,27,1,2,40,601,3,92055.36,164652.02,1,0,1,0.5265,2836.66,1493.5,0.5591,0.075,2.45,92055.36
15769389,2,28,2,1,39,709,9,124723.92,73641.86,0,1,0,0.7658,3866.72,2961.13,1.6936,0.2308,2.35,124723.92
15807768,2,3,2,3,28,702,1,103033.83,40321.87,1,1,0,0.2764,3216.01,888.91,2.5552,0.0357,3.15,103033.83
15801630,1,6,4,3,40,558,6,0.0,173844.89,0,1,0,0.0683,200.0,13.66,0.0,0.15,1.9,0.0
15705034,3,8,4,3,40,691,1,0.0,145613.17,1,1,0,0.0371,200.0,7.42,0.0,0.025,3.15,0.0
15763107,1,28,2,3,30,700,9,0.0,174971.64,1,1,0,0.3229,125.0,40.36,0.0,0.3,4.35,0.0
15667085,1,7,4,3,33,667,4,0.0,131834.75,1,1,0,0.0314,200.0,6.28,0.0,0.1212,3.6,0.0
15647008,2,12,2,1,54,624,3,116726.22,110498.1,0,1,1,0.967,3626.79,3507.11,1.0564,0.0556,1.45,116726.22
15584505,1,22,3,3,23,580,5,113923.81,196241.43,0,0,0,0.2334,3567.71,832.7,0.5805,0.2174,0.75,56961.9
15748068,3,26,4,3,31,571,3,0.0,194667.92,1,1,0,0.0721,200.0,14.42,0.0,0.0968,3.45,0.0
15663964,1,6,4,3,37,561,5,0.0,83093.25,0,1,0,0.0578,200.0,11.56,0.0,0.1351,1.75,0.0
15782311,1,1,4,3,28,529,9,0.0,52545.24,1,1,0,0.0447,200.0,8.94,0.0,0.3214,4.35,0.0
15588197,1,8,3,3,36,670,7,0.0,59571.5,0,0,0,0.0834,150.0,12.51,0.0,0.1944,1.05,0.0
15610105,2,22,4,3,21,666,1,121827.43,99818.31,1,1,0,0.0773,3854.82,297.98,1.2205,0.0476,3.15,60913.72
15606133,3,7,3,3,42,628,7,0.0,172967.87,1,0,0,0.0647,150.0,9.7,0.0,0.1667,3.05,0.0
15599403,1,16,4,2,60,577,10,125389.7,178616.73,1,1,0,0.3529,3961.69,1398.08,0.702,0.1667,4.5,62694.85
15648225,3,27,1,3,38,652,1,103895.31,159649.44,1,0,0,0.2999,3191.86,957.24,0.6508,0.0263,2.15,103895.31
15608406,1,3,2,3,26,678,5,111128.04,60941.27,0,1,1,0.3237,3458.84,1119.63,1.8235,0.1923,1.75,111128.04
15633378,3,33,4,2,49,692,9,0.0,178342.63,0,1,0,0.3978,200.0,79.56,0.0,0.1837,2.35,0.0
15664759,3,8,4,3,32,675,10,0.0,191545.65,0,1,0,0.0292,200.0,5.84,0.0,0.3125,2.5,0.0
15625545,3,13,2,1,52,712,9,0.0,117977.45,1,1,1,0.6864,125.0,85.8,0.0,0.1731,4.35,0.0
15772148,2,27,1,2,37,639,5,151242.48,49637.65,1,0,0,0.4509,4612.27,2079.67,3.0469,0.1351,2.75,151242.48
15810829,1,12,2,1,48,618,7,0.0,13921.82,0,1,1,0.9019,125.0,112.74,0.0,0.1458,2.05,0.0
15731669,1,6,2,3,39,554,2,129709.62,173197.12,0,1,0,0.343,4016.29,1377.59,0.7489,0.0513,1.3,129709.62
15738634,1,11,2,2,47,533,9,83347.25,137696.25,1,1,0,0.5422,2625.42,1423.5,0.6053,0.1915,4.35,83347.25
15737571,3,21,1,3,28,540,6,84121.04,80698.54,1,0,0,0.1876,2598.63,487.5,1.0424,0.2143,2.9,84121.04
15667602,3,8,4,3,33,704,3,0.0,73018.74,0,1,0,0.0588,200.0,11.76,0.0,0.0909,1.45,0.0
15684147,1,8,2,3,43,678,5,102338.19,79649.62,1,1,0,0.2929,3195.15,935.86,1.2848,0.1163,3.75,102338.19
15789874,1,23,3,3,29,712,3,87375.78,166194.53,0,0,0,0.2015,2771.27,558.41,0.5257,0.1034,0.45,43687.89
15757952,1,7,6,1,44,651,2,0.0,102530.35,0,1,1,0.9624,275.0,264.66,0.0,0.0455,1.3,0.0
15698732,2,14,2,1,51,789,3,104677.09,74265.38,0,1,0,0.9503,3265.31,3103.02,1.4095,0.0588,1.45,104677.09
15714355,2,9,1,2,32,775,8,121669.23,125898.39,1,0,0,0.4358,3725.08,1623.39,0.9664,0.25,3.2,121669.23
15599090,2,6,2,2,40,564,7,108407.34,83681.2,1,1,0,0.5349,3377.22,1806.47,1.2955,0.175,4.05,108407.34
15762048,2,30,4,3,33,841,7,154969.79,99505.75,1,1,0,0.0505,4849.09,244.88,1.5574,0.2121,4.05,77484.9
15790596,3,10,2,3,39,850,0,141829.67,92748.16,1,1,0,0.1835,4379.89,803.71,1.5292,0.0,3.0,141829.67
15609623,1,37,2,1,63,637,5,0.0,28092.77,0,1,1,0.9537,125.0,119.21,0.0,0.0794,1.75,0.0
15711901,1,11,2,2,45,500,2,109162.82,126145.08,1,1,0,0.4975,3399.88,1691.44,0.8654,0.0444,3.3,109162.82
15779809,1,7,1,2,44,655,8,87471.63,188593.98,1,0,0,0.5032,2699.15,1358.21,0.4638,0.1818,3.2,87471.63
15729018,1,27,2,3,33,666,2,147229.65,56410.17,1,1,0,0.2218,4541.89,1007.39,2.6099,0.0606,3.3,147229.65
15698246,1,22,4,3,24,658,2,0.0,84694.49,1,1,0,0.0428,200.0,8.56,0.0,0.0833,3.3,0.0
15712409,2,19,4,3,66,749,6,182532.23,195429.92,1,1,0,0.1375,5675.97,780.45,0.934,0.0909,3.9,91266.12
15758306,1,7,4,3,32,654,6,0.0,137898.57,1,1,0,0.0338,200.0,6.76,0.0,0.1875,3.9,0.0
15621435,1,27,1,2,39,623,1,160903.2,78774.36,0,0,0,0.3753,4902.1,1839.76,2.0426,0.0256,0.15,160903.2
15566295,1,29,4,3,33,761,6,138053.79,148779.41,0,1,0,0.2416,4341.61,1048.93,0.9279,0.1818,1.9,69026.9
15569098,1,7,1,2,44,627,6,153548.12,35300.08,0,0,1,0.5814,4681.44,2721.79,4.3497,0.1364,0.9,153548.12
15662532,2,9,4,3,31,757,8,149085.9,197077.36,1,1,0,0.0347,4672.58,162.14,0.7565,0.2581,4.2,74542.95
15664001,2,33,1,1,53,695,8,95231.91,70140.8,0,0,1,0.945,2931.96,2770.7,1.3577,0.1509,1.2,95231.91
15703437,1,8,4,3,34,726,3,0.0,196288.46,0,1,0,0.0527,200.0,10.54,0.0,0.0882,1.45,0.0
15708003,3,7,2,2,41,587,8,85109.21,1557.82,0,1,0,0.4988,2678.28,1335.93,54.5985,0.1951,2.2,85109.21
15599452,2,27,4,2,43,605,8,125338.8,23970.13,0,1,0,0.5354,3960.16,2120.27,5.2287,0.186,2.2,62669.4
15719793,3,20,4,3,62,850,5,0.0,180243.56,1,1,0,0.0843,200.0,16.86,0.0,0.0806,3.75,0.0
15771580,1,30,1,3,38,850,0,106831.69,148977.72,1,0,0,0.2386,3279.95,782.6,0.7171,0.0,2.0,106831.69
15732268,1,4,2,3,29,751,3,159597.45,39934.41,0,1,0,0.2597,4912.92,1275.89,3.9964,0.1034,1.45,159597.45
15722350,2,27,2,2,37,627,7,147361.57,133031.96,1,1,0,0.5922,4545.85,2692.05,1.1077,0.1892,4.05,147361.57
15611371,1,8,2,2,43,736,4,176134.54,52856.88,1,1,0,0.3684,5409.04,1992.69,3.3322,0.093,3.6,176134.54
15673584,1,37,4,3,74,652,5,0.0,937.15,1,1,0,0.0694,200.0,13.88,0.0,0.0676,3.75,0.0
15636396,1,27,3,3,35,627,7,0.0,193022.44,1,0,0,0.1332,150.0,19.98,0.0,0.2,3.05,0.0
15706170,1,7,1,3,34,636,1,84055.43,37490.84,0,0,0,0.1105,2596.66,286.93,2.242,0.0294,0.15,84055.43
15725478,1,19,4,3,60,775,7,0.0,111558.7,1,1,0,0.1207,200.0,24.14,0.0,0.1167,4.05,0.0
15654562,3,35,8,1,45,850,5,174088.3,5669.31,0,1,1,0.9875,5572.65,5502.99,30.7017,0.1111,1.75,43522.08
15737509,3,10,1,2,34,850,8,199229.14,68106.29,0,0,0,0.5265,6051.87,3186.31,2.9252,0.2353,1.2,199229.14
15690796,1,6,2,2,37,516,8,0.0,101834.58,0,1,0,0.549,125.0,68.62,0.0,0.2162,2.2,0.0
15716728,3,26,3,3,42,513,10,0.0,73151.25,1,0,0,0.1651,150.0,24.76,0.0,0.2381,3.5,0.0
15605665,2,38,4,3,69,673,3,78833.15,37196.15,1,1,0,0.1768,2564.99,453.49,2.1193,0.0435,3.45,39416.57
15748481,1,21,1,3,27,564,6,0.0,7819.76,0,0,0,0.3001,75.0,22.51,0.0,0.2222,0.9,0.0
15757777,1,27,4,3,35,636,2,0.0,23129.46,1,1,0,0.1117,200.0,22.34,0.0,0.0571,3.3,0.0
15747808,1,3,2,3,29,712,3,102540.61,189680.79,1,1,0,0.1536,3201.22,491.71,0.5406,0.1034,3.45,102540.61
15810593,1,11,6,1,51,568,4,0.0,66586.56,1,1,0,0.9173,275.0,252.26,0.0,0.0784,3.6,0.0
15693376,3,9,4,2,43,741,0,0.0,2920.63,1,1,1,0.3565,200.0,71.3,0.0,0.0,3.0,0.0
15579808,2,29,2,2,39,754,8,129401.87,87684.93,1,1,0,0.6355,4007.06,2546.49,1.4757,0.2051,4.2,129401.87
15598275,1,28,4,3,32,709,7,0.0,199418.02,1,1,0,0.0649,200.0,12.98,0.0,0.2188,4.05,0.0
15737080,1,26,3,3,32,510,1,0.0,28515.17,1,0,0,0.0677,150.0,10.15,0.0,0.0312,2.15,0.0
15668580,3,8,4,3,33,716,2,0.0,92916.53,1,1,0,0.0439,200.0,8.78,0.0,0.0606,3.3,0.0
15569438,2,7,3,3,36,607,10,106702.94,198313.69,0,0,0,0.0642,3351.09,215.14,0.538,0.2778,1.5,53351.47
15675842,3,2,2,3,26,656,4,139584.57,36308.93,0,1,0,0.2978,4312.54,1284.27,3.8443,0.1538,1.6,139584.57
15577587,2,11,2,1,52,550,5,121016.23,41730.37,1,1,1,0.8446,3755.49,3171.89,2.8999,0.0962,3.75,121016.23
15625592,1,1,4,3,26,486,2,0.0,31399.4,1,1,0,0.0336,200.0,6.72,0.0,0.0769,3.3,0.0
15635141,2,12,3,1,59,598,8,118210.42,60192.14,0,0,1,0.9522,3696.31,3519.63,1.9639,0.1356,1.2,59105.21
15642570,3,8,4,3,35,675,8,0.0,29062.25,0,1,0,0.0622,200.0,12.44,0.0,0.2286,2.2,0.0
15702175,1,24,4,3,29,755,4,148654.84,28805.09,1,1,0,0.1736,4659.65,808.92,5.1605,0.1379,3.6,74327.42
15677785,3,7,2,3,32,656,5,136963.12,133814.28,0,1,0,0.27,4233.89,1143.15,1.0235,0.1562,1.75,136963.12
15786153,2,12,4,1,47,644,9,137774.11,151902.78,0,1,0,0.7082,4333.22,3068.79,0.907,0.1915,2.35,68887.05
15759499,1,27,2,3,32,598,4,111156.52,167376.26,1,1,0,0.2613,3459.7,904.02,0.6641,0.125,3.6,111156.52
15659568,3,30,2,3,31,850,3,121237.65,31022.56,1,1,0,0.1261,3762.13,474.4,3.9079,0.0968,3.45,121237.65
15715597,1,8,2,3,36,679,1,97234.58,188997.08,0,1,0,0.302,3042.04,918.7,0.5145,0.0278,1.15,97234.58
15610147,1,17,3,3,60,632,2,0.0,2085.32,1,0,0,0.1876,150.0,28.14,0.0,0.0333,2.3,0.0
15802362,3,11,3,3,45,550,0,0.0,70399.71,1,0,0,0.2447,150.0,36.7,0.0,0.0,2.0,0.0
15660524,2,31,2,1,54,572,9,97382.53,195771.95,1,1,0,0.8521,3046.48,2595.91,0.4974,0.1667,4.35,97382.53
15747168,2,32,1,1,47,626,2,103108.8,166475.44,1,0,1,0.9087,3168.26,2879.0,0.6194,0.0426,2.3,103108.8
15796910,3,32,1,1,57,625,7,0.0,84106.17,0,0,1,0.9672,75.0,72.54,0.0,0.1228,1.05,0.0
15707674,1,31,2,1,58,515,2,131852.81,81436.68,0,1,1,0.9232,4080.58,3767.19,1.6191,0.0345,1.3,131852.81
15565706,3,7,2,3,35,612,1,0.0,83256.26,1,1,1,0.3428,125.0,42.85,0.0,0.0286,3.15,0.0
15587596,3,27,2,2,39,628,8,107553.33,117523.41,0,1,0,0.4594,3351.6,1539.73,0.9152,0.2051,2.2,107553.33
15751943,3,26,3,3,43,529,5,0.0,79476.63,0,0,0,0.3085,150.0,46.28,0.0,0.1163,0.75,0.0
15621227,2,32,2,1,46,668,7,161806.09,173052.19,1,1,0,0.6941,4979.18,3456.05,0.935,0.1522,4.05,161806.09
15757588,1,6,3,3,30,526,9,0.0,100995.68,0,0,0,0.0662,150.0,9.93,0.0,0.3,1.35,0.0
15640922,1,34,2,1,52,791,7,0.0,122782.5,1,1,0,0.724,125.0,90.5,0.0,0.1346,4.05,0.0
15567557,1,1,2,3,27,573,2,128243.03,11631.34,1,1,0,0.1579,3972.29,627.22,11.0247,0.0741,3.3,128243.03
15670103,1,26,2,3,38,565,5,126645.13,168303.55,1,1,0,0.336,3924.35,1318.58,0.7525,0.1316,3.75,126645.13
15720929,1,32,5,1,47,604,8,62094.71,9308.1,0,0,1,0.9873,2087.84,2061.32,6.6703,0.1702,1.2,20698.24
15732774,1,7,2,3,37,656,7,112291.34,153157.97,0,1,0,0.3011,3493.74,1051.97,0.7332,0.1892,2.05,112291.34
15628558,1,26,2,2,44,447,5,89188.83,75408.24,1,1,0,0.4048,2800.66,1133.71,1.1827,0.1136,3.75,89188.83
15729201,1,13,2,1,55,682,9,0.0,153356.8,0,1,1,0.9377,125.0,117.21,0.0,0.1636,2.35,0.0
15731117,3,1,2,3,28,437,2,109161.25,152987.42,0,1,0,0.2568,3399.84,873.08,0.7135,0.0714,1.3,109161.25
15615207,3,14,2,1,47,792,0,0.0,5557.88,1,1,1,0.8218,125.0,102.72,0.0,0.0,3.0,0.0
15773512,3,22,2,2,25,627,4,0.0,194313.93,1,1,0,0.4153,125.0,51.91,0.0,0.16,3.6,0.0
15572145,1,29,4,3,34,767,8,0.0,94767.77,0,1,0,0.0966,200.0,19.32,0.0,0.2353,2.2,0.0
15642710,1,3,4,3,26,686,7,0.0,1540.89,0,1,0,0.0413,200.0,8.26,0.0,0.2692,2.05,0.0
15574213,1,34,2,2,53,789,1,158271.74,5036.39,1,1,1,0.647,4873.15,3152.93,31.4194,0.0189,3.15,158271.74
15718852,1,14,2,2,56,794,9,96951.21,71776.76,1,1,0,0.4395,3033.54,1333.24,1.3507,0.1607,4.35,96951.21
15583840,2,7,2,2,35,587,5,121863.61,23481.69,1,1,1,0.5356,3780.91,2025.06,5.1895,0.1429,3.75,121863.61
15782418,2,22,2,3,19,589,9,83495.11,143022.31,1,1,1,0.2784,2629.85,732.15,0.5838,0.4737,4.35,83495.11
15813504,2,21,1,3,25,543,1,146566.01,161407.48,1,0,0,0.3323,4471.98,1486.04,0.908,0.04,2.15,146566.01
15711314,3,32,1,1,45,589,1,0.0,125939.22,0,0,1,0.903,75.0,67.73,0.0,0.0222,0.15,0.0
15621064,2,3,4,3,23,701,5,186101.18,76611.33,1,1,0,0.1246,5783.04,720.57,2.4291,0.2174,3.75,93050.59
15627847,1,10,2,1,40,850,6,0.0,136985.08,0,1,1,0.6818,125.0,85.22,0.0,0.15,1.9,0.0
15588090,2,33,4,1,51,726,8,107494.86,140937.91,0,1,1,0.9209,3424.85,3153.94,0.7627,0.1569,2.2,53747.43
15735270,3,14,2,1,47,767,2,0.0,48161.18,0,1,1,0.8922,125.0,111.52,0.0,0.0426,1.3,0.0
15671804,3,7,4,3,36,648,8,146943.38,130041.45,1,1,0,0.1144,4608.3,527.19,1.13,0.2222,4.2,73471.69
15753215,3,27,4,3,36,651,8,0.0,91652.43,0,1,0,0.1518,200.0,30.36,0.0,0.2222,2.2,0.0
15789941,1,27,1,2,36,633,6,125130.28,125961.48,0,0,0,0.3812,3828.91,1459.58,0.9934,0.1667,0.9,125130.28
15691061,1,29,4,3,37,740,9,0.0,73225.31,1,1,0,0.123,200.0,24.6,0.0,0.2432,4.35,0.0
15808326,1,27,4,3,34,592,9,0.0,20460.2,1,1,0,0.0729,200.0,14.58,0.0,0.2647,4.35,0.0
15566660,1,28,6,1,41,670,10,0.0,81602.02,0,1,0,0.7488,275.0,205.92,0.0,0.2439,2.5,0.0
15778947,1,7,4,3,36,628,3,0.0,8742.91,1,1,0,0.0457,200.0,9.14,0.0,0.0833,3.45,0.0
15632977,1,14,3,3,47,745,5,0.0,145789.71,0,0,0,0.2494,150.0,37.41,0.0,0.1064,0.75,0.0
15591747,1,8,3,3,32,705,3,0.0,129576.99,0,0,0,0.0481,150.0,7.22,0.0,0.0938,0.45,0.0
15567335,1,26,4,3,42,559,7,0.0,190040.29,1,1,0,0.1371,200.0,27.42,0.0,0.1667,4.05,0.0
15609299,1,2,2,3,29,595,6,150685.79,87771.06,0,1,0,0.294,4645.57,1365.8,1.7168,0.2069,1.9,150685.79
15669945,1,6,4,3,35,492,4,141359.37,39519.53,0,1,0,0.2024,4440.78,898.81,3.5769,0.1143,1.6,70679.68
15736271,1,21,2,2,29,498,9,0.0,190035.83,0,1,0,0.4785,125.0,59.81,0.0,0.3103,2.35,0.0
15710390,1,27,4,2,39,655,6,94631.26,148948.52,1,1,0,0.3747,3038.94,1138.69,0.6353,0.1538,3.9,47315.63
15756481,1,27,2,2,39,636,3,118336.14,184691.77,0,1,0,0.4836,3675.08,1777.27,0.6407,0.0769,1.45,118336.14
15736730,1,32,2,1,45,634,2,0.0,143458.31,1,1,0,0.7812,125.0,97.65,0.0,0.0444,3.3,0.0
15626040,3,19,3,3,63,793,0,0.0,27166.75,1,0,0,0.2484,150.0,37.26,0.0,0.0,2.0,0.0
15746553,2,11,1,1,50,526,5,124233.24,159456.87,1,0,1,0.8615,3802.0,3275.42,0.7791,0.1,2.75,124233.24
15622518,1,24,2,3,26,768,5,51116.26,70454.79,1,1,1,0.2797,1658.49,463.88,0.7255,0.1923,3.75,51116.26
15684908,2,16,1,2,64,540,1,91869.69,95421.0,1,0,0,0.6259,2831.09,1771.98,0.9628,0.0156,2.15,91869.69
15569446,1,28,4,3,34,732,8,122338.43,187985.85,0,1,0,0.2498,3870.15,966.76,0.6508,0.2353,2.2,61169.22
15777504,1,27,2,3,30,617,8,0.0,92621.9,1,1,0,0.3195,125.0,39.94,0.0,0.2667,4.2,0.0
15677906,3,32,1,1,54,637,5,0.0,150836.98,1,0,0,0.8988,75.0,67.41,0.0,0.0926,2.75,0.0
15703292,1,1,4,3,26,573,8,86270.93,90177.3,1,1,0,0.0697,2788.13,194.33,0.9567,0.3077,4.2,43135.46
15712938,1,6,4,3,44,531,3,0.0,34416.79,1,1,0,0.1275,200.0,25.5,0.0,0.0682,3.45,0.0
15631359,1,26,1,2,38,489,5,117289.92,85231.88,0,0,0,0.3939,3593.7,1415.56,1.3761,0.1316,0.75,117289.92
15720847,1,7,4,3,35,601,2,0.0,118983.18,1,1,0,0.0393,200.0,7.86,0.0,0.0571,3.3,0.0
15787830,2,6,2,2,33,452,7,153663.27,111868.23,0,1,0,0.4492,4734.9,2126.92,1.3736,0.2121,2.05,153663.27
15599869,3,23,2,3,29,728,1,0.0,83056.22,1,1,0,0.2004,125.0,25.05,0.0,0.0345,3.15,0.0
15592078,2,22,4,3,27,590,8,123599.49,1676.92,0,1,0,0.129,3907.98,504.13,73.6623,0.2963,2.2,61799.74
15596228,1,1,4,3,29,490,4,0.0,32089.57,0,1,0,0.0396,200.0,7.92,0.0,0.1379,1.6,0.0
15578462,3,37,2,3,76,596,9,134208.25,13455.43,1,1,0,0.0394,4151.25,163.56,9.9735,0.1184,4.35,134208.25
15756894,1,2,1,3,29,635,1,0.0,24865.54,1,0,0,0.2201,75.0,16.51,0.0,0.0345,2.15,0.0
15796167,2,9,4,3,35,782,7,98556.89,117644.36,0,1,0,0.2444,3156.71,771.5,0.8377,0.2,2.05,49278.44
15664808,3,29,5,2,37,790,3,0.0,98897.32,0,0,0,0.5615,225.0,126.34,0.0,0.0811,0.45,0.0
15664555,1,7,7,1,40,587,2,0.0,106174.7,1,0,1,0.9196,300.0,275.88,0.0,0.05,2.3,0.0
15607278,3,34,2,2,46,794,8,134593.79,46386.37,1,1,0,0.498,4162.81,2073.08,2.9015,0.1739,4.2,134593.79
15585222,1,6,4,3,41,515,8,0.0,185054.14,1,1,0,0.0714,200.0,14.28,0.0,0.1951,4.2,0.0
15750299,3,4,1,3,24,746,10,68781.82,47997.39,1,0,0,0.1961,2138.45,419.35,1.433,0.4167,3.5,68781.82
15761294,2,32,2,1,56,667,8,137464.04,130846.79,0,1,1,0.9561,4248.92,4062.39,1.0506,0.1429,2.2,137464.04
15810454,1,8,1,3,32,709,4,147307.91,40861.55,1,0,0,0.173,4494.24,777.5,3.605,0.125,2.6,147307.91
15673984,1,26,2,1,35,536,8,0.0,171840.24,0,1,1,0.6528,125.0,81.6,0.0,0.2286,2.2,0.0
15609319,1,28,2,3,41,711,3,145754.91,101455.07,1,1,0,0.3454,4497.65,1553.49,1.4366,0.0732,3.45,145754.91
15709941,1,14,6,1,46,753,8,0.0,90747.94,0,1,1,0.9584,275.0,263.56,0.0,0.1739,2.2,0.0
15580252,1,9,1,2,44,748,4,112610.77,2048.55,1,0,0,0.4415,3453.32,1524.64,54.9441,0.0909,2.6,112610.77
15741275,1,32,4,2,57,623,7,71481.79,84421.34,1,1,0,0.4292,2344.45,1006.24,0.8467,0.1228,4.05,35740.89
15707132,1,6,3,3,33,465,5,0.0,78698.09,1,0,0,0.0425,150.0,6.38,0.0,0.1515,2.75,0.0
15600708,3,27,2,3,34,640,3,77826.8,168544.85,1,1,0,0.3218,2459.8,791.56,0.4618,0.0882,3.45,77826.8
15804787,1,16,2,3,75,562,5,87140.85,39351.64,1,1,0,0.017,2739.23,46.57,2.2144,0.0667,3.75,87140.85
15690021,2,26,1,1,42,502,0,132002.7,28204.98,1,0,1,0.7848,4035.08,3166.73,4.68,0.0,2.0,132002.7
15763895,1,6,4,3,32,536,7,178011.5,22375.14,0,1,0,0.2313,5540.34,1281.48,7.9554,0.2188,2.05,89005.75
15623478,2,28,3,3,32,670,4,102954.68,134942.45,1,0,0,0.1869,3238.64,605.3,0.7629,0.125,2.6,51477.34
15797910,2,14,2,1,51,775,2,123783.25,134901.57,1,1,0,0.8212,3838.5,3152.18,0.9176,0.0392,3.3,123783.25
15577751,2,9,1,2,30,759,4,101802.67,8693.8,0,0,0,0.4709,3129.08,1473.48,11.7085,0.1333,0.6,101802.67
15781777,1,7,1,3,33,604,3,148659.48,42437.75,0,0,0,0.2149,4534.78,974.52,3.5029,0.0909,0.45,148659.48
15740527,2,39,1,1,62,766,7,142724.48,5893.23,1,0,1,0.8159,4356.73,3554.66,24.2143,0.1129,3.05,142724.48
15721251,3,26,1,2,41,554,4,112152.89,36242.19,1,0,0,0.4091,3439.59,1407.14,3.0945,0.0976,2.6,112152.89
15602994,1,31,1,2,53,487,10,89550.85,90076.85,1,0,0,0.6082,2761.53,1679.56,0.9941,0.1887,3.5,89550.85
15750769,1,8,2,3,35,725,7,75915.75,150507.43,0,1,0,0.2607,2402.47,626.32,0.5044,0.2,2.05,75915.75
15740175,2,28,3,2,42,732,2,118889.66,87422.15,0,0,0,0.44,3716.69,1635.34,1.3599,0.0476,0.3,59444.83
15679968,1,7,2,2,40,623,5,118788.57,192867.4,0,1,0,0.5038,3688.66,1858.35,0.6159,0.125,1.75,118788.57
15694404,1,29,2,2,42,781,3,156555.54,175674.01,1,1,0,0.3786,4821.67,1825.48,0.8912,0.0714,3.45,156555.54
15657529,2,13,2,1,53,714,1,99141.86,72496.05,1,1,1,0.8421,3099.26,2609.89,1.3675,0.0189,3.15,99141.86
15762882,2,26,2,3,31,577,4,61211.18,145250.43,1,1,0,0.2469,1961.34,484.25,0.4214,0.129,3.6,61211.18
15642579,3,28,2,3,37,731,1,128932.4,180712.52,1,1,0,0.2324,3992.97,927.97,0.7135,0.027,3.15,128932.4
15598884,3,22,2,3,23,650,5,0.0,180622.43,1,1,0,0.3385,125.0,42.31,0.0,0.2174,3.75,0.0
15770185,1,9,2,3,32,779,10,80728.15,86306.75,0,1,0,0.1892,2546.84,481.86,0.9354,0.3125,2.5,80728.15
15800287,3,33,4,1,46,706,2,127660.46,150156.82,0,1,1,0.7202,4029.81,2902.27,0.8502,0.0435,1.3,63830.23
15665861,3,8,1,2,44,733,3,106070.89,101617.43,1,0,0,0.4901,3257.13,1596.32,1.0438,0.0682,2.45,106070.89
15662203,2,26,4,3,42,579,3,137560.38,85424.34,1,1,0,0.2944,4326.81,1273.81,1.6103,0.0714,3.45,68780.19
15616454,2,26,1,1,34,476,8,111905.43,197221.81,1,0,1,0.6696,3432.16,2298.17,0.5674,0.2353,3.2,111905.43
15702788,1,9,2,2,40,775,9,126212.64,70196.57,0,1,0,0.5493,3911.38,2148.52,1.798,0.225,2.35,126212.64
15778149,3,16,4,2,68,538,9,0.0,110440.5,0,1,1,0.6389,200.0,127.78,0.0,0.1324,2.35,0.0
15680001,1,7,4,3,38,602,7,111835.94,124389.61,0,1,0,0.287,3555.08,1020.31,0.8991,0.1842,2.05,55917.97
15711991,1,7,3,3,30,615,8,0.0,3183.15,0,0,0,0.0533,150.0,8.0,0.0,0.2667,1.2,0.0
15633834,2,23,3,3,28,700,3,99705.69,146723.72,0,0,0,0.2464,3141.17,773.98,0.6795,0.1071,0.45,49852.84
15765266,1,7,3,3,32,615,1,0.0,2139.25,0,0,0,0.0363,150.0,5.44,0.0,0.0312,0.15,0.0
15791867,2,6,1,1,44,544,2,108895.93,69228.2,0,0,1,0.8022,3341.88,2680.86,1.573,0.0455,0.3,108895.93
15675380,3,11,1,1,56,573,3,154669.77,115462.27,1,0,1,0.7019,4715.09,3309.52,1.3396,0.0536,2.45,154669.77
15770576,3,11,4,2,50,555,7,128061.0,62375.1,1,1,0,0.4032,4041.83,1629.67,2.053,0.14,4.05,64030.5
15775294,1,28,4,3,31,692,2,0.0,91829.17,0,1,1,0.1772,200.0,35.44,0.0,0.0645,1.3,0.0
15727059,1,26,3,3,40,476,4,0.0,182547.04,0,0,0,0.2463,150.0,36.94,0.0,0.1,0.6,0.0
15702499,3,14,2,2,46,770,9,190678.02,14725.36,1,1,0,0.6221,5845.34,3636.39,12.9481,0.1957,4.35,190678.02
15611699,1,27,2,1,40,641,7,0.0,126996.67,0,1,0,0.7582,125.0,94.78,0.0,0.175,2.05,0.0
15654000,1,28,2,2,35,705,5,0.0,133991.11,0,1,1,0.6374,125.0,79.68,0.0,0.1429,1.75,0.0
15657881,1,9,1,3,38,784,5,136712.91,169920.92,1,0,0,0.2199,4176.39,918.39,0.8046,0.1316,2.75,136712.91
15719991,3,33,2,1,52,727,1,154733.97,80259.67,0,1,1,0.9108,4767.02,4341.8,1.9279,0.0192,1.15,154733.97
15720687,1,26,1,2,41,576,4,112609.91,191035.18,0,0,1,0.6002,3453.3,2072.67,0.5895,0.0976,0.6,112609.91
15687079,3,17,2,1,69,646,10,115462.44,40421.87,0,1,0,0.8553,3588.87,3069.56,2.8564,0.1449,2.5,115462.44
15582276,1,7,1,3,34,638,5,133501.36,155643.04,1,0,0,0.1422,4080.04,580.18,0.8577,0.1471,2.75,133501.36
15763980,2,7,2,3,30,632,1,58668.02,78670.52,1,1,0,0.1216,1885.04,229.22,0.7457,0.0333,3.15,58668.02
15720774,3,10,2,2,44,850,7,89118.26,104240.77,0,1,1,0.6049,2798.55,1692.84,0.8549,0.1591,2.05,89118.26
15592194,1,21,4,3,28,492,9,0.0,95957.09,0,1,0,0.071,200.0,14.2,0.0,0.3214,2.35,0.0
15803685,2,38,3,3,77,673,10,76510.52,59595.66,1,0,0,0.0828,2445.32,202.47,1.2838,0.1299,3.5,38255.26
15759456,3,7,4,3,34,609,7,140694.78,46266.63,0,1,0,0.2454,4420.84,1084.87,3.0409,0.2059,2.05,70347.39
15611544,2,8,4,3,36,701,7,95448.32,189085.07,0,1,0,0.096,3063.45,294.09,0.5048,0.1944,2.05,47724.16
15794257,1,7,2,3,34,651,4,91562.99,123954.15,1,1,0,0.1221,2871.89,350.66,0.7387,0.1176,3.6,91562.99
15681697,1,6,2,3,31,508,8,72541.48,129803.08,0,1,0,0.2438,2301.24,561.04,0.5589,0.2581,2.2,72541.48
15579566,3,27,2,1,43,616,3,120867.18,18761.92,0,1,1,0.6749,3751.02,2531.56,6.4418,0.0698,1.45,120867.18
15577970,1,6,1,2,34,489,5,0.0,43540.59,0,0,0,0.3781,75.0,28.36,0.0,0.1471,0.75,0.0
15727489,3,31,2,1,45,567,1,157320.51,62193.92,0,1,0,0.717,4844.62,3473.59,2.5295,0.0222,1.15,157320.51
15764284,3,3,6,2,27,714,3,0.0,129130.09,1,1,0,0.4483,275.0,123.28,0.0,0.1111,3.45,0.0
15581811,2,28,3,3,30,678,1,139676.95,16146.0,1,0,0,0.2037,4340.31,884.12,8.6503,0.0333,2.15,69838.48
15622527,1,32,2,1,55,581,6,0.0,22442.13,1,1,0,0.7479,125.0,93.49,0.0,0.1091,3.9,0.0
15753362,3,19,4,3,60,748,3,0.0,78194.37,1,1,0,0.1423,200.0,28.46,0.0,0.05,3.45,0.0
15666652,1,24,4,3,19,781,3,0.0,124297.32,1,1,0,0.0277,200.0,5.54,0.0,0.1579,3.45,0.0
15789714,3,3,2,3,21,691,3,103000.94,104648.58,1,1,0,0.0846,3215.03,271.99,0.9842,0.1429,3.45,103000.94
15771543,2,6,2,2,31,507,2,134237.07,166423.66,1,1,1,0.4682,4152.11,1944.02,0.8066,0.0645,3.3,134237.07
15748327,2,8,3,3,34,724,6,118235.7,157137.23,0,0,0,0.1987,3697.07,734.61,0.7524,0.1765,0.9,59117.85
15754649,3,33,4,3,57,705,3,0.0,34134.14,1,1,0,0.2421,200.0,48.42,0.0,0.0526,3.45,0.0
15810460,3,38,5,1,64,708,5,0.0,112520.07,1,0,1,0.7886,225.0,177.44,0.0,0.0781,2.75,0.0
15771742,2,7,4,2,38,580,9,115442.19,128481.5,0,1,1,0.379,3663.27,1388.38,0.8985,0.2368,2.35,57721.1
15642160,1,10,4,3,38,850,5,0.0,16491.64,0,1,0,0.0422,200.0,8.44,0.0,0.1316,1.75,0.0
15798439,3,3,2,3,25,714,2,0.0,132979.43,1,1,0,0.2244,125.0,28.05,0.0,0.08,3.3,0.0
15605293,1,26,4,3,43,559,1,0.0,196645.87,1,1,0,0.1389,200.0,27.78,0.0,0.0233,3.15,0.0
15692631,3,26,1,2,44,577,8,115557.0,127506.76,1,0,0,0.436,3541.71,1544.19,0.9063,0.1818,3.2,115557.0
15665376,2,27,4,3,35,647,3,166518.63,147930.46,0,1,0,0.3275,5195.56,1701.55,1.1256,0.0857,1.45,83259.32
15772412,3,6,2,2,30,554,6,135370.12,179689.05,1,1,1,0.4754,4186.1,1990.07,0.7534,0.2,3.9,135370.12
15654577,2,11,2,1,54,549,5,92877.33,2619.64,0,1,1,0.9641,2911.32,2806.8,35.4407,0.0926,1.75,92877.33
15585427,1,21,3,3,26,528,10,102073.67,166799.93,0,0,0,0.2481,3212.21,796.95,0.6119,0.3846,1.5,51036.84
15584536,2,13,2,1,46,720,3,97042.6,133516.51,1,1,1,0.7678,3036.28,2331.26,0.7268,0.0652,3.45,97042.6
15585853,3,9,2,1,41,743,7,0.0,163736.09,0,1,1,0.6897,125.0,86.21,0.0,0.1707,2.05,0.0
15645271,2,2,3,2,24,615,8,108528.07,179488.41,0,0,1,0.4723,3405.84,1608.58,0.6046,0.3333,1.2,54264.04
15579387,2,27,3,2,44,635,2,79064.85,113291.75,1,0,0,0.4176,2521.95,1053.17,0.6979,0.0455,2.3,39532.43
15623107,3,13,6,1,45,686,3,74274.87,64907.48,0,1,1,0.9848,2503.25,2465.2,1.1443,0.0667,1.45,24758.29
15754072,3,30,4,3,36,840,6,0.0,141364.27,0,1,0,0.1539,200.0,30.78,0.0,0.1667,1.9,0.0
15666163,1,8,2,3,43,695,1,100421.1,101141.28,1,1,0,0.3427,3137.63,1075.27,0.9929,0.0233,3.15,100421.1
15765192,1,1,3,3,26,564,7,84006.88,183490.99,0,0,0,0.0487,2670.21,130.04,0.4578,0.2692,1.05,42003.44
15804822,1,30,4,3,31,805,4,0.0,4798.12,0,1,0,0.0536,200.0,10.72,0.0,0.129,1.6,0.0
15612893,3,11,2,1,45,558,4,0.0,131807.14,0,1,0,0.8618,125.0,107.72,0.0,0.0889,1.6,0.0
15593636,1,27,2,2,39,657,4,80293.81,97192.76,0,1,0,0.4841,2533.81,1226.62,0.8261,0.1026,1.6,80293.81
15693326,1,27,3,2,42,641,7,125437.14,164128.58,0,0,0,0.4989,3913.11,1952.25,0.7643,0.1667,1.05,62718.57
15809901,1,9,4,3,36,755,8,0.0,176809.87,0,1,0,0.0527,200.0,10.54,0.0,0.2222,2.2,0.0
15759751,1,11,4,3,48,483,1,0.0,110059.38,1,1,0,0.2738,200.0,54.76,0.0,0.0208,3.15,0.0
15605425,2,26,2,1,44,545,2,127536.44,108398.63,0,1,0,0.8268,3951.09,3266.76,1.1765,0.0455,1.3,127536.44
15801934,1,18,4,3,66,678,8,0.0,47117.03,1,1,0,0.0663,200.0,13.26,0.0,0.1212,4.2,0.0
15592000,2,34,2,1,48,781,9,82794.18,124720.68,0,1,1,0.9208,2608.83,2402.21,0.6638,0.1875,2.35,82794.18
15618695,3,21,1,2,22,571,3,108117.1,53328.7,1,0,0,0.3537,3318.51,1173.76,2.0273,0.1364,2.45,108117.1
15637110,3,27,2,2,35,634,10,0.0,82634.41,0,1,0,0.4356,125.0,54.45,0.0,0.2857,2.5,0.0
15727408,2,1,4,3,27,523,8,61688.61,147059.16,0,1,0,0.0611,2050.66,125.3,0.4195,0.2963,2.2,30844.3
15716328,1,26,3,3,40,501,2,0.0,141946.92,0,0,0,0.2371,150.0,35.56,0.0,0.05,0.3,0.0
15669060,1,17,4,2,74,662,6,0.0,123583.85,0,1,0,0.3936,200.0,78.72,0.0,0.0811,1.9,0.0
15675854,3,11,1,2,50,573,0,159304.07,155915.24,1,0,1,0.5246,4854.12,2546.47,1.0217,0.0,2.0,159304.07
15621116,2,7,2,2,33,648,5,138664.24,29076.27,0,1,0,0.6091,4284.93,2609.95,4.7688,0.1515,1.75,138664.24
15781495,1,22,4,3,22,662,2,126362.57,97382.8,1,1,0,0.0897,3990.88,357.98,1.2976,0.0909,3.3,63181.28
15740470,1,8,4,3,39,725,4,160652.45,57643.55,0,1,0,0.2595,5019.57,1302.58,2.7869,0.1026,1.6,80326.23
15714391,1,26,2,2,35,563,2,183572.84,66006.75,1,1,1,0.543,5632.19,3058.28,2.7811,0.0571,3.3,183572.84
15730137,1,7,1,3,31,628,0,88421.81,72350.47,0,0,0,0.1102,2727.65,300.59,1.2221,0.0,0.0,88421.81
15596455,3,31,1,1,45,546,2,0.0,197789.83,0,0,1,0.9161,75.0,68.71,0.0,0.0444,0.3,0.0
15717290,2,8,3,3,41,688,2,112871.19,65520.74,1,0,0,0.272,3536.14,961.83,1.7227,0.0488,2.3,56435.6
15616555,2,10,2,2,41,850,8,60880.68,31825.84,0,1,0,0.5094,1951.42,994.05,1.9129,0.1951,2.2,60880.68
15659820,1,27,4,3,34,614,5,0.0,185561.89,0,1,0,0.1197,200.0,23.94,0.0,0.1471,1.75,0.0
15696301,1,28,2,2,37,719,9,101455.7,25803.59,0,1,1,0.4209,3168.67,1333.69,3.9317,0.2432,2.35,101455.7
15771087,1,39,4,2,71,757,0,88084.13,154337.47,1,1,0,0.395,2842.52,1122.8,0.5707,0.0,3.0,44042.06
15808831,1,2,4,3,29,669,7,0.0,138145.62,1,1,0,0.0346,200.0,6.92,0.0,0.2414,4.05,0.0
15812241,2,11,2,1,59,438,7,127197.14,51565.98,0,1,1,0.9602,3940.91,3784.06,2.4666,0.1186,2.05,127197.14
15680370,1,6,3,3,39,492,7,0.0,71323.23,1,0,0,0.0571,150.0,8.56,0.0,0.1795,3.05,0.0
15780561,1,27,3,3,39,622,9,83456.79,38882.34,0,0,0,0.326,2653.7,865.11,2.1463,0.2308,1.35,41728.39
15800784,1,7,2,2,42,645,4,98298.18,676.06,1,1,0,0.3509,3073.95,1078.65,145.1839,0.0952,3.6,98298.18
15715796,1,8,4,3,37,728,0,0.0,72203.8,1,1,0,0.0968,200.0,19.36,0.0,0.0,3.0,0.0
15605375,1,7,2,3,35,651,2,86911.8,174094.24,0,1,0,0.2201,2732.35,601.39,0.4992,0.0571,1.3,86911.8
15621520,2,29,2,1,42,783,2,139707.28,2150.22,0,1,0,0.7304,4316.22,3152.57,64.9433,0.0476,1.3,139707.28
15665460,3,38,4,3,67,732,1,0.0,177783.04,1,1,0,0.1145,200.0,22.9,0.0,0.0149,3.15,0.0
15801152,3,26,4,2,39,553,1,142876.98,44363.42,0,1,0,0.4241,4486.31,1902.64,3.2205,0.0256,1.15,71438.49
15756425,1,7,1,3,30,660,7,146301.31,96847.91,0,0,0,0.2308,4464.04,1030.3,1.5106,0.2333,1.05,146301.31
15674328,1,28,2,2,40,670,3,47364.45,148579.43,1,1,1,0.5969,1545.93,922.77,0.3188,0.075,3.45,47364.45
15742404,1,8,4,3,38,718,7,0.0,38308.34,0,1,0,0.0591,200.0,11.82,0.0,0.1842,2.05,0.0
15757140,1,14,1,1,51,787,0,58137.08,142538.31,1,0,0,0.6911,1819.11,1257.19,0.4079,0.0,2.0,58137.08
15570051,2,29,3,2,38,775,6,179886.41,153122.58,0,0,0,0.4022,5546.59,2230.84,1.1748,0.1579,0.9,89943.2
15669175,2,1,3,3,24,479,6,107637.97,169505.83,1,0,0,0.1442,3379.14,487.27,0.635,0.25,2.9,53818.98
15790324,1,22,2,3,20,660,6,167685.56,57929.9,0,1,0,0.199,5155.57,1025.96,2.8946,0.3,1.9,167685.56
15691119,2,18,1,1,68,721,4,136525.99,175399.14,0,0,0,0.9259,4170.78,3861.73,0.7784,0.0588,0.6,136525.99
15743478,2,7,4,3,39,659,8,52106.33,107964.36,1,1,0,0.0566,1763.19,99.8,0.4826,0.2051,4.2,26053.16
15707007,1,29,2,1,39,743,8,0.0,94263.44,0,1,0,0.6727,125.0,84.09,0.0,0.2051,2.2,0.0
15572547,1,33,2,1,45,670,9,104930.38,155921.81,0,1,1,0.7622,3272.91,2494.61,0.673,0.2,2.35,104930.38
15567063,2,29,1,2,34,766,6,106434.94,137995.66,1,0,1,0.586,3268.05,1915.08,0.7713,0.1765,2.9,106434.94
15689633,3,30,2,2,38,845,2,112803.92,179631.85,0,1,0,0.3779,3509.12,1326.1,0.628,0.0526,1.3,112803.92
15720637,2,33,2,1,46,710,10,120530.34,166586.99,0,1,1,0.9481,3740.91,3546.76,0.7235,0.2174,2.5,120530.34
15616859,2,27,8,1,43,602,2,113641.49,115116.35,0,1,1,0.9933,3759.24,3734.05,0.9872,0.0465,1.3,28410.37
15766166,3,7,2,2,43,604,2,145081.72,23881.62,1,1,0,0.443,4477.45,1983.51,6.0748,0.0465,3.3,145081.72
15617655,3,26,4,3,35,564,9,0.0,105837.38,1,1,0,0.1037,200.0,20.74,0.0,0.2571,4.35,0.0
15623450,2,22,2,2,27,637,7,135842.89,101418.05,1,1,0,0.3877,4200.29,1628.45,1.3394,0.2593,4.05,135842.89
15796612,1,26,2,3,31,527,1,112203.25,182266.01,0,1,0,0.226,3491.1,788.99,0.6156,0.0323,1.15,112203.25
15795963,1,8,1,3,34,687,7,129895.19,28698.17,1,0,0,0.2051,3971.86,814.63,4.5261,0.2059,3.05,129895.19
15781598,2,9,1,1,41,756,6,149049.92,50422.36,1,0,1,0.6572,4546.5,2987.96,2.956,0.1463,2.9,149049.92
15691871,2,6,2,2,42,503,9,153279.39,151336.96,1,1,0,0.3769,4723.38,1780.24,1.0128,0.2143,4.35,153279.39
15740345,3,7,2,1,42,657,5,41473.33,112979.6,0,1,1,0.7152,1369.2,979.25,0.3671,0.119,1.75,41473.33
15662626,1,27,3,3,40,666,2,0.0,36371.27,0,0,0,0.1913,150.0,28.7,0.0,0.05,0.3,0.0
15596575,2,7,4,3,39,615,5,113193.51,52166.25,1,1,0,0.2258,3595.81,811.93,2.1698,0.1282,3.75,56596.76
15657321,2,3,4,3,27,712,8,113174.21,147261.58,0,1,0,0.129,3595.23,463.78,0.7685,0.2963,2.2,56587.1
15575955,1,24,4,3,24,764,0,0.0,88724.49,0,1,0,0.2536,200.0,50.72,0.0,0.0,1.0,0.0
15743893,1,6,2,2,42,471,3,164951.56,190531.77,0,1,0,0.5124,5073.55,2599.69,0.8657,0.0714,1.45,164951.56
15697270,3,2,2,3,27,608,4,153325.1,199953.33,1,1,0,0.2547,4724.75,1203.39,0.7668,0.1481,3.6,153325.1
15644356,3,33,2,1,47,682,10,134032.01,144290.97,0,1,0,0.8033,4145.96,3330.45,0.9289,0.2128,2.5,134032.01
15677586,2,27,4,3,32,587,3,125445.04,130514.78,1,1,0,0.1587,3963.35,628.98,0.9611,0.0938,3.45,62722.52
15571261,2,28,4,3,35,714,6,126077.43,53954.24,1,1,0,0.2936,3982.32,1169.21,2.3367,0.1714,3.9,63038.72
15698758,3,27,4,3,31,630,1,0.0,169802.73,1,1,0,0.0693,200.0,13.86,0.0,0.0323,3.15,0.0
15787014,2,22,2,2,28,648,8,90371.09,146851.73,1,1,0,0.4082,2836.13,1157.71,0.6154,0.2857,4.2,90371.09
15739857,1,29,4,3,40,785,3,0.0,96832.82,1,1,0,0.1161,200.0,23.22,0.0,0.075,3.45,0.0
15774630,2,32,2,1,47,601,1,142802.02,57553.02,1,1,0,0.8532,4409.06,3761.81,2.4812,0.0213,3.15,142802.02
15805523,1,23,1,3,28,717,1,90537.16,74800.99,1,0,0,0.1145,2791.11,319.58,1.2104,0.0357,2.15,90537.16
15749557,1,28,4,3,44,707,6,0.0,192542.17,1,1,0,0.1736,200.0,34.72,0.0,0.1364,3.9,0.0
15681180,1,24,2,3,23,771,7,156123.73,72990.62,0,1,0,0.3246,4808.71,1560.91,2.1389,0.3043,2.05,156123.73
15742028,1,27,4,3,35,602,5,0.0,31050.02,0,1,0,0.141,200.0,28.2,0.0,0.1429,1.75,0.0
15686463,1,7,2,2,38,626,7,141074.59,52795.56,0,1,1,0.4122,4357.24,1796.05,2.672,0.1842,2.05,141074.59
15654379,3,12,4,3,59,588,4,0.0,27435.41,1,1,0,0.2018,200.0,40.36,0.0,0.0678,3.6,0.0
15783629,2,27,3,2,42,616,6,117899.95,150266.81,0,0,0,0.5235,3687.0,1930.14,0.7846,0.1429,0.9,58949.98
15751193,3,7,4,3,33,621,4,0.0,40299.23,1,1,0,0.0403,200.0,8.06,0.0,0.1212,3.6,0.0
15724099,1,3,2,3,26,674,6,166257.96,149369.41,1,1,0,0.1261,5112.74,644.72,1.1131,0.2308,3.9,166257.96
15568429,3,32,4,3,46,633,3,0.0,120250.58,0,1,0,0.3428,200.0,68.56,0.0,0.0652,1.45,0.0
15648967,2,38,2,1,64,698,1,169362.43,84760.32,0,1,1,0.9351,5205.87,4868.01,1.9981,0.0156,1.15,169362.43
15664498,1,1,2,2,26,508,7,205962.0,156424.4,0,1,0,0.4648,6303.86,2930.03,1.3167,0.2692,2.05,205962.0
15779522,1,23,4,3,24,736,0,0.0,109355.73,0,1,1,0.2536,200.0,50.72,0.0,0.0,1.0,0.0
15583850,2,18,4,2,68,672,0,126061.51,184936.77,1,1,0,0.4411,3981.85,1756.39,0.6816,0.0,3.0,63030.76
15696539,1,22,2,3,21,613,7,105627.95,36560.51,1,1,0,0.0804,3293.84,264.82,2.889,0.3333,4.05,105627.95
15760121,1,8,2,3,32,712,9,100606.02,165693.06,0,1,0,0.1131,3143.18,355.49,0.6072,0.2812,2.35,100606.02
15628279,1,27,4,3,38,624,3,0.0,163666.85,1,1,0,0.1197,200.0,23.94,0.0,0.0789,3.45,0.0
15766163,1,8,3,3,38,676,1,0.0,35644.79,1,0,0,0.0493,150.0,7.4,0.0,0.0263,2.15,0.0
15566467,2,28,4,3,32,683,0,138171.1,188203.58,1,1,0,0.1217,4345.13,528.8,0.7342,0.0,3.0,69085.55
15639049,1,26,1,3,31,489,7,139395.08,6120.84,1,0,0,0.1709,4256.85,727.5,22.7701,0.2258,3.05,139395.08
15736413,1,3,4,3,29,739,1,0.0,164484.78,1,1,0,0.0179,200.0,3.58,0.0,0.0345,3.15,0.0
15634815,1,28,4,3,37,701,3,0.0,164268.28,1,1,0,0.1026,200.0,20.52,0.0,0.0811,3.45,0.0
15716381,2,32,2,1,50,666,7,109062.28,140136.1,1,1,1,0.8754,3396.87,2973.62,0.7783,0.14,4.05,109062.28
15708162,2,26,3,2,40,565,1,89994.71,121084.27,1,0,0,0.4807,2849.84,1369.92,0.7432,0.025,2.15,44997.36
15569364,1,7,4,3,36,666,3,0.0,35156.54,0,1,0,0.0711,200.0,14.22,0.0,0.0833,1.45,0.0
15791191,1,12,2,2,59,633,2,103996.74,103159.11,1,1,0,0.5787,3244.9,1877.82,1.0081,0.0339,3.3,103996.74
15621205,1,6,2,3,34,578,4,175111.11,74858.3,1,1,0,0.1902,5378.33,1022.96,2.3392,0.1176,3.6,175111.11
15704788,3,35,3,1,49,812,8,66079.45,91556.57,0,0,1,0.6972,2132.38,1486.7,0.7217,0.1633,1.2,33039.72
15775756,2,10,1,2,33,809,8,148055.74,199203.21,0,0,0,0.5221,4516.67,2358.15,0.7432,0.2424,1.2,148055.74
15641312,1,7,2,2,36,615,6,0.0,27011.8,1,1,1,0.4404,125.0,55.05,0.0,0.1667,3.9,0.0
15782531,3,28,4,3,31,684,8,0.0,188637.05,0,1,0,0.12,200.0,24.0,0.0,0.2581,2.2,0.0
15724428,1,6,4,3,40,544,8,0.0,61581.2,0,1,0,0.0898,200.0,17.96,0.0,0.2,2.2,0.0
15743617,2,13,2,1,47,713,1,95994.98,197529.23,0,1,0,0.9353,3004.85,2810.44,0.486,0.0213,1.15,95994.98
15585839,1,7,4,3,37,633,2,0.0,182258.17,0,1,0,0.0965,200.0,19.3,0.0,0.0541,1.3,0.0
15658158,2,23,2,2,23,672,10,110741.56,80778.5,0,1,0,0.5256,3447.25,1811.87,1.3709,0.4348,2.5,110741.56
15637678,1,7,2,2,35,661,5,0.0,155394.52,0,1,0,0.4175,125.0,52.19,0.0,0.1429,1.75,0.0
15701809,3,24,2,2,28,749,3,0.0,3408.7,0,1,0,0.3891,125.0,48.64,0.0,0.1071,1.45,0.0
15676937,3,27,4,3,32,635,8,0.0,19367.98,1,1,1,0.1208,200.0,24.16,0.0,0.25,4.2,0.0
15778975,2,40,6,1,70,850,1,96947.58,62282.99,0,1,1,0.985,3183.43,3135.68,1.5565,0.0143,1.15,32315.86
15710375,1,7,4,3,41,641,6,0.0,65396.79,0,1,0,0.0669,200.0,13.38,0.0,0.1463,1.9,0.0
15579914,2,7,4,3,30,633,2,109786.82,139712.81,1,1,0,0.167,3493.6,583.43,0.7858,0.0667,3.3,54893.41
15595160,3,6,4,3,35,413,2,0.0,60972.84,1,1,0,0.084,200.0,16.8,0.0,0.0571,3.3,0.0
15595391,1,6,4,3,31,538,1,0.0,1375.46,0,1,0,0.0562,200.0,11.24,0.0,0.0323,1.15,0.0
15630363,1,26,1,2,39,437,0,102721.49,22191.82,0,0,0,0.4858,3156.64,1533.5,4.6286,0.0,0.0,102721.49
15692443,3,7,2,2,33,612,5,69478.57,8973.67,0,1,1,0.4097,2209.36,905.17,7.7416,0.1515,1.75,69478.57
15593795,2,31,2,1,53,516,1,156674.2,118502.34,0,1,1,0.9467,4825.23,4568.05,1.3221,0.0189,1.15,156674.2
15642824,3,35,3,1,56,826,8,174506.1,161802.82,1,0,1,0.6648,5385.18,3580.07,1.0785,0.1429,3.2,87253.05
15683524,2,22,3,3,23,660,6,166070.48,90494.72,0,0,0,0.2504,5132.11,1285.08,1.8351,0.2609,0.9,83035.24
15713532,2,22,2,2,29,646,4,105957.44,15470.91,0,1,0,0.6394,3303.72,2112.4,6.8484,0.1379,1.6,105957.44
15719827,1,9,1,2,36,767,3,0.0,65147.27,0,0,0,0.3955,75.0,29.66,0.0,0.0833,0.45,0.0
15578435,1,7,2,3,40,640,8,110340.68,157886.6,1,1,0,0.2321,3435.22,797.31,0.6989,0.2,4.2,110340.68
15723028,1,9,4,3,33,778,1,0.0,85439.73,0,1,0,0.0455,200.0,9.1,0.0,0.0303,1.15,0.0
15595609,2,13,3,1,52,679,9,135870.01,54038.62,0,0,0,0.8416,4226.1,3556.69,2.5143,0.1731,1.35,67935.0
15622443,1,6,3,3,31,549,4,0.0,25684.85,1,0,0,0.0398,150.0,5.97,0.0,0.129,2.6,0.0
15579112,1,12,4,3,47,598,2,0.0,186116.54,1,1,0,0.1569,200.0,31.38,0.0,0.0426,3.3,0.0
15648479,1,32,4,3,45,655,0,0.0,166830.71,0,1,0,0.2633,200.0,52.66,0.0,0.0,1.0,0.0
15659234,1,6,1,3,30,494,3,85704.95,27886.06,1,0,0,0.156,2646.15,412.8,3.0733,0.1,2.45,85704.95
15811970,1,27,4,3,42,653,1,0.0,5768.32,1,1,0,0.1553,200.0,31.06,0.0,0.0238,3.15,0.0
15774192,2,26,1,1,38,539,8,105435.74,80575.44,0,0,1,0.7395,3238.07,2394.55,1.3085,0.2105,1.2,105435.74
15595136,1,27,4,3,37,645,1,0.0,68987.55,1,1,0,0.0885,200.0,17.7,0.0,0.027,3.15,0.0
15630580,2,9,4,3,34,751,9,108513.25,27097.82,1,1,0,0.1498,3455.4,517.62,4.0044,0.2647,4.35,54256.62
15660646,1,6,2,3,35,528,3,156687.1,199320.77,0,1,0,0.2838,4825.61,1369.51,0.7861,0.0857,1.45,156687.1
15614365,2,8,1,3,31,696,3,150604.52,5566.6,0,0,0,0.3426,4593.14,1573.61,27.0502,0.0968,0.45,150604.52
15776128,1,28,1,1,44,716,6,155114.9,133871.83,0,0,0,0.6932,4728.45,3277.76,1.1587,0.1364,0.9,155114.9
15787035,1,27,4,3,35,602,8,0.0,152843.53,1,1,0,0.1537,200.0,30.74,0.0,0.2286,4.2,0.0
15792646,3,37,2,3,64,647,1,91216.0,41800.18,1,1,0,0.302,2861.48,864.17,2.1821,0.0156,3.15,91216.0
15726832,2,20,2,2,61,850,3,141784.02,92053.75,1,1,0,0.6323,4378.52,2768.54,1.5402,0.0492,3.45,141784.02
15773260,1,27,2,3,32,590,0,127763.24,100717.54,0,1,0,0.2884,3957.9,1141.46,1.2685,0.0,1.0,127763.24
15624437,3,30,4,3,32,825,1,0.0,42935.15,1,1,0,0.0388,200.0,7.76,0.0,0.0312,3.15,0.0
15717138,3,10,4,3,31,850,6,82613.56,149170.92,0,1,0,0.0774,2678.41,207.31,0.5538,0.1935,1.9,41306.78
15657317,1,29,2,2,32,789,7,69423.52,107499.39,0,1,0,0.4143,2207.71,914.65,0.6458,0.2188,2.05,69423.52
15626948,1,28,2,1,42,701,6,86167.82,153342.38,0,1,0,0.661,2710.03,1791.33,0.5619,0.1429,1.9,86167.82
15758901,3,33,2,1,47,713,1,0.0,107825.08,0,1,1,0.9451,125.0,118.14,0.0,0.0213,1.15,0.0
15777759,1,6,2,3,30,570,2,131406.56,47952.45,1,1,0,0.1625,4067.2,660.92,2.7403,0.0667,3.3,131406.56
15773322,2,26,1,1,44,536,4,121898.82,131007.18,0,0,0,0.8781,3731.96,3277.03,0.9305,0.0909,0.6,121898.82
15697318,2,9,1,3,32,771,9,77487.2,33143.04,0,0,0,0.2101,2399.62,504.16,2.3379,0.2812,1.35,77487.2
15678916,1,36,2,2,75,512,2,0.0,123304.62,0,1,0,0.4673,125.0,58.41,0.0,0.0267,1.3,0.0
15632118,3,13,2,2,45,698,5,164450.94,141970.02,0,1,1,0.6217,5058.53,3144.89,1.1583,0.1111,1.75,164450.94
15788118,1,7,4,3,33,656,7,138705.02,37136.15,0,1,0,0.1808,4361.15,788.5,3.7349,0.2121,2.05,69352.51
15788930,3,9,2,3,37,761,7,132730.17,199293.01,0,1,0,0.2806,4106.91,1152.4,0.666,0.1892,2.05,132730.17
15628583,1,28,3,3,30,709,5,0.0,161388.22,1,0,0,0.1017,150.0,15.26,0.0,0.1667,2.75,0.0
15635177,3,37,2,3,66,597,3,0.0,70532.53,1,1,0,0.3269,125.0,40.86,0.0,0.0455,3.45,0.0
15587690,1,2,2,3,28,592,2,116498.22,144290.25,0,1,0,0.1598,3619.95,578.47,0.8074,0.0714,1.3,116498.22
15627630,1,27,4,3,41,599,1,0.0,96069.82,0,1,0,0.2039,200.0,40.78,0.0,0.0244,1.15,0.0
15610930,2,26,2,1,35,572,1,139979.07,185662.84,0,1,0,0.6712,4324.37,2902.52,0.7539,0.0286,1.15,139979.07
15657747,2,27,3,2,43,611,9,127216.31,17913.25,1,0,0,0.5627,3966.49,2231.94,7.1014,0.2093,3.35,63608.16
15568006,1,32,8,1,45,634,2,0.0,101039.53,0,1,1,0.988,350.0,345.8,0.0,0.0444,1.3,0.0
15751748,1,12,1,1,51,666,2,148222.65,156953.54,0,0,1,0.8673,4521.68,3921.65,0.9444,0.0392,0.3,148222.65
15722212,1,28,3,3,41,696,8,0.0,28276.83,0,0,0,0.2847,150.0,42.7,0.0,0.1951,1.2,0.0
15658670,1,27,4,3,38,669,8,0.0,84049.16,0,1,0,0.1592,200.0,31.84,0.0,0.2105,2.2,0.0
15761654,3,8,2,3,30,726,8,134152.29,147822.44,1,1,0,0.0851,4149.57,353.13,0.9075,0.2667,4.2,134152.29
15812210,2,26,8,1,32,497,8,111537.23,9497.99,1,1,1,0.9671,3696.12,3574.52,11.742,0.25,4.2,27884.31
15787051,3,29,2,2,39,750,7,119565.92,87067.73,0,1,0,0.41,3711.98,1521.91,1.3732,0.1795,2.05,119565.92
15642991,3,25,4,3,29,850,7,0.0,23237.25,0,1,0,0.0597,200.0,11.94,0.0,0.2414,2.05,0.0
15713769,3,7,2,2,38,617,7,0.0,27239.28,1,1,0,0.4232,125.0,52.9,0.0,0.1842,4.05,0.0
15605826,2,12,6,1,46,652,10,121063.8,151481.86,0,1,1,0.9862,3906.91,3852.99,0.7992,0.2174,2.5,40354.6
15648898,3,21,2,3,27,560,7,124995.98,114669.79,1,1,0,0.1547,3874.88,599.44,1.09,0.2593,4.05,124995.98
15705309,3,7,3,3,39,629,5,0.0,116748.14,0,0,0,0.0701,150.0,10.51,0.0,0.1282,0.75,0.0
15734202,2,32,2,1,52,660,4,86891.84,90877.76,0,1,0,0.9446,2731.76,2580.42,0.9561,0.0769,1.6,86891.84
15658852,1,8,4,3,38,676,8,0.0,133692.88,1,1,0,0.0377,200.0,7.54,0.0,0.2105,4.2,0.0
15612633,3,7,1,2,43,581,9,78022.61,30662.91,1,0,0,0.4344,2415.68,1049.37,2.5444,0.2093,3.35,78022.61
15604818,1,9,2,3,34,798,9,154495.79,191395.88,0,1,0,0.3135,4759.87,1492.22,0.8072,0.2647,2.35,154495.79
15593900,1,8,1,3,38,705,1,189443.72,106648.58,1,0,0,0.3228,5758.31,1858.78,1.7763,0.0263,2.15,189443.72
15624995,3,28,2,3,31,714,6,152926.6,50899.91,1,1,0,0.2016,4712.8,950.1,3.0044,0.1935,3.9,152926.6
15570087,1,27,2,2,44,664,8,142989.69,115452.51,1,1,1,0.4592,4414.69,2027.23,1.2385,0.1818,4.2,142989.69
15802617,2,8,4,2,43,697,7,115371.94,64139.1,0,1,0,0.4993,3661.16,1828.02,1.7987,0.1628,2.05,57685.97
15656029,1,7,3,3,37,609,6,0.0,22030.72,1,0,0,0.0526,150.0,7.89,0.0,0.1622,2.9,0.0
15739194,3,6,4,2,38,548,0,178056.54,38434.73,0,1,0,0.5642,5541.7,3126.63,4.6326,0.0,1.0,89028.27
15607275,3,10,3,3,39,850,6,206014.94,42774.84,1,0,1,0.2711,6330.45,1716.18,4.8162,0.1538,2.9,103007.47
15629475,1,7,4,3,41,656,2,0.0,158973.77,0,1,0,0.0723,200.0,14.46,0.0,0.0488,1.3,0.0
15635034,2,8,2,2,37,727,9,101191.83,34551.35,1,1,1,0.5193,3160.75,1641.38,2.9287,0.2432,4.35,101191.83
15756333,1,32,4,3,55,642,7,0.0,101515.76,1,1,0,0.2145,200.0,42.9,0.0,0.1273,4.05,0.0
15777436,3,28,4,3,31,710,5,0.0,9561.73,0,1,0,0.1033,200.0,20.66,0.0,0.1613,1.75,0.0
15676835,3,8,4,3,33,710,1,0.0,168313.17,0,1,0,0.0394,200.0,7.88,0.0,0.0303,1.15,0.0
15574206,1,28,4,3,37,718,7,0.0,55100.09,1,1,0,0.0957,200.0,19.14,0.0,0.1892,4.05,0.0
15613017,2,7,2,2,32,586,1,149814.54,31830.06,0,1,0,0.4459,4619.44,2059.81,4.7066,0.0312,1.15,149814.54
15815131,3,27,2,3,36,617,7,115617.24,71519.4,1,1,0,0.196,3593.52,704.33,1.6166,0.1944,4.05,115617.24
15585455,1,2,3,3,28,630,9,0.0,32599.35,0,0,0,0.0351,150.0,5.26,0.0,0.3214,1.35,0.0
15692929,2,29,3,2,42,791,10,113657.41,139946.68,1,0,1,0.539,3559.72,1918.69,0.8121,0.2381,3.5,56828.7
15758081,3,8,2,3,39,673,8,138160.0,110468.51,1,1,0,0.1464,4269.8,625.1,1.2507,0.2051,4.2,138160.0
15667476,2,26,1,1,36,477,3,117700.86,74042.0,0,0,0,0.6803,3606.03,2453.18,1.5896,0.0833,0.45,117700.86
15738248,1,27,4,3,37,662,5,0.0,151871.84,0,1,0,0.1573,200.0,31.46,0.0,0.1351,1.75,0.0
15672152,2,10,1,2,37,850,9,122506.38,199693.84,1,0,1,0.6181,3750.19,2317.99,0.6135,0.2432,3.35,122506.38
15673372,1,32,2,1,58,635,1,0.0,58907.08,1,1,1,0.8928,125.0,111.6,0.0,0.0172,3.15,0.0
15587611,1,11,3,1,59,537,9,0.0,103799.77,0,0,1,0.8572,150.0,128.58,0.0,0.1525,1.35,0.0
15803415,1,26,4,3,39,579,3,166501.17,93835.64,0,1,0,0.3229,5195.04,1677.48,1.7744,0.0769,1.45,83250.59
15715673,3,32,2,1,46,651,4,89743.05,156425.57,0,1,1,0.7556,2817.29,2128.74,0.5737,0.087,1.6,89743.05
15655648,1,22,4,3,25,610,2,0.0,123723.83,0,1,0,0.0856,200.0,17.12,0.0,0.08,1.3,0.0
15763613,1,7,4,3,30,581,1,0.0,199464.08,0,1,0,0.0363,200.0,7.26,0.0,0.0333,1.15,0.0
15660385,1,7,4,3,39,592,7,0.0,83084.33,0,1,0,0.0648,200.0,12.96,0.0,0.1795,2.05,0.0
15733261,3,28,2,2,35,688,6,0.0,25488.43,0,1,1,0.6313,125.0,78.91,0.0,0.1714,1.9,0.0
15796231,1,23,2,3,18,681,1,98894.39,9596.4,1,1,0,0.0668,3091.83,206.53,10.3043,0.0556,3.15,98894.39
15624866,2,7,3,3,37,658,3,168735.74,70370.24,0,0,0,0.2249,5212.07,1172.19,2.3978,0.0811,0.45,84367.87
15623730,1,9,1,3,34,792,1,0.0,86330.32,1,0,0,0.2853,75.0,21.4,0.0,0.0294,2.15,0.0
15668248,2,36,1,1,62,528,7,133201.17,168507.68,0,0,1,0.9729,4071.04,3960.71,0.7905,0.1129,1.05,133201.17
15694518,3,27,4,3,36,624,0,0.0,111605.9,0,1,0,0.2259,200.0,45.18,0.0,0.0,1.0,0.0
15638028,2,6,3,3,31,562,4,127237.25,143317.42,1,0,0,0.1335,3967.12,529.61,0.8878,0.129,2.6,63618.62
15795895,2,8,4,3,36,678,1,117864.85,27619.06,0,1,0,0.2924,3735.95,1092.39,4.2674,0.0278,1.15,58932.42
15694376,2,38,5,1,64,705,3,153469.26,146573.66,0,0,1,0.9931,4829.08,4795.76,1.047,0.0469,0.45,51156.42
15669204,2,2,4,3,23,650,4,93911.3,69055.45,0,1,0,0.1813,3017.34,547.04,1.3599,0.1739,1.6,46955.65
15773779,3,32,2,2,46,593,2,76597.79,54453.72,1,1,0,0.4849,2422.93,1174.88,1.4066,0.0435,3.3,76597.79
15580682,1,27,4,3,40,652,4,79927.36,33524.6,1,1,0,0.3294,2597.82,855.72,2.3841,0.1,3.6,39963.68
15768530,3,21,4,3,27,554,4,0.0,135083.73,1,1,0,0.0936,200.0,18.72,0.0,0.1481,3.6,0.0
15672875,2,7,2,3,32,584,8,40172.91,137439.34,1,1,0,0.1168,1330.19,155.37,0.2923,0.25,4.2,40172.91
15617082,1,6,2,3,33,516,7,115195.58,11205.5,1,1,0,0.12,3580.87,429.7,10.2794,0.2121,4.05,115195.58
15760514,2,29,4,2,43,789,9,116644.29,60176.1,1,1,0,0.5486,3699.33,2029.45,1.9384,0.2093,4.35,58322.14
15761775,2,2,4,3,20,598,8,180293.84,29552.7,1,1,0,0.0679,5608.82,380.84,6.1006,0.4,4.2,90146.92
15799964,2,27,2,2,30,669,7,139872.81,188795.85,0,1,0,0.6127,4321.18,2647.59,0.7409,0.2333,2.05,139872.81
15693906,1,22,2,3,24,645,3,34547.82,11638.17,1,1,0,0.2701,1161.43,313.7,2.9682,0.125,3.45,34547.82
15739514,1,27,4,3,32,659,9,0.0,93155.75,1,1,0,0.048,200.0,9.6,0.0,0.2812,4.35,0.0
15756926,2,5,3,3,29,833,1,96462.25,48986.18,1,0,0,0.0569,3043.87,173.2,1.9691,0.0345,2.15,48231.12
15770984,3,28,3,3,40,697,7,130334.35,116951.1,1,0,0,0.3256,4060.03,1321.95,1.1144,0.175,3.05,65167.18
15703979,2,7,2,1,39,580,3,119688.81,137041.26,0,1,0,0.7201,3715.66,2675.65,0.8734,0.0769,1.45,119688.81
15801821,1,8,3,3,38,691,1,0.0,44653.5,0,0,0,0.0456,150.0,6.84,0.0,0.0263,0.15,0.0
15711028,1,11,6,1,52,534,1,0.0,104035.41,1,1,1,0.9821,275.0,270.08,0.0,0.0192,3.15,0.0
15791842,1,26,2,3,32,478,6,71187.24,110593.62,1,1,0,0.2805,2260.62,634.1,0.6437,0.1875,3.9,71187.24
15746127,1,31,4,2,47,572,2,0.0,36099.7,0,1,0,0.355,200.0,71.0,0.0,0.0426,1.3,0.0
15663625,1,6,3,3,37,501,4,0.0,12470.3,0,0,0,0.0566,150.0,8.49,0.0,0.1081,0.6,0.0
15604891,3,27,4,3,38,624,8,0.0,95403.41,0,1,0,0.1592,200.0,31.84,0.0,0.2105,2.2,0.0
15589666,1,27,2,2,39,595,9,136422.41,151757.81,1,1,0,0.4112,4217.67,1734.31,0.8989,0.2308,4.35,136422.41
15627881,1,7,4,3,30,603,8,0.0,47536.46,1,1,0,0.0204,200.0,4.08,0.0,0.2667,4.2,0.0
15664895,1,22,4,3,25,602,0,0.0,101274.17,1,1,0,0.1239,200.0,24.78,0.0,0.0,3.0,0.0
15676094,1,26,2,2,34,500,6,0.0,140268.45,1,1,0,0.4245,125.0,53.06,0.0,0.1765,3.9,0.0
15761720,1,6,2,2,41,422,6,153238.88,11663.09,0,1,0,0.6375,4722.17,3010.38,13.1377,0.1463,1.9,153238.88
15611961,1,7,4,3,35,615,7,0.0,150784.29,0,1,0,0.045,200.0,9.0,0.0,0.2,2.05,0.0
15680167,1,37,2,3,78,635,6,47536.4,119400.08,1,1,0,0.0282,1551.09,43.74,0.3981,0.0769,3.9,47536.4
15762543,1,28,4,3,32,711,1,0.0,126188.42,0,1,0,0.0784,200.0,15.68,0.0,0.0312,1.15,0.0
15658475,1,10,2,3,36,834,8,142882.49,89983.02,0,1,1,0.3118,4411.47,1375.5,1.5879,0.2222,2.2,142882.49
15779743,1,27,4,3,44,633,7,0.0,29761.29,0,1,0,0.2419,200.0,48.38,0.0,0.1591,2.05,0.0
15661532,1,27,3,3,31,650,1,160566.11,27073.81,0,0,0,0.1946,4966.98,966.57,5.9305,0.0323,0.15,80283.05
15782360,2,19,2,2,65,743,2,131935.51,96399.67,1,1,1,0.6476,4083.07,2644.2,1.3686,0.0308,3.3,131935.51
15767908,1,6,3,3,38,567,6,127678.8,45422.89,0,0,0,0.2851,3980.36,1134.8,2.8108,0.1579,0.9,63839.4
15677105,2,33,2,1,46,706,4,105214.58,108699.59,0,1,1,0.9195,3281.44,3017.28,0.9679,0.087,1.6,105214.58
15641474,1,12,2,2,46,638,9,139859.54,38967.29,0,1,0,0.6407,4320.79,2768.33,3.5891,0.1957,2.35,139859.54
15624451,1,27,4,3,38,641,3,0.0,116466.19,0,1,0,0.2037,200.0,40.74,0.0,0.0789,1.45,0.0
15577985,1,26,4,3,34,574,5,112324.45,17993.43,1,1,0,0.18,3569.73,642.55,6.2422,0.1471,3.75,56162.22
15571666,2,7,1,2,30,642,8,134497.27,43250.54,0,0,0,0.624,4109.92,2564.59,3.1097,0.2667,1.2,134497.27
15783691,3,28,2,3,35,722,1,120171.58,125240.8,0,1,0,0.339,3730.15,1264.52,0.9595,0.0286,1.15,120171.58
15671172,1,2,3,3,23,623,1,106012.2,191415.94,1,0,0,0.0699,3330.37,232.79,0.5538,0.0435,2.15,53006.1
15731760,1,3,1,3,25,681,5,0.0,90860.97,1,0,0,0.227,75.0,17.03,0.0,0.2,2.75,0.0
15585599,1,26,3,3,34,530,8,0.0,141872.52,1,0,0,0.0979,150.0,14.68,0.0,0.2353,3.2,0.0
15784958,1,34,8,1,55,797,10,0.0,49418.87,1,1,1,0.9731,350.0,340.58,0.0,0.1818,4.5,0.0
15734524,1,12,2,1,51,653,3,0.0,170426.65,0,1,1,0.9247,125.0,115.59,0.0,0.0588,1.45,0.0
15614103,2,10,1,2,42,850,8,119839.69,51016.02,1,0,1,0.6068,3670.19,2227.07,2.349,0.1905,3.2,119839.69
15794895,3,7,3,3,34,581,1,0.0,81175.25,1,0,0,0.0546,150.0,8.19,0.0,0.0294,2.15,0.0
15772381,2,7,2,2,38,589,8,92219.21,99106.97,0,1,0,0.6276,2891.58,1814.76,0.9305,0.2105,2.2,92219.21
15710553,2,11,3,2,48,555,3,142055.41,79134.78,1,0,0,0.5362,4411.66,2365.53,1.7951,0.0625,2.45,71027.7
15649292,1,34,1,1,49,748,7,29602.08,163550.58,0,0,1,0.9469,963.06,911.92,0.181,0.1429,1.05,29602.08
15792565,1,34,4,3,46,745,7,0.0,67769.94,1,1,0,0.1746,200.0,34.92,0.0,0.1522,4.05,0.0
15718245,1,8,4,3,34,730,1,0.0,126592.01,1,1,0,0.0315,200.0,6.3,0.0,0.0294,3.15,0.0
15703117,1,26,3,3,44,565,1,0.0,89602.81,1,0,0,0.2694,150.0,40.41,0.0,0.0227,2.15,0.0
15758136,1,9,1,3,37,778,3,141803.77,179421.84,1,0,0,0.3268,4329.11,1414.75,0.7903,0.0811,2.45,141803.77
15799932,1,5,4,3,24,812,10,0.0,156906.15,1,1,0,0.0152,200.0,3.04,0.0,0.4167,4.5,0.0
15633516,1,6,1,2,42,526,1,0.0,168486.02,1,0,0,0.5887,75.0,44.15,0.0,0.0238,2.15,0.0
15622532,1,33,3,1,47,708,0,126589.12,132730.07,1,0,1,0.7827,3947.67,3089.84,0.9537,0.0,2.0,63294.56
15798960,1,8,1,3,33,680,2,108393.35,39057.67,1,0,0,0.1453,3326.8,483.38,2.7751,0.0606,2.3,108393.35
15698664,3,6,3,2,43,567,2,115643.58,174606.35,0,0,0,0.4159,3619.31,1505.27,0.6623,0.0465,0.3,57821.79
15703614,3,11,2,1,48,564,5,132876.23,79259.77,0,1,0,0.746,4111.29,3067.02,1.6764,0.1042,1.75,132876.23
15699195,1,23,2,3,24,709,3,110949.41,168515.61,1,1,0,0.1693,3453.48,584.67,0.6584,0.125,3.45,110949.41
15710543,1,12,2,2,46,629,1,130666.2,161125.67,1,1,1,0.5309,4044.99,2147.49,0.811,0.0217,3.15,130666.2
15695499,1,31,3,2,45,510,10,103821.47,77878.62,1,0,0,0.4688,3264.64,1530.46,1.3331,0.2222,3.5,51910.74
15622321,1,26,2,2,32,506,3,0.0,80823.02,1,1,0,0.3694,125.0,46.18,0.0,0.0938,3.45,0.0
15715744,1,7,1,2,39,605,7,0.0,119348.28,1,0,0,0.4831,75.0,36.23,0.0,0.1795,3.05,0.0
15788151,3,7,4,3,32,650,1,132187.73,178331.36,1,1,0,0.1658,4165.63,690.66,0.7412,0.0312,3.15,66093.87
15687153,2,15,2,1,49,850,8,98649.55,119174.88,0,1,1,0.9206,3084.49,2839.58,0.8278,0.1633,2.2,98649.55
15684958,2,6,4,3,38,489,2,126444.08,82662.73,1,1,0,0.1937,3993.32,773.51,1.5296,0.0526,3.3,63222.04
15706116,2,27,2,2,30,659,8,154159.51,40441.1,0,1,0,0.5003,4749.79,2376.32,3.8119,0.2667,2.2,154159.51
15740557,1,29,4,3,43,753,5,0.0,109881.71,0,1,0,0.2234,200.0,44.68,0.0,0.1163,1.75,0.0
15707291,2,11,4,2,48,477,8,129250.0,157937.35,1,1,0,0.4068,4077.5,1658.73,0.8184,0.1667,4.2,64625.0
15583353,3,32,2,1,45,610,3,0.0,38276.84,0,1,1,0.8721,125.0,109.01,0.0,0.0667,1.45,0.0
15761024,1,27,4,3,33,619,2,167733.51,65222.48,1,1,0,0.1671,5232.01,874.27,2.5717,0.0606,3.3,83866.76
15630709,2,27,3,3,31,619,2,56116.3,2181.94,0,0,0,0.1683,1833.49,308.58,25.7068,0.0645,0.3,28058.15
15639590,1,29,2,3,30,758,3,141581.08,156249.06,0,1,0,0.3014,4372.43,1317.85,0.9061,0.1,1.45,141581.08
15659399,2,11,4,1,50,516,7,139675.07,45591.23,0,1,0,0.7396,4390.25,3247.03,3.0636,0.14,2.05,69837.54
15567078,1,24,2,3,27,789,8,66201.96,79458.12,1,1,0,0.2305,2111.06,486.6,0.8332,0.2963,4.2,66201.96
15696373,1,28,3,2,44,687,9,0.0,103042.2,0,0,1,0.3964,150.0,59.46,0.0,0.2045,1.35,0.0
15786617,2,6,2,2,34,485,3,133658.24,70209.83,0,1,0,0.5898,4134.75,2438.68,1.9037,0.0882,1.45,133658.24
15657449,2,1,2,2,25,446,3,136202.78,176743.51,0,1,0,0.4568,4211.08,1923.62,0.7706,0.12,1.45,136202.78
15672594,1,37,1,1,60,597,0,131778.08,10703.53,0,0,1,0.9357,4028.34,3769.32,12.3105,0.0,0.0,131778.08
15714240,3,18,3,2,74,712,5,0.0,151425.82,0,0,0,0.3979,150.0,59.68,0.0,0.0676,0.75,0.0
15782144,1,26,4,3,34,522,3,0.0,3894.34,1,1,0,0.0606,200.0,12.12,0.0,0.0882,3.45,0.0
15665008,2,25,4,3,26,805,8,42712.87,28861.69,1,1,0,0.0387,1481.39,57.33,1.4799,0.3077,4.2,21356.44
15581733,1,24,4,3,28,781,4,0.0,177703.15,0,1,0,0.1045,200.0,20.9,0.0,0.1429,1.6,0.0
15751392,3,33,4,1,57,689,4,0.0,136649.8,0,1,1,0.6799,200.0,135.98,0.0,0.0702,1.6,0.0
15785815,2,8,4,3,31,670,1,142631.54,175894.24,1,1,0,0.067,4478.95,300.09,0.8109,0.0323,3.15,71315.77
15664214,1,8,4,3,33,670,2,141204.65,76257.46,0,1,0,0.19,4436.14,842.87,1.8517,0.0606,1.3,70602.32
15579996,2,21,1,2,25,524,7,131402.21,193668.49,0,0,0,0.4776,4017.07,1918.55,0.6785,0.28,1.05,131402.21
15675252,3,28,4,3,39,734,3,92636.96,125671.29,1,1,0,0.3005,2979.11,895.22,0.7371,0.0769,3.45,46318.48
15579617,1,31,3,2,51,489,3,0.0,174098.28,1,0,1,0.5599,150.0,83.98,0.0,0.0588,2.45,0.0
15593976,2,26,7,1,31,578,5,102088.68,187866.21,0,0,1,0.9579,3362.66,3221.09,0.5434,0.1613,0.75,25522.17
15716041,3,7,3,3,39,622,9,0.0,100862.36,1,0,0,0.046,150.0,6.9,0.0,0.2308,3.35,0.0
15654489,1,30,2,3,38,843,8,134887.53,10804.04,1,1,0,0.1925,4171.63,803.04,12.4838,0.2105,4.2,134887.53
15736302,1,13,4,3,48,687,4,0.0,170893.85,1,1,0,0.0909,200.0,18.18,0.0,0.0833,3.6,0.0
15805909,3,3,1,3,28,700,8,159900.38,22698.56,0,0,0,0.2252,4872.01,1097.18,7.0442,0.2857,1.2,159900.38
15572762,2,31,4,1,50,410,2,102278.79,89822.48,0,1,0,0.8199,3268.36,2679.73,1.1387,0.04,1.3,51139.4
15724632,1,26,3,3,41,537,0,0.0,175262.49,1,0,0,0.169,150.0,25.35,0.0,0.0,2.0,0.0
15670416,1,29,1,1,43,780,0,0.0,15705.27,1,0,0,0.7681,75.0,57.61,0.0,0.0,2.0,0.0
15749528,3,12,3,3,58,652,6,0.0,170025.43,1,0,0,0.1837,150.0,27.56,0.0,0.1034,2.9,0.0
15578783,2,7,2,3,35,620,0,76989.97,17242.79,1,1,0,0.2828,2434.7,688.53,4.4648,0.0,3.0,76989.97
15580719,1,23,4,3,23,697,10,0.0,79734.23,1,1,0,0.0842,200.0,16.84,0.0,0.4348,4.5,0.0
15656293,1,9,4,3,35,786,3,0.0,92712.97,0,1,0,0.0739,200.0,14.78,0.0,0.0857,1.45,0.0
15691875,2,30,2,2,39,850,5,114491.82,99689.48,0,1,0,0.6275,3559.75,2233.74,1.1485,0.1282,1.75,114491.82
15596870,2,14,2,1,54,749,3,144768.94,93336.3,0,1,1,0.9644,4468.07,4309.01,1.551,0.0556,1.45,144768.94
15780770,1,6,2,3,31,445,7,145056.59,175893.53,1,1,0,0.1007,4476.7,450.8,0.8247,0.2258,4.05,145056.59
15751491,2,11,2,1,50,443,3,117206.3,42840.18,0,1,1,0.9364,3641.19,3409.61,2.7358,0.06,1.45,117206.3
15706200,2,7,4,3,41,637,2,138014.4,140298.24,0,1,0,0.2772,4340.43,1203.17,0.9837,0.0488,1.3,69007.2
15808674,2,32,6,1,45,616,6,128352.59,144000.59,1,1,1,0.9869,4125.58,4071.53,0.8913,0.1333,3.9,42784.2
15641411,1,24,2,3,23,756,1,112568.31,113408.11,1,1,0,0.0684,3502.05,239.54,0.9926,0.0435,3.15,112568.31
15764661,1,7,2,2,33,644,2,0.0,96420.58,0,1,0,0.4251,125.0,53.14,0.0,0.0606,1.3,0.0
15689492,2,10,3,3,41,850,1,176958.46,125806.3,1,0,0,0.1227,5458.75,669.79,1.4066,0.0244,2.15,88479.23
15602405,2,28,2,1,38,703,9,99167.54,65720.92,0,1,0,0.7075,3100.03,2193.27,1.5089,0.2368,2.35,99167.54
15610271,3,28,2,2,42,684,3,103210.27,31002.03,0,1,0,0.6086,3221.31,1960.49,3.329,0.0714,1.45,103210.27
15791780,2,33,5,1,48,706,10,104478.12,158248.71,1,0,1,0.9831,3359.34,3302.57,0.6602,0.2083,3.5,34826.04
15589147,3,17,2,2,61,580,8,125921.37,94677.83,1,1,0,0.3896,3902.64,1520.47,1.33,0.1311,4.2,125921.37
15756975,3,29,4,3,35,777,3,0.0,17257.72,1,1,0,0.0887,200.0,17.74,0.0,0.0857,3.45,0.0
15729582,2,13,1,1,48,676,3,80697.44,101397.86,0,0,0,0.8619,2495.92,2151.23,0.7958,0.0625,0.45,80697.44
15742971,1,28,4,2,44,708,2,161887.81,84870.23,0,1,0,0.4471,5056.63,2260.82,1.9075,0.0455,1.3,80943.9
15568046,1,5,2,3,24,809,7,109558.36,183515.13,0,1,0,0.2205,3411.75,752.29,0.597,0.2917,2.05,109558.36
15694890,1,7,2,3,38,588,1,124271.26,75969.19,0,1,0,0.3163,3853.14,1218.75,1.6358,0.0263,1.15,124271.26
15736963,1,7,4,3,43,623,1,0.0,146379.3,1,1,0,0.105,200.0,21.0,0.0,0.0233,3.15,0.0
15646490,3,6,1,2,42,537,1,190569.23,127154.8,1,0,0,0.5309,5792.08,3075.02,1.4987,0.0238,2.15,190569.23
15607314,3,11,2,1,53,536,2,143923.96,2019.78,0,1,1,0.8876,4442.72,3943.36,71.222,0.0377,1.3,143923.96
15576745,1,14,3,3,48,769,2,96542.16,197885.72,1,0,0,0.2629,3046.26,800.86,0.4879,0.0417,2.3,48271.08
15669606,1,8,4,3,33,690,5,0.0,138017.68,0,1,0,0.0541,200.0,10.82,0.0,0.1515,1.75,0.0
15737832,3,14,1,1,45,771,0,139825.56,170984.97,0,0,1,0.6553,4269.77,2797.98,0.8178,0.0,0.0,139825.56
15681990,2,1,4,3,24,497,6,111769.14,55859.27,0,1,0,0.2024,3553.07,719.14,2.0009,0.25,1.9,55884.57
15758050,3,7,4,3,37,622,4,0.0,4459.5,0,1,0,0.052,200.0,10.4,0.0,0.1081,1.6,0.0
15787848,3,7,3,3,30,602,9,113672.18,102135.92,0,0,0,0.1955,3560.17,696.01,1.1129,0.3,1.35,56836.09
15713594,1,26,2,3,32,543,7,147256.86,112771.95,0,1,0,0.2785,4542.71,1265.14,1.3058,0.2188,2.05,147256.86
15588186,3,11,2,1,45,520,7,107023.03,32903.93,0,1,0,0.6684,3335.69,2229.58,3.2525,0.1556,2.05,107023.03
15786739,1,7,2,3,37,669,1,125529.55,162260.93,1,1,0,0.1697,3890.89,660.28,0.7736,0.027,3.15,125529.55
15699467,3,27,1,1,41,631,0,0.0,87959.83,0,0,0,0.7469,75.0,56.02,0.0,0.0,0.0,0.0
15680706,2,11,2,1,48,537,4,131834.8,166476.95,0,1,1,0.9401,4080.04,3835.65,0.7919,0.0833,1.6,131834.8
15645717,1,18,4,3,62,732,2,0.0,25438.87,1,1,0,0.133,200.0,26.6,0.0,0.0323,3.3,0.0
15748597,3,15,1,2,56,844,5,99529.7,157230.06,1,0,1,0.5263,3060.89,1610.95,0.633,0.0893,2.75,99529.7
15773709,3,10,3,3,35,838,0,0.0,197305.91,1,0,0,0.0664,150.0,9.96,0.0,0.0,2.0,0.0
15629787,1,2,3,3,27,652,10,107303.72,44435.76,0,0,0,0.0965,3369.11,325.12,2.4148,0.3704,1.5,53651.86
15661007,1,7,1,3,33,660,0,72783.42,181051.99,0,0,0,0.2347,2258.5,530.07,0.402,0.0,0.0,72783.42
15686812,3,28,1,2,44,692,8,0.0,159069.37,1,0,0,0.6086,75.0,45.64,0.0,0.1818,3.2,0.0
15754113,1,27,4,3,35,588,0,0.0,155485.24,1,1,0,0.1101,200.0,22.02,0.0,0.0,3.0,0.0
15749489,2,21,1,2,22,533,10,115743.6,43852.05,0,0,0,0.6087,3547.31,2159.25,2.6394,0.4545,1.5,115743.6
15574352,1,10,2,3,43,850,4,161256.53,140071.57,1,1,0,0.3465,4962.7,1719.58,1.1512,0.093,3.6,161256.53
15701281,1,1,4,3,27,511,8,0.0,49089.36,1,1,0,0.0417,200.0,8.34,0.0,0.2963,4.2,0.0
15811985,3,6,3,3,44,530,6,0.0,55893.37,0,0,0,0.2111,150.0,31.67,0.0,0.1364,0.9,0.0
15713505,1,6,3,3,31,554,1,0.0,192660.55,1,0,0,0.0428,150.0,6.42,0.0,0.0323,2.15,0.0
15685653,2,27,4,2,40,585,3,162261.01,137028.51,0,1,0,0.3783,5067.83,1917.16,1.1841,0.075,1.45,81130.5
15758831,1,9,1,3,39,754,3,74896.33,34430.16,0,0,0,0.3096,2321.89,718.86,2.1752,0.0769,0.45,74896.33
15618774,1,11,2,1,54,474,3,0.0,108409.17,0,1,1,0.9576,125.0,119.7,0.0,0.0556,1.45,0.0
15764448,2,10,2,2,35,837,0,144037.6,145325.32,0,1,0,0.4901,4446.13,2179.05,0.9911,0.0,1.0,144037.6
15611024,1,21,1,3,23,567,9,93522.2,81425.61,1,0,0,0.1449,2880.67,417.41,1.1485,0.3913,3.35,93522.2
15738220,3,10,4,3,38,800,1,0.0,51553.43,0,1,0,0.0588,200.0,11.76,0.0,0.0263,1.15,0.0
15805764,1,2,3,3,18,646,10,0.0,52795.15,1,0,0,0.042,150.0,6.3,0.0,0.5556,3.5,0.0
15580487,2,7,3,3,38,627,8,106922.92,84270.09,1,0,0,0.2546,3357.69,854.87,1.2688,0.2105,3.2,53461.46
15675787,1,1,2,3,26,505,8,112972.57,145011.62,0,1,0,0.1804,3514.18,633.96,0.7791,0.3077,2.2,112972.57
15583580,2,26,2,1,35,566,1,123042.0,66245.44,0,1,1,0.7159,3816.26,2732.06,1.8573,0.0286,1.15,123042.0
15780654,2,27,3,3,33,619,3,100488.92,36446.74,1,0,0,0.173,3164.67,547.49,2.7571,0.0909,2.45,50244.46
15695034,1,29,2,1,44,757,4,123322.15,137136.29,0,1,0,0.6826,3824.66,2610.71,0.8993,0.0909,1.6,123322.15
15805671,1,7,1,3,32,648,0,0.0,117323.31,1,0,0,0.3191,75.0,23.93,0.0,0.0,2.0,0.0
15790658,3,7,2,3,42,621,8,68683.68,74157.71,1,1,0,0.3033,2185.51,662.87,0.9262,0.1905,4.2,68683.68
15578648,2,11,2,1,49,543,6,59532.18,104253.56,0,1,0,0.8491,1910.97,1622.6,0.571,0.1224,1.9,59532.18
15734987,1,27,4,2,43,658,7,140260.36,2748.72,0,1,0,0.4581,4407.81,2019.22,51.009,0.1628,2.05,70130.18
15721740,2,12,2,1,50,633,7,88302.65,195937.16,1,1,0,0.7761,2774.08,2152.96,0.4507,0.14,4.05,88302.65
15641822,1,22,3,3,19,648,1,0.0,22101.86,1,0,0,0.0564,150.0,8.46,0.0,0.0526,2.15,0.0
15765650,2,6,1,1,40,501,5,114655.58,126535.92,0,0,0,0.7285,3514.67,2560.44,0.9061,0.125,0.75,114655.58
15788556,1,28,2,2,42,683,4,148283.94,44692.63,1,1,1,0.4084,4573.52,1867.83,3.3178,0.0952,3.6,148283.94
15576550,3,27,2,1,38,619,1,0.0,112442.63,0,1,1,0.733,125.0,91.62,0.0,0.0263,1.15,0.0
15622230,1,28,3,3,35,705,3,0.0,66331.01,1,0,0,0.1416,150.0,21.24,0.0,0.0857,2.45,0.0
15653937,2,32,2,1,53,638,1,123916.67,16657.68,0,1,1,0.9658,3842.5,3711.09,7.4386,0.0189,1.15,123916.67
15743538,1,28,4,3,31,710,1,0.0,20081.3,0,1,0,0.0837,200.0,16.74,0.0,0.0323,1.15,0.0
15591740,1,32,4,3,54,590,4,0.0,93820.49,1,1,1,0.2879,200.0,57.58,0.0,0.0741,3.6,0.0
15650086,1,8,4,2,43,725,2,165896.0,130795.52,0,1,0,0.3702,5176.88,1916.48,1.2684,0.0465,1.3,82948.0
15718773,1,27,4,3,32,638,0,0.0,160129.99,0,1,0,0.1041,200.0,20.82,0.0,0.0,1.0,0.0
15615140,1,9,2,3,36,791,6,111168.97,189969.91,1,1,0,0.2292,3460.07,793.05,0.5852,0.1667,3.9,111168.97
15644361,1,28,1,1,40,702,1,103549.24,9712.52,0,0,1,0.665,3181.48,2115.68,10.6603,0.025,0.15,103549.24
15774536,1,27,3,3,32,607,6,0.0,196062.01,0,0,0,0.1641,150.0,24.62,0.0,0.1875,0.9,0.0
15618661,1,6,2,3,30,535,6,103804.97,125710.53,1,1,0,0.1567,3239.15,507.57,0.8257,0.2,3.9,103804.97
15605020,1,12,4,2,45,651,2,165901.59,23054.51,0,1,1,0.6031,5177.05,3122.28,7.1957,0.0444,1.3,82950.8
15762134,2,11,4,2,59,506,8,119152.1,170679.74,1,1,0,0.4585,3774.56,1730.64,0.6981,0.1356,4.2,59576.05
15685279,3,31,2,2,57,511,8,122950.31,181258.76,1,1,0,0.594,3813.51,2265.22,0.6783,0.1404,4.2,122950.31
15582849,1,34,2,1,51,757,1,0.0,22835.13,1,1,1,0.9085,125.0,113.56,0.0,0.0196,3.15,0.0
15655410,2,14,2,1,49,768,1,133384.66,102397.22,0,1,1,0.9344,4126.54,3855.84,1.3026,0.0204,1.15,133384.66
15649129,1,9,4,3,32,757,9,0.0,115950.96,0,1,0,0.0225,200.0,4.5,0.0,0.2812,2.35,0.0
15702380,3,17,3,3,64,663,6,0.0,15876.52,1,0,0,0.1215,150.0,18.22,0.0,0.0938,2.9,0.0
15759067,2,26,8,1,37,537,7,158411.95,117690.58,1,1,1,0.9889,5102.36,5045.72,1.346,0.1892,4.05,39602.99
15683027,2,1,4,3,29,570,4,122028.65,173792.77,1,1,0,0.1462,3860.86,564.46,0.7021,0.1379,3.6,61014.32
15597487,1,30,2,3,35,850,5,0.0,80992.8,1,1,0,0.2796,125.0,34.95,0.0,0.1429,3.75,0.0
15763256,2,37,4,1,64,661,8,128751.65,189398.18,0,1,1,0.895,4062.55,3635.98,0.6798,0.125,2.2,64375.82
15620111,1,12,2,1,54,659,8,133436.52,56787.8,0,1,0,0.8952,4128.1,3695.48,2.3497,0.1481,2.2,133436.52
15623053,3,6,2,2,40,454,2,123177.01,148309.98,0,1,0,0.3696,3820.31,1411.99,0.8305,0.05,1.3,123177.01
15595592,1,33,2,1,59,708,2,0.0,179673.11,0,1,1,0.9683,125.0,121.04,0.0,0.0339,1.3,0.0
15740072,1,28,4,3,37,720,2,120328.88,138470.21,1,1,0,0.2823,3809.87,1075.53,0.869,0.0541,3.3,60164.44
15778005,1,29,2,2,39,785,1,130147.98,163798.41,0,1,1,0.4201,4029.44,1692.77,0.7946,0.0256,1.15,130147.98
15583278,3,29,2,3,36,743,8,92716.96,33693.78,1,1,0,0.2244,2906.51,652.22,2.7517,0.2222,4.2,92716.96
15601263,3,31,4,2,48,493,7,0.0,48545.1,0,1,0,0.4242,200.0,84.84,0.0,0.1458,2.05,0.0
15709222,3,6,1,2,34,557,3,0.0,123427.98,1,0,0,0.4322,75.0,32.42,0.0,0.0882,2.45,0.0
15713949,1,10,2,2,40,850,1,76914.21,174183.44,0,1,0,0.5012,2432.43,1219.13,0.4416,0.025,1.15,76914.21
15717706,1,29,4,3,32,799,3,106045.92,17938.0,1,1,0,0.1361,3381.38,460.21,5.9115,0.0938,3.45,53022.96
15756071,1,9,2,3,34,756,1,103133.26,90059.04,1,1,0,0.082,3219.0,263.96,1.1452,0.0294,3.15,103133.26
15696564,1,9,4,3,38,752,0,145974.79,137694.23,1,1,0,0.1786,4579.24,817.85,1.0601,0.0,3.0,72987.4
15657637,3,28,6,2,36,696,3,0.0,65039.9,0,1,0,0.5789,275.0,159.2,0.0,0.0833,1.45,0.0
15755863,3,32,3,2,49,630,1,0.0,162858.29,1,0,0,0.3539,150.0,53.08,0.0,0.0204,2.15,0.0
15719858,3,27,4,3,38,659,9,0.0,35701.06,1,1,0,0.1061,200.0,21.22,0.0,0.2368,4.35,0.0
15688876,3,8,4,3,39,685,9,0.0,18826.06,1,1,0,0.0417,200.0,8.34,0.0,0.2308,4.35,0.0
15698528,3,27,2,2,31,599,3,0.0,130086.47,1,1,1,0.4204,125.0,52.55,0.0,0.0968,3.45,0.0
15770345,3,26,1,3,31,559,1,139183.06,143360.56,1,0,0,0.2194,4250.49,932.56,0.9709,0.0323,2.15,139183.06
15761506,3,2,4,3,19,615,5,0.0,159920.92,0,1,0,0.0203,200.0,4.06,0.0,0.2632,1.75,0.0
15716619,2,27,2,2,36,580,3,74974.89,12099.67,1,1,0,0.4017,2374.25,953.74,6.1959,0.0833,3.45,74974.89
15788367,3,6,2,2,44,487,6,61691.45,53087.98,1,1,0,0.3694,1975.74,729.84,1.162,0.1364,3.9,61691.45
15709451,2,27,4,3,35,646,1,121952.75,142839.82,1,1,0,0.242,3858.58,933.78,0.8538,0.0286,3.15,60976.38
15640421,1,30,2,2,35,811,7,0.0,178.19,1,1,0,0.3564,125.0,44.55,0.0,0.2,4.05,0.0
15580068,3,6,4,3,35,526,5,0.0,105618.14,1,1,0,0.0444,200.0,8.88,0.0,0.1429,3.75,0.0
15677123,3,9,4,3,37,767,7,0.0,24734.25,1,1,0,0.0413,200.0,8.26,0.0,0.1892,4.05,0.0
15619801,1,26,3,3,33,548,1,80107.83,82245.67,1,0,0,0.1442,2553.23,368.18,0.974,0.0303,2.15,40053.92
15582246,3,33,3,3,45,737,2,0.0,177695.67,1,0,0,0.2211,150.0,33.16,0.0,0.0444,2.3,0.0
15711843,2,7,5,1,40,613,1,147856.82,107961.11,0,0,1,0.9717,4660.7,4528.8,1.3695,0.025,0.15,49285.61
15680046,3,8,4,3,36,711,8,0.0,55207.41,0,1,0,0.0775,200.0,15.5,0.0,0.2222,2.2,0.0
15804131,3,35,3,1,53,850,7,65407.16,182633.63,0,0,1,0.7804,2112.21,1648.37,0.3581,0.1321,1.05,32703.58
15722611,1,34,2,2,53,752,8,114233.18,51587.04,1,1,0,0.6201,3552.0,2202.6,2.2143,0.1509,4.2,114233.18
15729224,1,28,4,3,37,710,5,0.0,115403.31,0,1,0,0.1369,200.0,27.38,0.0,0.1351,1.75,0.0
15811588,3,32,2,1,53,664,7,187602.18,186392.99,0,1,1,0.943,5753.07,5425.15,1.0065,0.1321,2.05,187602.18
15702138,1,21,1,3,22,510,3,156834.34,44374.44,0,0,0,0.3081,4780.03,1472.73,3.5343,0.1364,0.45,156834.34
15749799,1,26,4,3,34,577,2,0.0,84033.35,1,1,0,0.0625,200.0,12.5,0.0,0.0588,3.3,0.0
15752885,1,6,2,3,42,529,1,157498.9,82276.62,1,1,0,0.3378,4849.97,1638.32,1.9142,0.0238,3.15,157498.9
15674932,3,29,4,3,44,757,9,0.0,177528.92,0,1,0,0.2647,200.0,52.94,0.0,0.2045,2.35,0.0
15743828,1,8,2,2,41,691,2,0.0,56850.92,1,1,1,0.4499,125.0,56.24,0.0,0.0488,3.3,0.0
15642022,3,7,1,2,34,621,8,0.0,47972.65,0,0,0,0.4246,75.0,31.84,0.0,0.2353,1.2,0.0
15746461,3,8,4,3,35,709,2,0.0,104982.39,0,1,0,0.0809,200.0,16.18,0.0,0.0571,1.3,0.0
15809991,3,4,2,3,19,756,4,130274.22,133535.29,1,1,0,0.0663,4033.23,267.4,0.9756,0.2105,3.6,130274.22
15787322,1,29,2,2,41,788,6,0.0,25571.37,1,1,0,0.5322,125.0,66.53,0.0,0.1463,3.9,0.0
15575498,1,28,4,3,39,705,5,149379.66,96075.55,0,1,0,0.3139,4681.39,1469.49,1.5548,0.1282,1.75,74689.83
15691387,1,1,2,3,29,483,9,0.0,81634.45,1,1,0,0.1781,125.0,22.26,0.0,0.3103,4.35,0.0
15765457,3,8,2,3,35,719,1,100829.94,165008.97,1,1,0,0.0933,3149.9,293.89,0.6111,0.0286,3.15,100829.94
15666173,2,29,2,3,32,793,1,96408.98,138191.81,1,1,0,0.2461,3017.27,742.55,0.6976,0.0312,3.15,96408.98
15627377,1,7,4,3,41,593,6,0.0,99136.49,1,1,0,0.0479,200.0,9.58,0.0,0.1463,3.9,0.0
15656683,1,11,1,1,52,551,1,0.0,63584.55,0,0,1,0.9233,75.0,69.25,0.0,0.0192,0.15,0.0
15679810,1,8,4,3,39,690,6,0.0,160532.88,0,1,0,0.0605,200.0,12.1,0.0,0.1538,1.9,0.0
15606310,1,20,1,3,71,823,5,149105.08,162683.06,1,0,0,0.2749,4548.15,1250.29,0.9165,0.0704,2.75,149105.08
15756871,3,6,2,2,39,512,3,0.0,134878.19,0,1,0,0.6196,125.0,77.45,0.0,0.0769,1.45,0.0
15610002,3,10,4,3,41,802,5,0.0,134626.3,1,1,0,0.0334,200.0,6.68,0.0,0.122,3.75,0.0
15567802,3,26,4,3,34,450,2,0.0,175480.93,0,1,0,0.223,200.0,44.6,0.0,0.0588,1.3,0.0
15745452,2,7,2,2,41,651,1,90218.11,174337.68,0,1,0,0.6278,2831.54,1777.64,0.5175,0.0244,1.15,90218.11
15617252,1,28,2,3,33,697,1,87347.7,172524.51,0,1,0,0.2109,2745.43,579.01,0.5063,0.0303,1.15,87347.7
15753248,1,2,3,3,28,611,2,0.0,25395.83,0,0,0,0.0351,150.0,5.26,0.0,0.0714,0.3,0.0
15610755,1,27,2,3,33,643,0,137811.75,184856.89,1,1,0,0.1689,4259.35,719.4,0.7455,0.0,3.0,137811.75
15662238,1,10,2,3,37,822,3,105563.0,182624.93,0,1,0,0.3234,3291.89,1064.6,0.578,0.0811,1.45,105563.0
15799186,1,7,3,3,38,632,4,0.0,192505.62,0,0,0,0.0761,150.0,11.42,0.0,0.1053,0.6,0.0
15686941,3,21,4,3,26,575,7,0.0,112507.63,0,1,0,0.0576,200.0,11.52,0.0,0.2692,2.05,0.0
15601172,1,8,2,2,31,672,6,91125.75,177295.92,0,1,0,0.3694,2858.77,1056.03,0.514,0.1935,1.9,91125.75
15723858,3,6,3,3,39,517,3,0.0,12465.51,1,0,0,0.0778,150.0,11.67,0.0,0.0769,2.45,0.0
15615896,3,7,4,3,39,621,8,0.0,36122.96,0,1,0,0.0758,200.0,15.16,0.0,0.2051,2.2,0.0
15737647,2,39,2,2,77,775,6,135120.56,37836.64,0,1,0,0.5656,4178.62,2363.43,3.5711,0.0779,1.9,135120.56
15582841,1,2,3,3,29,600,8,0.0,34747.43,1,0,0,0.0233,150.0,3.5,0.0,0.2759,3.2,0.0
15760090,1,2,4,3,28,640,7,0.0,131097.9,1,1,0,0.0373,200.0,7.46,0.0,0.25,4.05,0.0
15588587,1,29,2,3,36,752,1,86837.95,105280.55,1,1,0,0.1698,2730.14,463.58,0.8248,0.0278,3.15,86837.95
15683157,1,2,1,3,26,613,4,100446.57,149653.81,1,0,0,0.1117,3088.4,344.97,0.6712,0.1538,2.6,100446.57
15694209,1,26,4,3,32,484,3,0.0,139390.99,1,1,0,0.0814,200.0,16.28,0.0,0.0938,3.45,0.0
15655875,1,26,4,3,33,511,3,0.0,132436.71,0,1,0,0.1221,200.0,24.42,0.0,0.0909,1.45,0.0
15805704,1,29,7,1,32,745,2,0.0,179705.13,1,0,1,0.9523,300.0,285.69,0.0,0.0625,2.3,0.0
15744789,3,29,2,3,32,786,6,114512.59,15796.66,0,1,0,0.2943,3560.38,1047.82,7.2487,0.1875,1.9,114512.59
15799357,1,8,1,3,35,727,5,136364.46,142754.71,0,0,0,0.2269,4165.93,945.25,0.9552,0.1429,0.75,136364.46
15726153,1,7,2,3,31,622,5,106260.67,2578.43,1,1,0,0.1915,3312.82,634.41,41.1954,0.1613,3.75,106260.67
15713346,1,4,2,3,24,794,10,146126.75,88992.05,1,1,0,0.0893,4508.8,402.64,1.642,0.4167,4.5,146126.75
15665053,3,12,1,1,52,636,4,111284.53,32936.44,1,0,1,0.6886,3413.54,2350.56,3.3787,0.0769,2.6,111284.53
15592379,3,29,4,2,42,741,9,121056.63,39122.58,0,1,0,0.424,3831.7,1624.64,3.0942,0.2143,2.35,60528.32
15692599,1,8,2,3,34,687,5,128270.56,191092.62,0,1,0,0.28,3973.12,1112.47,0.6712,0.1471,1.75,128270.56
15620758,3,7,4,3,30,660,4,0.0,129149.06,0,1,0,0.0477,200.0,9.54,0.0,0.1333,1.6,0.0
15637428,1,7,4,3,35,660,7,0.0,13218.6,0,1,0,0.0622,200.0,12.44,0.0,0.2,2.05,0.0
15808389,1,37,2,3,79,617,7,0.0,160589.18,1,1,0,0.047,125.0,5.88,0.0,0.0886,4.05,0.0
15807003,1,9,2,2,32,762,10,191775.65,179657.83,0,1,0,0.6237,5878.27,3666.28,1.0674,0.3125,2.5,191775.65
15702912,3,29,2,2,35,752,2,0.0,44335.54,0,1,1,0.5873,125.0,73.41,0.0,0.0571,1.3,0.0
15590623,3,6,4,3,34,561,4,85141.79,29217.37,1,1,0,0.1446,2754.25,398.26,2.914,0.1176,3.6,42570.9
15728078,1,2,1,3,26,609,10,126392.18,43651.49,1,0,0,0.2031,3866.77,785.34,2.8954,0.3846,3.5,126392.18
15708256,1,5,4,3,28,803,3,0.0,159654.0,0,1,0,0.025,200.0,5.0,0.0,0.1071,1.45,0.0
15582335,1,26,1,2,40,556,9,129860.37,17992.94,0,0,0,0.6001,3970.81,2382.88,7.2169,0.225,1.35,129860.37
15649150,1,31,2,1,53,531,5,127642.44,141501.45,0,1,1,0.9419,3954.27,3724.53,0.9021,0.0943,1.75,127642.44
15691647,1,26,4,3,35,411,2,0.0,93825.78,1,1,0,0.1686,200.0,33.72,0.0,0.0571,3.3,0.0
15668270,2,27,4,2,44,587,5,125584.17,41852.24,1,1,1,0.5646,3967.53,2240.07,3.0006,0.1136,3.75,62792.08
15624820,3,13,5,1,56,683,7,50911.21,97629.31,0,0,1,0.9859,1752.34,1727.63,0.5215,0.125,1.05,16970.4
15736254,1,2,2,3,29,654,2,91955.61,37065.66,0,1,0,0.1877,2883.67,541.26,2.4808,0.069,1.3,91955.61
15720814,2,28,3,3,36,670,2,84266.44,38614.69,0,0,0,0.2796,2677.99,748.77,2.1822,0.0556,0.3,42133.22
15642997,1,27,2,3,36,655,2,147149.59,87816.86,1,1,0,0.2224,4539.49,1009.58,1.6756,0.0556,3.3,147149.59
15693200,1,29,4,3,36,752,7,0.0,184866.86,0,1,0,0.1457,200.0,29.14,0.0,0.1944,2.05,0.0
15624596,1,21,1,3,23,534,5,104822.45,160176.47,1,0,0,0.2003,3219.67,644.9,0.6544,0.2174,2.75,104822.45
15807167,1,7,3,3,42,635,1,146766.72,164357.1,1,0,0,0.2333,4553.0,1062.21,0.893,0.0238,2.15,73383.36
15660301,2,16,4,3,70,491,6,148745.92,17818.33,1,1,0,0.1793,4662.38,835.96,8.3474,0.0857,3.9,74372.96
15593094,1,1,2,2,27,516,9,0.0,142680.64,0,1,1,0.3859,125.0,48.24,0.0,0.3333,2.35,0.0
15618239,1,31,2,1,48,530,0,0.0,85081.09,0,1,0,0.9328,125.0,116.6,0.0,0.0,1.0,0.0
15574137,3,8,4,3,35,687,3,0.0,176450.19,1,1,0,0.0224,200.0,4.48,0.0,0.0857,3.45,0.0
15614740,1,28,4,3,41,684,6,135203.81,121967.88,1,1,0,0.321,4256.11,1366.21,1.1085,0.1463,3.9,67601.9
15574071,2,3,3,3,23,706,2,93301.97,127187.04,1,0,0,0.145,2949.06,427.61,0.7336,0.087,2.3,46650.98
15671148,2,6,3,3,33,490,5,96341.0,108313.34,0,0,0,0.1839,3040.23,559.1,0.8895,0.1515,0.75,48170.5
15721921,1,9,2,3,44,796,8,165326.2,57205.55,1,1,0,0.2652,5084.79,1348.49,2.89,0.1818,4.2,165326.2
15717995,1,5,3,3,27,849,0,0.0,157891.86,1,0,0,0.0425,150.0,6.38,0.0,0.0,2.0,0.0
15632050,1,29,2,2,41,779,10,99786.2,86927.53,0,1,0,0.5868,3118.59,1829.99,1.1479,0.2439,2.5,99786.2
15647111,3,24,2,3,22,794,4,114440.24,107753.07,1,1,0,0.1284,3558.21,456.87,1.0621,0.1818,3.6,114440.24
15759991,3,9,2,3,36,748,4,141573.55,82158.14,0,1,0,0.2743,4372.21,1199.3,1.7232,0.1111,1.6,141573.55
15790204,3,22,2,2,22,663,9,0.0,29135.89,0,1,1,0.378,125.0,47.25,0.0,0.4091,2.35,0.0
15686780,3,32,1,1,55,645,1,133676.65,17095.49,1,0,0,0.7145,4085.3,2918.95,7.819,0.0182,2.15,133676.65
15640491,1,26,4,3,33,464,10,147493.7,100447.53,0,1,0,0.1593,4624.81,736.73,1.4684,0.303,2.5,73746.85
15783225,1,13,2,1,54,737,9,0.0,83470.4,0,1,1,0.9494,125.0,118.68,0.0,0.1667,2.35,0.0
15734438,1,22,4,3,29,590,4,0.0,121846.81,0,1,0,0.0845,200.0,16.9,0.0,0.1379,1.6,0.0
15688760,2,26,2,2,37,522,3,95022.57,129107.59,1,1,0,0.5573,2975.68,1658.35,0.736,0.0811,3.45,95022.57
15768124,1,27,2,2,34,648,3,0.0,54726.43,0,1,0,0.5131,125.0,64.14,0.0,0.0882,1.45,0.0
15661330,1,9,2,2,37,754,6,0.0,116141.72,1,1,0,0.3886,125.0,48.58,0.0,0.1622,3.9,0.0
15781272,1,12,6,1,50,669,4,149713.61,124872.42,1,1,1,0.9802,4766.41,4672.04,1.1989,0.08,3.6,49904.54
15573888,2,27,1,1,43,648,1,107963.38,186438.86,0,0,1,0.8457,3313.9,2802.57,0.5791,0.0233,0.15,107963.38
15575858,1,9,4,3,40,763,3,0.0,134281.11,0,1,0,0.0899,200.0,17.98,0.0,0.075,1.45,0.0
15645937,3,9,2,2,32,790,3,0.0,91044.47,0,1,0,0.4527,125.0,56.59,0.0,0.0938,1.45,0.0
15702337,1,7,4,3,37,581,7,0.0,74320.75,1,1,0,0.0375,200.0,7.5,0.0,0.1892,4.05,0.0
15764537,1,8,4,3,43,703,8,0.0,9704.66,0,1,0,0.1464,200.0,29.28,0.0,0.186,2.2,0.0
15619616,1,26,3,3,33,571,9,102017.25,128600.49,0,0,0,0.1653,3210.52,530.7,0.7933,0.2727,1.35,51008.62
15585133,3,22,3,3,27,657,8,0.0,6468.24,0,0,0,0.0774,150.0,11.61,0.0,0.2963,1.2,0.0
15573971,1,8,3,3,44,737,7,0.0,57898.58,0,0,0,0.1635,150.0,24.52,0.0,0.1591,1.05,0.0
15579433,3,4,3,3,29,793,8,96674.55,192120.66,0,0,0,0.0293,3050.24,89.37,0.5032,0.2759,1.2,48337.28
15777045,3,29,2,1,44,783,3,81811.71,164213.53,0,1,1,0.8045,2579.35,2075.09,0.4982,0.0682,1.45,81811.71
15611580,3,9,2,3,33,751,4,79281.61,117547.76,0,1,0,0.2591,2503.45,648.64,0.6745,0.1212,1.6,79281.61
15614778,1,6,4,3,31,579,6,0.0,26149.25,0,1,0,0.0449,200.0,8.98,0.0,0.1935,1.9,0.0
15771750,2,27,2,2,36,655,10,122314.39,9181.66,0,1,0,0.6043,3794.43,2292.97,13.3201,0.2778,2.5,122314.39
15593280,2,7,2,1,43,614,8,140733.74,166588.76,1,1,0,0.7146,4347.01,3106.37,0.8448,0.186,4.2,140733.74
15569274,2,13,2,1,49,678,2,116933.11,195053.58,0,1,1,0.9332,3632.99,3390.31,0.5995,0.0408,1.3,116933.11
15654408,3,6,4,3,41,562,5,165445.04,85787.31,0,1,0,0.3266,5163.35,1686.35,1.9285,0.122,1.75,82722.52
15657468,2,33,2,1,53,711,5,123805.03,102428.51,0,1,0,0.9492,3839.15,3644.12,1.2087,0.0943,1.75,123805.03
15614213,1,7,2,3,37,620,0,107548.94,71175.94,0,1,0,0.257,3351.47,861.33,1.511,0.0,1.0,107548.94
15589869,1,11,3,2,49,437,9,111634.29,166440.32,1,0,0,0.4542,3499.03,1589.26,0.6707,0.1837,3.35,55817.14
15693205,2,28,6,1,41,691,8,109153.96,148848.76,1,1,1,0.972,3549.62,3450.23,0.7333,0.1951,4.2,36384.65
15797113,3,26,4,3,34,552,4,0.0,140286.69,0,1,0,0.1239,200.0,24.78,0.0,0.1176,1.6,0.0
15676958,2,9,4,3,34,765,5,86055.17,104220.5,1,1,0,0.1451,2781.66,403.62,0.8257,0.1471,3.75,43027.58
15739592,2,33,1,1,51,707,10,98438.23,70778.63,0,0,1,0.9542,3028.15,2889.46,1.3908,0.1961,1.5,98438.23
15656263,3,4,4,3,29,764,5,0.0,65868.28,0,1,0,0.0437,200.0,8.74,0.0,0.1724,1.75,0.0
15636872,1,27,3,3,32,585,8,144705.87,171482.56,0,0,0,0.2689,4491.18,1207.68,0.8438,0.25,1.2,72352.94
15589435,1,9,4,3,31,784,7,0.0,143204.41,1,1,0,0.036,200.0,7.2,0.0,0.2258,4.05,0.0
15640464,1,7,2,3,41,605,5,91612.91,28427.84,1,1,0,0.3164,2873.39,909.14,3.2225,0.122,3.75,91612.91
15723851,3,8,2,1,40,699,2,0.0,78387.32,0,1,0,0.6518,125.0,81.48,0.0,0.05,1.3,0.0
15722122,1,26,1,1,40,544,7,0.0,161076.92,1,0,0,0.6528,75.0,48.96,0.0,0.175,3.05,0.0
15696852,1,30,2,1,32,803,9,192122.84,54277.45,1,1,1,0.7284,5888.69,4289.32,3.5396,0.2812,4.35,192122.84
15634936,1,8,2,3,41,735,7,179904.0,137180.95,1,1,0,0.3192,5522.12,1762.66,1.3114,0.1707,4.05,179904.0
15575935,1,13,3,2,59,673,0,178058.06,21063.71,1,0,1,0.5757,5491.74,3161.59,8.4529,0.0,2.0,89029.03
15634491,1,7,4,3,30,652,2,176166.56,152210.81,1,1,0,0.0957,5485.0,524.91,1.1574,0.0667,3.3,88083.28
15628530,1,8,3,3,42,694,3,156864.2,88890.75,0,0,0,0.2275,4855.93,1104.72,1.7647,0.0714,0.45,78432.1
15678720,1,29,4,3,44,741,7,0.0,190534.76,1,1,0,0.1719,200.0,34.38,0.0,0.1591,4.05,0.0
15627999,3,7,4,3,30,590,3,0.0,83090.35,0,1,0,0.0542,200.0,10.84,0.0,0.1,1.45,0.0
15571244,3,30,3,3,33,809,3,0.0,141426.78,1,0,0,0.0509,150.0,7.64,0.0,0.0909,2.45,0.0
15739931,1,6,2,3,34,523,2,161588.89,51358.66,1,1,0,0.1849,4972.67,919.45,3.1462,0.0588,3.3,161588.89
15806256,1,11,2,1,48,540,2,109349.29,88703.04,0,1,1,0.8291,3405.48,2823.48,1.2327,0.0417,1.3,109349.29
15787258,3,22,4,3,29,596,6,0.0,116696.77,0,1,0,0.1095,200.0,21.9,0.0,0.2069,1.9,0.0
15706463,1,27,4,3,36,597,9,0.0,7156.09,1,1,0,0.1259,200.0,25.18,0.0,0.25,4.35,0.0
15691004,3,6,2,2,37,407,1,0.0,49161.12,1,1,1,0.5993,125.0,74.91,0.0,0.027,3.15,0.0
15792228,1,19,2,1,60,748,0,152335.7,126743.33,0,1,1,0.9307,4695.07,4369.7,1.2019,0.0,1.0,152335.7
15733447,1,31,2,1,51,562,1,124662.54,65390.46,1,1,1,0.745,3864.88,2879.34,1.9064,0.0196,3.15,124662.54
15679062,2,33,4,1,47,734,10,91522.04,138835.91,1,1,0,0.6929,2945.66,2041.05,0.6592,0.2128,4.5,45761.02
15594409,1,13,4,3,45,710,1,0.0,36154.66,1,1,0,0.1195,200.0,23.9,0.0,0.0222,3.15,0.0
15613816,3,26,1,2,39,539,6,62052.28,59755.14,1,0,0,0.4157,1936.57,805.03,1.0384,0.1538,2.9,62052.28
15681991,1,6,2,3,32,542,7,107871.72,125302.64,0,1,0,0.2181,3361.15,733.07,0.8609,0.2188,2.05,107871.72
15796074,1,28,4,2,36,717,2,99472.76,94274.72,0,1,1,0.3716,3184.18,1183.24,1.0551,0.0556,1.3,49736.38
15625941,3,33,2,2,50,682,10,128039.01,102260.16,1,1,0,0.5649,3966.17,2240.49,1.2521,0.2,4.5,128039.01
15615016,1,6,4,3,33,515,2,0.0,136028.97,1,1,0,0.0413,200.0,8.26,0.0,0.0606,3.3,0.0
15748414,3,26,4,3,33,526,8,114634.63,110114.38,0,1,1,0.3157,3639.04,1148.84,1.041,0.2424,2.2,57317.32
15751203,1,3,4,3,26,702,5,56738.47,100442.22,1,1,1,0.1333,1902.15,253.56,0.5649,0.1923,3.75,28369.24
15662658,2,7,3,3,34,651,2,90355.12,193597.94,0,0,0,0.055,2860.65,157.34,0.4667,0.0588,0.3,45177.56
15574868,2,9,3,3,36,792,5,115725.24,1871.25,0,0,0,0.225,3621.76,814.9,61.8108,0.1389,0.75,57862.62
15790282,2,15,4,2,58,817,3,114327.59,42831.11,1,1,0,0.3648,3629.83,1324.16,2.6692,0.0517,3.45,57163.8
15762927,2,28,2,1,36,674,6,100762.64,182156.86,0,1,0,0.7327,3147.88,2306.45,0.5532,0.1667,1.9,100762.64
15803456,1,27,1,1,40,641,9,0.0,151648.66,0,0,1,0.8132,75.0,60.99,0.0,0.225,1.35,0.0
15771857,3,6,4,3,39,513,7,89039.9,146738.83,1,1,0,0.2253,2871.2,646.88,0.6068,0.1795,4.05,44519.95
15700601,1,6,2,3,34,561,1,78829.53,12148.2,1,1,0,0.1732,2489.89,431.25,6.4885,0.0294,3.15,78829.53
15569670,2,7,2,2,30,627,6,112372.96,118029.09,1,1,0,0.4519,3496.19,1579.93,0.9521,0.2,3.9,112372.96
15772341,2,18,2,3,81,682,6,122029.15,50783.88,1,1,0,0.0379,3785.87,143.48,2.4029,0.0741,3.9,122029.15
15661548,1,23,1,3,29,683,0,157829.12,129891.66,0,0,0,0.2295,4809.87,1103.87,1.2151,0.0,0.0,157829.12
15787597,2,26,4,3,31,420,1,108377.75,9904.63,1,1,0,0.2043,3451.33,705.11,10.941,0.0323,3.15,54188.88
15806913,1,33,2,2,54,670,2,95507.12,63213.31,1,1,0,0.5309,2990.21,1587.5,1.5108,0.037,3.3,95507.12
15804862,2,6,1,1,43,505,6,127146.68,137565.87,0,0,0,0.8371,3889.4,3255.82,0.9243,0.1395,0.9,127146.68
15792986,2,2,2,1,24,580,1,133811.78,17185.95,0,1,1,0.65,4139.35,2690.58,7.7857,0.0417,1.15,133811.78
15625632,1,6,3,3,36,577,3,121092.47,143783.46,1,0,0,0.1698,3782.77,642.31,0.8422,0.0833,2.45,60546.24
15727703,2,9,1,2,34,773,10,126979.75,36823.28,0,0,0,0.5752,3884.39,2234.3,3.4483,0.2941,1.5,126979.75
15606273,1,7,3,3,37,616,5,144235.73,154957.66,0,0,1,0.2448,4477.07,1095.99,0.9308,0.1351,0.75,72117.87
15799652,1,29,3,2,38,763,0,152582.2,31892.82,0,0,0,0.5457,4727.47,2579.78,4.7841,0.0,0.0,76291.1
15715047,3,7,2,2,43,640,9,172478.15,191084.4,0,1,1,0.58,5299.34,3073.62,0.9026,0.2093,2.35,172478.15
15784687,1,7,1,3,36,592,1,126477.42,179718.17,0,0,0,0.3103,3869.32,1200.65,0.7038,0.0278,0.15,126477.42
15615322,3,6,4,3,43,528,7,97473.87,159823.16,1,1,0,0.3438,3124.22,1074.11,0.6099,0.1628,4.05,48736.94
15722072,1,12,1,2,53,630,5,138053.67,114110.97,1,0,0,0.6189,4216.61,2609.66,1.2098,0.0943,2.75,138053.67
15646784,1,26,4,3,31,529,2,164003.05,60993.23,1,1,0,0.1648,5120.09,843.79,2.6888,0.0645,3.3,82001.52
15644692,1,31,2,1,47,546,8,0.0,66408.01,1,1,1,0.7346,125.0,91.82,0.0,0.1702,4.2,0.0
15670354,1,39,4,3,62,753,6,0.0,136398.9,1,1,0,0.2286,200.0,45.72,0.0,0.0968,3.9,0.0
15716357,3,29,4,2,39,772,4,122486.11,140709.25,1,1,0,0.3517,3874.58,1362.69,0.8705,0.1026,3.6,61243.06
15786717,1,6,3,3,36,567,1,0.0,8555.73,0,0,0,0.0437,150.0,6.56,0.0,0.0278,0.15,0.0
15771383,2,32,2,1,45,628,6,53667.44,115022.94,0,1,0,0.8492,1735.02,1473.38,0.4666,0.1333,1.9,53667.44
15649793,1,2,3,3,20,658,7,0.0,187638.34,0,0,0,0.0351,150.0,5.26,0.0,0.35,1.05,0.0
15731543,3,13,2,2,58,679,9,109327.65,3829.13,1,1,0,0.4618,3404.83,1572.35,28.5441,0.1552,4.35,109327.65
15684516,3,7,1,3,34,629,1,121151.05,119357.93,0,0,0,0.2335,3709.53,866.18,1.015,0.0294,0.15,121151.05
15677249,3,8,2,3,42,731,9,101043.63,192175.52,1,1,0,0.2162,3156.31,682.39,0.5258,0.2143,4.35,101043.63
15581525,2,9,4,3,33,775,3,83501.66,128841.31,0,1,0,0.1491,2705.05,403.32,0.6481,0.0909,1.45,41750.83
15628420,3,7,1,3,33,660,2,80462.24,150422.35,0,0,0,0.1957,2488.87,487.07,0.5349,0.0606,0.3,80462.24
15600478,1,9,2,2,39,752,3,0.0,188187.05,0,1,0,0.6421,125.0,80.26,0.0,0.0769,1.45,0.0
15594502,1,7,4,3,37,655,6,109093.41,1775.52,0,1,0,0.2873,3472.8,997.74,61.4085,0.1622,1.9,54546.7
15784361,3,31,2,2,46,543,5,140355.6,85086.78,1,1,0,0.5272,4335.67,2285.77,1.6495,0.1087,3.75,140355.6
15767626,1,10,4,3,42,811,10,0.0,3797.79,1,1,0,0.0506,200.0,10.12,0.0,0.2381,4.5,0.0
15632521,2,13,4,2,45,689,0,130170.82,150856.38,0,1,0,0.5833,4105.12,2394.52,0.8629,0.0,1.0,65085.41
15665088,1,26,3,3,42,531,2,0.0,90537.47,1,0,0,0.1679,150.0,25.18,0.0,0.0476,2.3,0.0
15652084,1,6,2,3,40,515,0,109542.29,166370.81,1,1,0,0.2782,3411.27,949.02,0.6584,0.0,3.0,109542.29
15574761,1,26,4,2,41,466,3,33563.95,178994.13,0,1,1,0.4791,1206.92,578.24,0.1875,0.0732,1.45,16781.97
15729515,1,9,4,3,36,782,1,148795.17,195681.43,1,1,0,0.0872,4663.86,406.69,0.7604,0.0278,3.15,74397.59
15682070,1,17,4,3,64,611,9,0.0,53277.15,1,1,0,0.0965,200.0,19.3,0.0,0.1406,4.35,0.0
15743817,2,7,6,1,40,621,8,174126.75,172490.78,0,1,1,0.9822,5498.8,5400.92,1.0095,0.2,2.2,58042.25
15572158,3,7,1,2,41,604,3,0.0,11819.84,0,0,0,0.5835,75.0,43.76,0.0,0.0732,0.45,0.0
15584477,3,27,2,3,35,655,1,106405.03,82900.25,1,1,0,0.1327,3317.15,440.19,1.2835,0.0286,3.15,106405.03
15614893,3,8,2,2,38,689,2,0.0,82709.8,1,1,0,0.3834,125.0,47.92,0.0,0.0526,3.3,0.0
15665963,3,8,2,3,30,681,2,128393.29,180593.45,1,1,0,0.2371,3976.8,942.9,0.7109,0.0667,3.3,128393.29
15612524,2,7,2,1,41,643,2,127841.52,172363.41,0,1,0,0.6726,3960.25,2663.66,0.7417,0.0488,1.3,127841.52
15596962,1,22,4,3,24,617,4,137295.19,91195.12,1,1,0,0.1141,4318.86,492.78,1.5055,0.1667,3.6,68647.6
15744942,3,32,1,1,55,638,2,155828.22,108987.25,1,0,1,0.652,4749.85,3096.9,1.4298,0.0364,2.3,155828.22
15573278,1,9,4,3,39,743,6,0.0,44265.28,0,1,0,0.0609,200.0,12.18,0.0,0.1538,1.9,0.0
15717056,2,25,2,2,25,828,7,144351.86,116613.26,0,1,0,0.4215,4455.56,1878.02,1.2379,0.28,2.05,144351.86
15795881,3,9,2,3,35,776,8,106365.29,148527.56,1,1,0,0.0728,3315.96,241.4,0.7161,0.2286,4.2,106365.29
15758939,2,6,1,2,35,540,7,127801.88,84239.46,1,0,0,0.468,3909.06,1829.44,1.5171,0.2,3.05,127801.88
15792250,2,32,2,1,45,616,4,122793.96,62002.04,1,1,0,0.835,3808.82,3180.36,1.9805,0.0889,3.6,122793.96
15740406,2,7,2,1,38,628,10,113525.84,46044.48,0,1,1,0.7795,3530.78,2752.24,2.4655,0.2632,2.5,113525.84
15768137,3,22,3,2,23,667,6,136100.69,169669.33,0,0,1,0.4805,4233.02,2033.97,0.8021,0.2609,0.9,68050.34
15569120,1,7,4,3,30,615,7,0.0,156346.84,1,1,0,0.0301,200.0,6.02,0.0,0.2333,4.05,0.0
15723721,1,6,2,3,30,543,4,140916.81,157711.18,0,1,0,0.204,4352.5,887.91,0.8935,0.1333,1.6,140916.81
15777122,1,26,4,3,31,553,4,0.0,89087.4,1,1,0,0.0683,200.0,13.66,0.0,0.129,3.6,0.0
15742681,2,1,2,2,26,554,4,121365.39,8742.36,1,1,0,0.4624,3765.96,1741.38,13.8809,0.1538,3.6,121365.39
15582090,3,28,2,2,36,684,4,0.0,117038.96,0,1,0,0.5954,125.0,74.43,0.0,0.1111,1.6,0.0
15711254,1,26,4,3,35,452,7,0.0,164241.67,0,1,0,0.1783,200.0,35.66,0.0,0.2,2.05,0.0
15775067,1,12,3,2,47,606,3,93578.68,137720.56,1,0,1,0.5371,2957.36,1588.4,0.6795,0.0638,2.45,46789.34
15602851,1,7,2,1,40,629,9,0.0,106.67,0,1,0,0.656,125.0,82.0,0.0,0.225,2.35,0.0
15802857,3,27,1,3,33,659,8,115409.6,1539.21,1,0,0,0.2521,3537.29,891.75,74.9311,0.2424,3.2,115409.6
15701175,1,26,2,3,33,493,8,90791.69,59659.53,1,1,0,0.1547,2848.75,440.7,1.5218,0.2424,4.2,90791.69
15783019,1,39,6,1,62,794,9,123681.32,173586.63,0,1,1,0.9899,3985.44,3945.19,0.7125,0.1452,2.35,41227.11
15728912,1,26,2,1,44,554,6,92436.86,126033.9,0,1,0,0.7012,2898.11,2032.15,0.7334,0.1364,1.9,92436.86
15585580,2,34,2,1,52,796,9,167194.36,62808.93,1,1,1,0.703,5140.83,3614.0,2.6619,0.1731,4.35,167194.36
15583480,1,30,3,3,36,807,4,0.0,147007.33,1,0,0,0.0838,150.0,12.57,0.0,0.1111,2.6,0.0
15620341,2,6,4,3,44,500,9,160838.13,196261.64,0,1,0,0.2458,5025.14,1235.18,0.8195,0.2045,2.35,80419.06
15613886,3,8,2,1,43,722,1,0.0,44560.17,0,1,1,0.7578,125.0,94.72,0.0,0.0233,1.15,0.0
15792916,3,26,2,3,40,559,7,144470.77,18917.95,1,1,0,0.2876,4459.12,1282.44,7.6363,0.175,4.05,144470.77
15710408,3,27,4,3,38,584,3,0.0,4525.4,1,1,0,0.0984,200.0,19.68,0.0,0.0789,3.45,0.0
15598695,2,40,3,3,68,834,9,130169.27,93112.2,1,0,0,0.2476,4055.08,1004.04,1.398,0.1324,3.35,65084.64
15649354,3,9,4,3,35,754,4,0.0,9658.41,1,1,0,0.0462,200.0,9.24,0.0,0.1143,3.6,0.0
15737556,1,7,4,3,43,590,7,81076.8,182627.25,1,1,1,0.327,2632.3,860.76,0.4439,0.1628,4.05,40538.4
15671610,1,9,2,2,36,740,7,0.0,13177.4,1,1,0,0.3842,125.0,48.02,0.0,0.1944,4.05,0.0
15625092,2,31,2,1,57,502,3,101465.31,43568.31,0,1,1,0.9682,3168.96,3068.19,2.3288,0.0526,1.45,101465.31
15741032,1,13,1,1,48,733,5,0.0,117830.57,1,0,0,0.7953,75.0,59.65,0.0,0.1042,2.75,0.0
15750014,2,29,4,2,37,755,0,113865.23,117396.25,1,1,0,0.5458,3615.96,1973.59,0.9699,0.0,3.0,56932.62
15784761,3,31,5,1,46,554,7,87603.35,96929.24,1,0,1,0.9869,2853.1,2815.72,0.9038,0.1522,3.05,29201.12
15768359,1,6,2,3,36,534,4,120037.96,36275.94,0,1,0,0.2982,3726.14,1111.13,3.3089,0.1111,1.6,120037.96
15805769,3,7,4,3,33,656,4,0.0,116706.0,0,1,0,0.0477,200.0,9.54,0.0,0.1212,1.6,0.0
15719508,2,11,8,1,49,575,7,121205.15,168080.53,1,1,1,0.9819,3986.15,3914.0,0.7211,0.1429,4.05,30301.29
15609011,3,11,2,1,47,480,8,75408.33,25887.89,0,1,1,0.7489,2387.25,1787.81,2.9128,0.1702,2.2,75408.33
15703106,1,6,4,3,40,575,5,0.0,122488.59,1,1,0,0.0449,200.0,8.98,0.0,0.125,3.75,0.0
15626795,1,28,2,1,40,672,3,0.0,113171.61,0,1,1,0.7603,125.0,95.04,0.0,0.075,1.45,0.0
15773731,3,29,3,3,35,758,5,0.0,100365.51,0,0,0,0.1902,150.0,28.53,0.0,0.1429,0.75,0.0
15756196,1,13,3,2,50,682,6,121818.84,124151.37,1,0,0,0.4195,3804.57,1596.02,0.9812,0.12,2.9,60909.42
15687903,1,21,4,3,29,501,8,0.0,112664.24,0,1,0,0.0546,200.0,10.92,0.0,0.2759,2.2,0.0
15777599,2,9,4,3,34,746,6,141806.0,183494.87,1,1,0,0.1337,4454.18,595.52,0.7728,0.1765,3.9,70903.0
15754577,1,31,2,1,51,556,8,61354.14,198810.65,0,1,1,0.95,1965.62,1867.34,0.3086,0.1569,2.2,61354.14
15584113,2,35,1,1,53,823,4,124954.94,131259.6,1,0,1,0.8988,3823.65,3436.7,0.952,0.0755,2.6,124954.94
15669589,2,36,1,1,68,491,1,95039.12,116471.14,1,0,1,0.8098,2926.17,2369.61,0.816,0.0147,2.15,95039.12
15632793,1,22,2,3,29,638,9,103417.74,15336.4,1,1,0,0.1726,3227.53,557.07,6.7428,0.3103,4.35,103417.74
15711130,1,13,4,3,45,734,2,0.0,99593.28,0,1,0,0.1816,200.0,36.32,0.0,0.0444,1.3,0.0
15615254,1,6,2,1,40,555,10,43028.77,170514.21,0,1,0,0.6928,1415.86,980.91,0.2523,0.25,2.5,43028.77
15720583,2,29,2,1,44,745,0,119638.21,34265.08,1,1,1,0.8434,3714.15,3132.51,3.4914,0.0,3.0,119638.21
15780432,1,8,3,3,37,728,3,122689.51,106977.53,0,0,1,0.2709,3830.69,1037.73,1.1469,0.0811,0.45,61344.76
15673223,1,7,3,3,44,626,10,0.0,164287.86,0,0,0,0.2112,150.0,31.68,0.0,0.2273,1.5,0.0
15807989,2,8,4,3,37,681,8,73179.34,25292.53,1,1,0,0.1389,2395.38,332.72,2.8932,0.2162,4.2,36589.67
15761168,1,26,2,2,38,478,4,171913.87,51820.87,0,1,1,0.4735,5282.42,2501.23,3.3174,0.1053,1.6,171913.87
15651272,1,8,4,3,38,709,5,0.0,81452.29,1,1,0,0.0378,200.0,7.56,0.0,0.1316,3.75,0.0
15812832,2,6,4,3,33,562,8,92659.2,1354.25,0,1,0,0.1489,2979.78,443.69,68.3706,0.2424,2.2,46329.6
15680517,2,29,2,2,34,769,7,137239.17,71379.92,1,1,1,0.5451,4242.18,2312.41,1.9226,0.2059,4.05,137239.17
15750569,2,33,4,1,46,684,3,102955.14,154137.33,0,1,0,0.7288,3288.65,2396.77,0.6679,0.0652,1.45,51477.57
15690743,1,36,2,2,61,536,8,65190.29,64308.49,1,1,1,0.5171,2080.71,1075.94,1.0137,0.1311,4.2,65190.29
15627741,2,22,4,3,29,631,2,96863.52,31613.35,1,1,0,0.1386,3105.91,430.48,3.0639,0.069,3.3,48431.76
15712121,3,7,2,3,34,657,5,154983.98,27738.01,0,1,0,0.2587,4774.52,1235.17,5.5872,0.1471,1.75,154983.98
15805429,2,13,1,1,59,699,3,106819.65,163570.25,1,0,0,0.7651,3279.59,2509.21,0.653,0.0508,2.45,106819.65
15814923,3,7,2,3,38,606,7,128578.52,193878.51,1,1,0,0.2164,3982.36,861.78,0.6632,0.1842,4.05,128578.52
15589230,1,37,1,2,63,612,2,126473.33,147545.65,1,0,0,0.5937,3869.2,2297.14,0.8572,0.0317,2.3,126473.33
15775490,1,27,4,3,38,660,5,110570.78,195906.59,0,1,0,0.3109,3517.12,1093.47,0.5644,0.1316,1.75,55285.39
15749727,3,15,3,3,50,829,7,0.0,178458.86,1,0,0,0.1341,150.0,20.11,0.0,0.14,3.05,0.0
15619238,3,1,4,3,29,567,8,0.0,156125.72,0,1,0,0.0168,200.0,3.36,0.0,0.2759,2.2,0.0
15593468,1,30,4,3,33,850,3,0.0,11159.19,1,1,0,0.0474,200.0,9.48,0.0,0.0909,3.45,0.0
15718454,3,28,3,3,44,712,2,0.0,45738.94,0,0,0,0.2382,150.0,35.73,0.0,0.0455,0.3,0.0
15789498,1,6,3,3,30,562,3,111099.79,140650.19,0,0,0,0.1864,3482.99,649.23,0.7899,0.1,0.45,55549.9
15744691,1,24,6,2,29,755,3,0.0,4733.94,0,1,0,0.3794,275.0,104.34,0.0,0.1034,1.45,0.0
15708289,3,4,1,3,25,793,3,100913.57,10579.72,0,0,0,0.1327,3102.41,411.69,9.5375,0.12,0.45,100913.57
15790412,3,1,4,3,26,471,8,0.0,179655.87,1,1,0,0.0636,200.0,12.72,0.0,0.3077,4.2,0.0
15741416,1,8,2,2,42,707,2,16893.59,77502.56,1,1,0,0.4418,631.81,279.13,0.218,0.0476,3.3,16893.59
15598894,3,9,1,3,38,784,10,122267.85,145759.93,0,0,0,0.348,3743.04,1302.58,0.8388,0.2632,1.5,122267.85
15663294,1,8,2,3,32,703,1,125685.79,56246.72,1,1,0,0.1445,3895.57,562.91,2.2345,0.0312,3.15,125685.79
15572728,3,8,2,3,36,704,8,127397.34,151335.24,0,1,0,0.2308,3946.92,910.95,0.8418,0.2222,2.2,127397.34
15706729,1,7,1,3,38,662,0,105271.56,179833.45,1,0,0,0.2855,3233.15,923.06,0.5854,0.0,2.0,105271.56
15674433,2,22,1,2,28,636,2,115265.14,191627.85,0,0,0,0.633,3532.95,2236.36,0.6015,0.0714,0.3,115265.14
15641170,3,7,1,2,36,640,4,0.0,173016.46,0,0,0,0.4213,75.0,31.6,0.0,0.1111,0.6,0.0
15806284,3,8,4,3,31,739,1,0.0,58469.75,1,1,0,0.036,200.0,7.2,0.0,0.0323,3.15,0.0
15690958,2,4,1,2,23,767,2,139542.82,28038.28,1,0,0,0.5064,4261.28,2157.91,4.9767,0.087,2.3,139542.82
15606386,2,34,6,1,46,753,3,111512.75,159576.75,0,1,1,0.9821,3620.38,3555.58,0.6988,0.0652,1.45,37170.92
15682322,1,8,3,3,37,714,9,148466.93,151280.96,1,0,0,0.1717,4604.01,790.51,0.9814,0.2432,3.35,74233.46
15579915,1,3,4,3,29,707,4,0.0,139953.94,0,1,0,0.0472,200.0,9.44,0.0,0.1379,1.6,0.0
15681928,1,26,2,2,35,577,4,108155.49,105407.79,0,1,0,0.3828,3369.66,1289.91,1.0261,0.1143,1.6,108155.49
15734005,1,27,4,3,42,633,1,0.0,56865.62,0,1,0,0.2148,200.0,42.96,0.0,0.0238,1.15,0.0
15650432,2,10,2,3,41,849,10,84622.13,198072.16,1,1,0,0.2603,2663.66,693.35,0.4272,0.2439,4.5,84622.13
15592578,3,27,3,2,41,614,7,146997.64,137791.18,0,0,0,0.5524,4559.93,2518.91,1.0668,0.1707,1.05,73498.82
15671243,1,31,4,2,47,558,9,0.0,103787.28,0,1,0,0.3854,200.0,77.08,0.0,0.1915,2.35,0.0
15775709,1,25,2,3,27,832,10,98590.25,30912.89,0,1,0,0.1866,3082.71,575.23,3.1892,0.3704,2.5,98590.25
15702631,1,21,4,3,26,567,2,0.0,78651.55,1,1,0,0.0493,200.0,9.86,0.0,0.0769,3.3,0.0
15602282,2,32,2,1,45,587,8,134980.74,123309.57,1,1,1,0.8337,4174.42,3480.21,1.0946,0.1778,4.2,134980.74
15717879,3,38,2,3,79,712,5,108078.56,174118.93,1,1,0,0.0228,3367.36,76.78,0.6207,0.0633,3.75,108078.56
15740878,3,22,3,3,29,655,9,0.0,85736.26,1,0,0,0.0543,150.0,8.14,0.0,0.3103,3.35,0.0
15794468,1,27,3,3,42,641,6,0.0,121138.77,0,0,0,0.2118,150.0,31.77,0.0,0.1429,0.9,0.0
15773277,1,8,4,3,35,676,5,106836.67,84199.78,0,1,0,0.1864,3405.1,634.71,1.2688,0.1429,1.75,53418.34
15572657,1,1,1,3,29,472,8,102490.27,181224.56,1,0,0,0.2477,3149.71,780.18,0.5655,0.2759,3.2,102490.27
15800295,2,7,3,3,34,644,9,112746.54,141230.07,0,0,0,0.1336,3532.4,471.93,0.7983,0.2647,1.35,56373.27
15672397,1,7,1,3,38,598,0,125487.89,158111.71,0,0,0,0.2565,3839.64,984.87,0.7937,0.0,0.0,125487.89
15684921,3,4,2,3,25,792,8,142862.21,130639.01,1,1,0,0.0654,4410.87,288.47,1.0936,0.32,4.2,142862.21
15720676,1,28,4,3,37,700,7,0.0,17040.82,0,1,0,0.1372,200.0,27.44,0.0,0.1892,2.05,0.0
15731829,1,7,4,3,34,616,10,0.0,25662.27,0,1,0,0.0265,200.0,5.3,0.0,0.2941,2.5,0.0
15732672,3,9,2,3,35,743,6,79388.33,193360.69,1,1,0,0.2099,2506.65,526.15,0.4106,0.1714,3.9,79388.33
15692406,1,6,4,3,37,427,5,0.0,121485.1,1,1,0,0.0616,200.0,12.32,0.0,0.1351,3.75,0.0
15764405,1,3,4,3,29,731,10,0.0,162452.65,1,1,0,0.0217,200.0,4.34,0.0,0.3448,4.5,0.0
15757537,1,27,2,3,31,610,6,107784.65,141137.53,1,1,0,0.2419,3358.54,812.43,0.7637,0.1935,3.9,107784.65
15793307,3,28,5,1,41,724,4,142880.28,185541.2,0,0,1,0.9604,4511.41,4332.76,0.7701,0.0976,0.6,47626.76
15660679,3,27,2,2,38,653,9,149571.94,118383.18,0,1,0,0.4208,4612.16,1940.8,1.2634,0.2368,2.35,149571.94
15666856,1,14,2,2,49,774,1,142767.39,8214.41,1,1,0,0.626,4408.02,2759.42,17.378,0.0204,3.15,142767.39
15687372,2,11,4,1,49,547,8,121537.71,46521.45,0,1,1,0.7955,3846.13,3059.6,2.6125,0.1633,2.2,60768.86
15667289,3,13,3,3,50,719,2,0.0,10772.13,0,0,0,0.2099,150.0,31.48,0.0,0.04,0.3,0.0
15624641,3,9,2,1,43,740,9,0.0,199290.68,0,1,1,0.808,125.0,101.0,0.0,0.2093,2.35,0.0
15734610,1,6,6,1,42,543,4,89838.71,85983.54,0,1,1,0.9811,2970.16,2914.02,1.0448,0.0952,1.6,29946.24
15631882,2,13,1,1,45,688,9,103399.87,129870.93,0,0,0,0.9054,3177.0,2876.46,0.7962,0.2,1.35,103399.87
15642709,1,26,3,3,30,474,9,0.0,63158.22,0,0,0,0.1088,150.0,16.32,0.0,0.3,1.35,0.0
15811026,2,6,4,2,43,505,5,136855.94,171070.52,0,1,0,0.3897,4305.68,1677.92,0.8,0.1163,1.75,68427.97
15596303,1,28,4,3,39,688,0,0.0,53222.15,0,1,1,0.2334,200.0,46.68,0.0,0.0,1.0,0.0
15787255,2,32,6,1,55,650,2,140891.46,179834.45,1,1,1,0.9784,4501.74,4404.5,0.7834,0.0364,3.3,46963.82
15617166,1,7,2,2,37,610,0,0.0,114514.64,0,1,0,0.509,125.0,63.62,0.0,0.0,1.0,0.0
15742442,3,33,1,2,46,705,5,89364.91,139162.15,1,0,0,0.6422,2755.95,1769.87,0.6422,0.1087,2.75,89364.91
15758692,1,22,1,3,29,669,7,146011.4,50249.16,0,0,0,0.3055,4455.34,1361.11,2.9057,0.2414,1.05,146011.4
15568238,3,2,4,3,20,650,8,0.0,113469.65,1,1,0,0.0144,200.0,2.88,0.0,0.4,4.2,0.0
15730353,2,1,4,3,29,550,9,145294.08,147484.13,0,1,0,0.1325,4558.82,604.04,0.9851,0.3103,2.35,72647.04
15731555,2,32,1,1,45,595,9,106000.12,191448.96,0,0,1,0.9431,3255.0,3069.79,0.5537,0.2,1.35,106000.12
15582404,3,21,4,3,26,572,5,0.0,119381.41,0,1,0,0.0823,200.0,16.46,0.0,0.1923,1.75,0.0
15721462,3,32,4,3,58,622,2,0.0,33277.31,1,1,0,0.1963,200.0,39.26,0.0,0.0345,3.3,0.0
15632899,3,2,3,3,20,662,9,104508.77,73107.53,0,0,0,0.1595,3285.26,524.0,1.4295,0.45,1.35,52254.38
15808526,2,34,2,1,58,783,3,127539.3,96590.39,1,1,1,0.8495,3951.18,3356.53,1.3204,0.0517,3.45,127539.3
15694349,3,8,1,2,44,714,7,0.0,6923.11,1,0,0,0.569,75.0,42.68,0.0,0.1591,3.05,0.0
15718465,2,13,2,1,51,671,3,96891.46,176403.33,0,1,1,0.9386,3031.74,2845.59,0.5493,0.0588,1.45,96891.46
15682995,1,27,2,3,32,600,1,78535.25,64349.6,0,1,0,0.1941,2481.06,481.57,1.2204,0.0312,1.15,78535.25
15584776,3,30,2,3,37,847,9,112712.17,116097.26,0,1,0,0.3459,3506.37,1212.85,0.9708,0.2432,2.35,112712.17
15777772,3,12,2,2,55,650,9,119618.42,29861.13,1,1,0,0.5827,3713.55,2163.89,4.0057,0.1636,4.35,119618.42
15576156,3,23,2,2,28,710,6,0.0,48426.98,0,1,0,0.4318,125.0,53.98,0.0,0.2143,1.9,0.0
15646756,1,28,2,3,33,682,8,74963.5,32770.56,1,1,0,0.2062,2373.9,489.5,2.2875,0.2424,4.2,74963.5
15742886,1,2,3,3,26,642,1,138023.79,117060.2,1,0,0,0.1044,4290.71,447.95,1.1791,0.0385,2.15,69011.9
15586135,3,21,2,2,28,536,4,0.0,136197.65,1,1,0,0.3779,125.0,47.24,0.0,0.1429,3.6,0.0
15616152,1,34,2,1,47,754,1,185513.67,27438.83,0,1,0,0.8803,5690.41,5009.27,6.7607,0.0213,1.15,185513.67
15721460,1,18,1,1,60,678,8,185648.56,192156.54,0,0,1,0.9555,5644.46,5393.28,0.9661,0.1333,1.2,185648.56
15727317,2,31,6,1,49,533,1,102286.6,69409.37,0,1,1,0.982,3343.6,3283.42,1.4737,0.0204,1.15,34095.53
15649536,2,9,2,1,38,741,4,128015.83,58440.43,0,1,0,0.7482,3965.47,2966.96,2.1905,0.1053,1.6,128015.83
15754929,1,9,3,3,31,757,10,39539.39,192519.39,0,0,0,0.043,1336.18,57.46,0.2054,0.3226,1.5,19769.7
15572051,1,8,2,2,40,721,3,0.0,144874.67,1,1,0,0.4148,125.0,51.85,0.0,0.075,3.45,0.0
15668142,1,8,4,3,37,700,3,77608.46,175373.46,1,1,0,0.0532,2528.25,134.5,0.4425,0.0811,3.45,38804.23
15701176,1,2,2,3,26,663,5,141462.13,440.2,0,1,0,0.2384,4368.86,1041.54,320.6304,0.1923,1.75,141462.13
15708422,3,28,3,3,35,677,0,0.0,76637.38,0,0,0,0.2128,150.0,31.92,0.0,0.0,0.0,0.0
15655632,1,2,2,3,27,655,2,131691.33,49480.66,0,1,0,0.234,4075.74,953.72,2.6614,0.0741,1.3,131691.33
15744606,3,5,1,3,29,832,8,93833.86,10417.87,1,0,0,0.1426,2890.02,412.12,9.0061,0.2759,3.2,93833.86
15612140,3,33,2,2,46,721,7,137933.39,67976.57,1,1,0,0.5195,4263.0,2214.63,2.0291,0.1522,4.05,137933.39
15656086,3,11,1,2,54,542,8,105770.14,140929.98,1,0,1,0.6323,3248.1,2053.77,0.7505,0.1481,3.2,105770.14
15655298,3,32,3,3,54,654,5,0.0,47139.06,1,0,0,0.2834,150.0,42.51,0.0,0.0926,2.75,0.0
15644796,3,30,3,3,38,821,8,0.0,126241.4,1,0,1,0.0859,150.0,12.88,0.0,0.2105,3.2,0.0
15726250,1,26,3,3,38,508,3,166328.65,22614.19,1,0,0,0.3407,5139.86,1751.15,7.3547,0.0789,2.45,83164.32
15764432,2,27,2,2,42,588,2,164307.77,48498.19,0,1,0,0.6009,5054.23,3037.09,3.3878,0.0476,1.3,164307.77
15631721,2,8,3,3,38,691,9,163965.69,103511.26,1,0,0,0.1472,5068.97,746.15,1.584,0.2368,3.35,81982.84
15707479,1,7,2,2,40,664,7,125608.72,122073.48,0,1,0,0.4926,3893.26,1917.82,1.029,0.175,2.05,125608.72
15579826,1,36,2,1,66,439,9,0.0,65535.56,0,1,0,0.9161,125.0,114.51,0.0,0.1364,2.35,0.0
15668104,3,6,1,3,37,479,6,118433.94,160060.9,1,0,0,0.2249,3628.02,815.94,0.7399,0.1622,2.9,118433.94
15641604,1,35,2,1,55,850,10,98488.08,155879.57,0,1,1,0.9487,3079.64,2921.65,0.6318,0.1818,2.5,98488.08
15587240,1,6,3,3,40,518,4,0.0,194416.58,1,0,0,0.0962,150.0,14.43,0.0,0.1,2.6,0.0
15680767,2,38,4,2,64,717,10,98362.35,21630.21,1,1,0,0.407,3150.87,1282.4,4.5472,0.1562,4.5,49181.18
15601594,1,33,8,1,51,698,6,144237.91,157143.61,0,1,1,0.9947,4677.14,4652.35,0.9179,0.1176,1.9,36059.48
15589969,1,10,1,2,34,850,6,0.0,52796.31,1,0,0,0.3927,75.0,29.45,0.0,0.1765,2.9,0.0
15703728,3,13,2,1,47,700,4,0.0,121798.52,0,1,1,0.8898,125.0,111.22,0.0,0.0851,1.6,0.0
15617790,1,22,3,3,29,626,4,105767.28,41104.82,0,0,0,0.1914,3323.02,636.03,2.573,0.1379,0.6,52883.64
15662500,3,9,4,3,32,774,9,0.0,10604.48,0,1,0,0.0176,200.0,3.52,0.0,0.2812,2.35,0.0
15778526,3,33,3,2,48,719,5,0.0,78563.66,0,0,0,0.4326,150.0,64.89,0.0,0.1042,0.75,0.0
15670584,3,7,2,2,31,646,2,0.0,170821.43,1,1,1,0.3661,125.0,45.76,0.0,0.0645,3.3,0.0
15748069,1,21,2,3,25,485,3,134467.26,113266.09,1,1,0,0.114,4159.02,474.13,1.1872,0.12,3.45,134467.26
15680597,2,9,2,2,38,784,1,138515.02,171768.76,1,1,0,0.5007,4280.45,2143.22,0.8064,0.0263,3.15,138515.02
15628992,2,10,3,3,32,850,2,128647.98,54416.18,0,0,0,0.1446,4009.44,579.77,2.3641,0.0625,0.3,64323.99
15719624,1,27,2,2,38,669,9,121858.98,130755.34,0,1,0,0.4381,3780.77,1656.36,0.932,0.2368,2.35,121858.98
15812767,3,18,4,3,70,731,3,0.0,141180.66,1,1,0,0.06,200.0,12.0,0.0,0.0429,3.45,0.0
15689201,1,33,1,1,49,721,1,120108.56,183421.76,1,0,0,0.7545,3678.26,2775.25,0.6548,0.0204,2.15,120108.56
15614716,1,26,2,2,37,515,0,196853.62,132770.11,1,1,0,0.494,6030.61,2979.12,1.4827,0.0,3.0,196853.62
15683618,1,29,2,3,35,774,3,121418.62,24400.37,1,1,0,0.2546,3767.56,959.22,4.9759,0.0857,3.45,121418.62
15799631,3,7,4,3,36,585,10,0.0,180318.6,1,1,0,0.0495,200.0,9.9,0.0,0.2778,4.5,0.0
15692259,1,23,4,3,29,695,9,0.0,111565.45,0,1,0,0.0543,200.0,10.86,0.0,0.3103,2.35,0.0
15590966,2,28,3,2,42,729,4,97495.8,2002.5,0,0,0,0.4156,3074.87,1277.92,48.6627,0.0952,0.6,48747.9
15656426,1,28,3,3,42,713,3,0.0,82565.01,0,0,0,0.2141,150.0,32.12,0.0,0.0714,0.45,0.0
15675256,3,6,1,3,33,555,5,127343.4,121789.3,1,0,0,0.1881,3895.3,732.71,1.0456,0.1515,2.75,127343.4
15751185,3,33,2,1,50,699,0,158633.61,193785.87,0,1,0,0.8488,4884.01,4145.55,0.8186,0.0,1.0,158633.61
15789582,1,12,2,1,55,587,9,0.0,64593.07,0,1,0,0.9523,125.0,119.04,0.0,0.1636,2.35,0.0
15651103,3,39,2,2,69,762,9,183744.98,196993.69,1,1,0,0.3795,5637.35,2139.37,0.9327,0.1304,4.35,183744.98
15672299,1,6,4,3,44,510,6,0.0,175518.31,1,1,0,0.1093,200.0,21.86,0.0,0.1364,3.9,0.0
15772250,3,15,1,1,46,842,9,0.0,17268.02,0,0,0,0.8521,75.0,63.91,0.0,0.1957,1.35,0.0
15763922,1,7,4,3,31,608,7,79962.92,60901.72,0,1,0,0.1582,2598.89,411.14,1.313,0.2258,2.05,39981.46
15633870,1,30,4,3,36,850,10,0.0,100750.03,1,1,0,0.1241,200.0,24.82,0.0,0.2778,4.5,0.0
15624323,1,7,4,3,36,642,4,0.0,195224.91,1,1,0,0.0556,200.0,11.12,0.0,0.1111,3.6,0.0
15688612,1,10,1,3,33,850,7,140956.99,3510.18,0,0,0,0.258,4303.71,1110.36,40.1452,0.2121,1.05,140956.99
15694644,3,26,2,2,43,455,6,0.0,81250.79,1,1,0,0.5189,125.0,64.86,0.0,0.1395,3.9,0.0
15587174,1,3,4,3,29,726,7,0.0,91844.14,1,1,1,0.0504,200.0,10.08,0.0,0.2414,4.05,0.0
15579559,3,6,2,3,30,544,8,145241.63,80676.83,1,1,0,0.0859,4482.25,385.03,1.8003,0.2667,4.2,145241.63
15775430,2,7,4,3,31,651,7,138008.06,129912.74,0,1,0,0.1816,4340.24,788.19,1.0623,0.2258,2.05,69004.03
15623695,1,30,4,3,31,814,4,0.0,142029.17,1,1,0,0.0622,200.0,12.44,0.0,0.129,3.6,0.0
15760849,1,6,4,3,39,537,2,0.0,137651.6,1,1,0,0.0512,200.0,10.24,0.0,0.0513,3.3,0.0
15813095,1,6,4,3,37,553,2,0.0,33877.29,0,1,0,0.084,200.0,16.8,0.0,0.0541,1.3,0.0
15705281,3,10,2,2,38,800,9,0.0,78744.39,0,1,0,0.5752,125.0,71.9,0.0,0.2368,2.35,0.0
15812594,1,9,4,3,34,791,7,0.0,96734.46,0,1,0,0.0566,200.0,11.32,0.0,0.2059,2.05,0.0
15626322,3,23,4,3,29,699,9,127570.93,164756.81,0,1,0,0.2453,4027.13,987.85,0.7743,0.3103,2.35,63785.46
15723105,1,24,2,3,28,756,6,0.0,164394.65,1,1,0,0.3203,125.0,40.04,0.0,0.2143,3.9,0.0
15588449,3,22,1,3,27,591,5,107812.67,162501.83,1,0,1,0.343,3309.38,1135.12,0.6635,0.1852,2.75,107812.67
15794849,2,5,3,3,22,850,7,91560.58,10541.38,0,0,0,0.1249,2896.82,361.81,8.685,0.3182,1.05,45780.29
15620000,2,9,4,3,34,760,6,121303.77,59325.21,1,1,0,0.1912,3839.11,734.04,2.0447,0.1765,3.9,60651.88
15799720,3,6,3,2,43,569,8,161546.68,178187.28,1,0,0,0.4405,4996.4,2200.91,0.9066,0.186,3.2,80773.34
15711287,3,27,2,2,35,661,5,128415.45,142626.49,0,1,0,0.4412,3977.46,1754.86,0.9004,0.1429,1.75,128415.45
15613102,1,28,2,2,31,670,2,57530.06,181893.31,1,1,1,0.3746,1850.9,693.35,0.3163,0.0645,3.3,57530.06
15621440,1,8,3,3,38,694,1,0.0,156858.2,1,0,0,0.0386,150.0,5.79,0.0,0.0263,2.15,0.0
15677146,1,23,4,3,28,728,4,142243.54,33074.51,0,1,0,0.2064,4467.31,922.05,4.3006,0.1429,1.6,71121.77
15801169,2,29,2,1,39,764,9,138341.51,50072.94,0,1,1,0.7756,4275.25,3315.88,2.7627,0.2308,2.35,138341.51
15722425,1,7,4,3,32,639,9,0.0,111340.36,0,1,0,0.0194,200.0,3.88,0.0,0.2812,2.35,0.0
15682421,1,28,3,3,30,683,2,0.0,100496.84,1,0,1,0.1015,150.0,15.23,0.0,0.0667,2.3,0.0
15691910,3,7,6,2,30,663,4,0.0,101371.05,0,1,0,0.4948,275.0,136.07,0.0,0.1333,1.6,0.0
15721779,3,10,3,3,41,826,5,146466.46,180934.67,0,0,0,0.2065,4543.99,938.33,0.8095,0.122,0.75,73233.23
15579548,3,8,4,3,36,735,5,0.0,105152.17,0,1,0,0.0556,200.0,11.12,0.0,0.1389,1.75,0.0
15681075,1,33,2,1,58,682,1,0.0,706.5,1,1,0,0.8668,125.0,108.35,0.0,0.0172,3.15,0.0
15607884,1,27,4,3,39,663,8,0.0,101168.9,1,1,0,0.1421,200.0,28.42,0.0,0.2051,4.2,0.0
15767757,3,21,2,3,29,562,9,120307.58,6795.61,1,1,0,0.2776,3734.23,1036.62,17.7011,0.3103,4.35,120307.58
15791550,1,3,3,3,27,696,4,87637.26,196111.35,0,0,0,0.0387,2779.12,107.55,0.4469,0.1481,0.6,43818.63
15658589,3,10,2,3,38,850,2,94652.04,171960.76,1,1,0,0.1905,2964.56,564.75,0.5504,0.0526,3.3,94652.04
15670822,1,23,2,3,22,719,7,114415.84,177497.4,1,1,0,0.191,3557.48,679.48,0.6446,0.3182,4.05,114415.84
15629744,1,40,3,3,71,804,8,0.0,147995.96,1,0,0,0.1551,150.0,23.26,0.0,0.1127,3.2,0.0
15660768,1,7,1,3,40,604,1,84315.02,36209.1,0,0,0,0.3337,2604.45,869.1,2.3285,0.025,0.15,84315.02
15726310,3,24,4,3,27,782,3,0.0,143614.01,0,1,0,0.0962,200.0,19.24,0.0,0.1111,1.45,0.0
15641298,2,6,4,2,42,512,9,93955.83,14828.54,0,1,0,0.379,3018.67,1144.08,6.3357,0.2143,2.35,46977.92
15625675,1,6,2,3,36,569,1,67087.69,154775.7,0,1,0,0.3441,2137.63,735.56,0.4334,0.0278,1.15,67087.69
15713354,2,22,2,1,22,597,6,101528.61,70529.0,0,1,1,0.6611,3170.86,2096.26,1.4395,0.2727,1.9,101528.61
15633866,2,9,2,2,30,753,1,110824.52,57896.27,1,1,0,0.4125,3449.74,1423.02,1.9142,0.0333,3.15,110824.52
15704231,1,26,2,3,33,430,8,0.0,69759.91,1,1,0,0.3174,125.0,39.68,0.0,0.2424,4.2,0.0
15735400,1,4,2,2,28,756,8,179960.2,89938.08,0,1,0,0.4429,5523.81,2446.5,2.0009,0.2857,2.2,179960.2
15632826,1,6,2,3,38,493,3,134006.77,89578.32,0,1,0,0.3093,4145.2,1282.11,1.496,0.0789,1.45,134006.77
15751022,2,29,4,3,37,777,10,121532.17,73464.88,1,1,0,0.3042,3845.97,1169.94,1.6543,0.2703,4.5,60766.08
15664737,3,29,4,3,38,779,7,0.0,138542.87,1,1,0,0.0939,200.0,18.78,0.0,0.1842,4.05,0.0
15681126,3,28,2,2,38,702,2,0.0,161888.63,1,1,0,0.483,125.0,60.38,0.0,0.0526,3.3,0.0
15738954,1,6,3,3,35,551,7,129717.3,86937.2,0,0,0,0.2241,4041.52,905.7,1.4921,0.2,1.05,64858.65
15662263,2,4,4,3,22,749,4,94762.16,42241.54,1,1,0,0.0953,3042.86,289.98,2.2433,0.1818,3.6,47381.08
15621611,2,14,1,1,55,742,5,155196.17,121207.66,1,0,1,0.7989,4730.89,3779.51,1.2804,0.0909,2.75,155196.17
15783752,2,4,2,2,29,752,4,129514.99,102930.46,1,1,0,0.4246,4010.45,1702.84,1.2583,0.1379,3.6,129514.99
15709474,2,34,4,1,57,740,3,113386.36,65121.63,1,1,1,0.7278,3601.59,2621.24,1.7411,0.0526,3.45,56693.18
15701280,1,1,1,2,24,576,3,0.0,78498.04,1,0,1,0.3899,75.0,29.24,0.0,0.125,2.45,0.0
15671104,3,7,2,2,43,637,3,172196.23,104769.96,1,1,0,0.4091,5290.89,2164.5,1.6435,0.0698,3.45,172196.23
15796434,1,3,2,3,28,724,5,97612.12,96498.14,1,1,0,0.1497,3053.36,457.09,1.0115,0.1786,3.75,97612.12
15781505,1,3,4,3,20,685,4,104719.94,38691.34,0,1,0,0.1191,3341.6,397.98,2.7065,0.2,1.6,52359.97
15625819,1,27,2,1,38,625,7,0.0,164804.02,0,1,0,0.7238,125.0,90.48,0.0,0.1842,2.05,0.0
15753174,2,6,6,1,37,571,9,139592.98,104152.65,0,1,1,0.9855,4462.79,4398.08,1.3403,0.2432,2.35,46530.99
15654067,3,22,4,3,29,584,4,0.0,88866.92,0,1,0,0.0989,200.0,19.78,0.0,0.1379,1.6,0.0
15724719,1,21,2,3,22,550,7,139096.85,129890.94,0,1,0,0.287,4297.91,1233.5,1.0709,0.3182,2.05,139096.85
15624695,3,37,1,3,72,662,7,140301.72,179258.67,1,0,0,0.167,4284.05,715.44,0.7827,0.0972,3.05,140301.72
15718216,3,10,2,1,43,803,3,0.0,72051.44,0,1,0,0.7542,125.0,94.28,0.0,0.0698,1.45,0.0
15586300,1,17,4,3,66,615,7,0.0,74580.8,1,1,0,0.0638,200.0,12.76,0.0,0.1061,4.05,0.0
15783349,3,6,2,3,39,481,1,111233.09,123995.15,1,1,0,0.2199,3461.99,761.29,0.8971,0.0256,3.15,111233.09
15725767,1,3,4,3,23,701,3,0.0,38960.59,0,1,0,0.0603,200.0,12.06,0.0,0.1304,1.45,0.0
15791925,1,4,1,3,29,751,10,147737.63,94951.27,1,0,0,0.1698,4507.13,765.31,1.5559,0.3448,3.5,147737.63
15793585,1,8,4,3,35,675,8,0.0,56642.97,1,1,0,0.0319,200.0,6.38,0.0,0.2286,4.2,0.0
15576641,2,8,4,3,40,733,5,125725.02,50783.1,1,1,0,0.2443,3971.75,970.3,2.4757,0.125,3.75,62862.51
15749519,1,10,6,1,38,822,6,128289.7,9149.96,0,1,1,0.9816,4123.69,4047.81,14.0193,0.1579,1.9,42763.23
15684960,1,31,2,1,46,559,5,0.0,21006.1,0,1,1,0.8976,125.0,112.2,0.0,0.1087,1.75,0.0
15591286,2,33,2,1,49,731,4,88826.07,33759.41,1,1,1,0.831,2789.78,2318.31,2.6311,0.0816,3.6,88826.07
15668323,1,28,2,2,41,678,1,143443.61,196622.28,0,1,1,0.5147,4428.31,2279.25,0.7295,0.0244,1.15,143443.61
15608528,1,37,8,1,68,645,9,0.0,176353.87,1,1,1,0.9497,350.0,332.4,0.0,0.1324,4.35,0.0
15645184,1,3,4,3,29,701,2,0.0,176943.59,0,1,0,0.0471,200.0,9.42,0.0,0.069,1.3,0.0
15702566,3,1,2,3,26,554,8,149134.46,177966.24,1,1,0,0.2178,4599.03,1001.67,0.838,0.3077,4.2,149134.46
15660840,1,8,2,3,30,723,3,124119.54,162198.32,0,1,0,0.1861,3848.59,716.22,0.7652,0.1,1.45,124119.54
15750811,2,9,1,1,44,766,3,116822.7,197643.24,0,0,0,0.8517,3579.68,3048.81,0.5911,0.0682,0.45,116822.7
15733842,1,22,2,3,24,597,1,103219.47,60420.07,0,1,0,0.2454,3221.58,790.58,1.7083,0.0417,1.15,103219.47
15581526,1,6,3,3,41,574,1,0.0,70550.0,0,0,0,0.0491,150.0,7.36,0.0,0.0244,0.15,0.0
15662751,2,27,2,2,40,655,0,81954.6,198798.44,1,1,1,0.5197,2583.64,1342.72,0.4122,0.0,3.0,81954.6
15684319,2,29,2,1,37,780,10,95196.26,126310.39,0,1,1,0.7367,2980.89,2196.02,0.7537,0.2703,2.5,95196.26
15702190,3,8,4,3,43,672,5,0.0,64515.5,1,1,0,0.0798,200.0,15.96,0.0,0.1163,3.75,0.0
15588517,1,8,4,3,38,717,7,0.0,158580.05,1,1,0,0.0349,200.0,6.98,0.0,0.1842,4.05,0.0
15801863,1,26,4,3,32,521,2,136555.01,129353.21,1,1,0,0.1429,4296.65,613.99,1.0557,0.0625,3.3,68277.5
15584271,1,12,2,1,59,633,5,0.0,137273.97,1,1,0,0.6786,125.0,84.82,0.0,0.0847,3.75,0.0
15700366,1,7,2,3,39,669,3,119452.03,171575.54,1,1,0,0.1966,3708.56,729.1,0.6962,0.0769,3.45,119452.03
15804038,1,9,1,2,44,740,9,0.0,96528.0,1,0,1,0.5328,75.0,39.96,0.0,0.2045,3.35,0.0
15720820,2,21,3,3,24,462,9,69881.09,64421.02,1,0,0,0.1165,2246.43,261.71,1.0847,0.375,3.35,34940.54
15743759,1,7,4,3,39,619,5,0.0,158444.61,1,1,0,0.0443,200.0,8.86,0.0,0.1282,3.75,0.0
15749947,1,27,4,3,44,665,7,0.0,66548.58,1,1,0,0.1634,200.0,32.68,0.0,0.1591,4.05,0.0
15670496,3,22,3,3,27,655,9,0.0,108008.05,0,0,0,0.0705,150.0,10.58,0.0,0.3333,1.35,0.0
15746664,3,1,2,2,20,463,8,204223.03,128268.39,0,1,0,0.3556,6251.69,2223.1,1.5921,0.4,2.2,204223.03
15745533,1,39,4,1,63,799,1,110314.21,37464.0,0,1,1,0.9183,3509.43,3222.71,2.9445,0.0159,1.15,55157.1
15761497,3,33,1,1,48,713,1,163760.82,157381.14,0,0,1,0.8861,4987.82,4419.71,1.0405,0.0208,0.15,163760.82
15628600,2,30,6,1,31,807,1,141069.18,194257.11,1,1,0,0.911,4507.08,4105.95,0.7262,0.0323,3.15,47023.06
15627002,1,8,2,3,38,728,1,115934.74,139059.05,1,1,0,0.1929,3603.04,695.03,0.8337,0.0263,3.15,115934.74
15614635,1,12,1,2,52,582,2,151457.88,40893.61,1,0,0,0.5768,4618.74,2664.09,3.7036,0.0385,2.3,151457.88
15731281,2,28,4,3,35,704,3,154206.07,40261.49,1,1,0,0.1577,4826.18,761.09,3.83,0.0857,3.45,77103.04
15814022,1,23,2,3,26,714,9,89928.99,46203.31,0,1,0,0.1902,2822.87,536.91,1.9463,0.3462,2.35,89928.99
15659194,1,7,2,3,30,628,8,89182.09,13126.9,1,1,0,0.1127,2800.46,315.61,6.7933,0.2667,4.2,89182.09
15745030,2,10,4,3,41,809,1,79706.25,165675.01,0,1,0,0.0636,2591.19,164.8,0.4811,0.0244,1.15,39853.12
15691817,3,26,5,1,44,547,5,0.0,5459.07,0,0,1,0.9543,225.0,214.72,0.0,0.1136,0.75,0.0
15707488,1,21,4,3,27,560,5,0.0,131919.48,0,1,0,0.0878,200.0,17.56,0.0,0.1852,1.75,0.0
15784700,1,10,2,3,31,811,7,117799.28,182372.35,1,1,0,0.1753,3658.98,641.42,0.6459,0.2258,4.05,117799.28
15710397,1,2,4,3,26,584,4,0.0,147600.54,0,1,0,0.0281,200.0,5.62,0.0,0.1538,1.6,0.0
15687648,1,3,3,3,28,691,1,0.0,92865.41,0,0,0,0.0372,150.0,5.58,0.0,0.0357,0.15,0.0
15732281,2,8,2,2,34,680,6,146422.22,67142.97,0,1,1,0.606,4517.67,2737.71,2.1807,0.1765,1.9,146422.22
15607230,2,7,4,3,33,588,9,150186.22,65611.01,1,1,0,0.0669,4705.59,314.8,2.289,0.2727,4.35,75093.11
15567630,2,8,2,1,40,721,6,100275.88,138564.48,0,1,1,0.7304,3133.28,2288.55,0.7237,0.15,1.9,100275.88
15587507,1,15,2,1,47,850,6,0.0,187391.02,0,1,1,0.9057,125.0,113.21,0.0,0.1277,1.9,0.0
15733904,1,6,2,3,32,529,9,147493.89,33656.35,0,1,0,0.2243,4549.82,1020.52,4.3822,0.2812,2.35,147493.89
15709511,1,7,4,3,43,622,8,0.0,100618.17,0,1,0,0.1688,200.0,33.76,0.0,0.186,2.2,0.0
15579616,1,28,3,3,42,683,8,0.0,198134.9,1,0,0,0.1185,150.0,17.77,0.0,0.1905,3.2,0.0
15694852,1,1,4,3,29,575,4,121823.4,50368.87,1,1,0,0.1403,3854.7,540.81,2.4186,0.1379,3.6,60911.7
15589924,3,26,4,3,40,577,1,0.0,108787.0,1,1,0,0.1083,200.0,21.66,0.0,0.025,3.15,0.0
15799300,2,6,2,2,31,510,0,113688.63,33099.41,0,1,1,0.6355,3535.66,2246.91,3.4347,0.0,1.0,113688.63
15731330,3,27,2,3,40,652,7,100471.34,124550.88,1,1,0,0.2926,3139.14,918.51,0.8067,0.175,4.05,100471.34
15694129,2,21,2,2,28,569,3,100032.52,5159.21,0,1,1,0.6349,3125.98,1984.68,19.3854,0.1071,1.45,100032.52
15620372,3,8,3,3,31,687,3,0.0,48228.1,0,0,0,0.0406,150.0,6.09,0.0,0.0968,0.45,0.0
15744622,1,10,2,3,32,822,8,116358.0,108798.36,0,1,0,0.2322,3615.74,839.57,1.0695,0.25,2.2,116358.0
15799815,2,22,1,2,23,656,4,163549.63,21085.12,1,0,0,0.3904,4981.49,1944.77,7.7563,0.1739,2.6,163549.63
15759250,2,14,2,1,51,745,3,99183.9,28922.25,1,1,0,0.8302,3100.52,2574.05,3.4292,0.0588,3.45,99183.9
15732643,3,31,2,1,53,386,1,131955.07,62514.65,1,1,1,0.8259,4083.65,3372.69,2.1108,0.0189,3.15,131955.07
15690540,3,28,1,2,41,684,1,134177.06,177506.66,0,0,0,0.4991,4100.31,2046.46,0.7559,0.0244,0.15,134177.06
15803078,3,27,4,3,38,635,1,0.0,90605.05,0,1,0,0.1879,200.0,37.58,0.0,0.0263,1.15,0.0
15652180,1,7,4,3,30,582,2,0.0,132029.95,1,1,0,0.0313,200.0,6.26,0.0,0.0667,3.3,0.0
15741195,3,2,2,3,19,613,5,0.0,176903.35,1,1,0,0.1308,125.0,16.35,0.0,0.2632,3.75,0.0
15743490,2,34,2,1,56,795,9,94348.94,29239.29,0,1,1,0.9624,2955.47,2844.34,3.2267,0.1607,2.35,94348.94
15575510,1,27,1,3,32,659,2,155584.21,153662.88,1,0,0,0.3357,4742.53,1592.07,1.0125,0.0625,2.3,155584.21
15732610,1,24,4,3,28,745,6,0.0,154389.18,0,1,0,0.1123,200.0,22.46,0.0,0.2143,1.9,0.0
15602909,3,27,4,3,41,604,10,0.0,166224.39,1,1,0,0.2897,200.0,57.94,0.0,0.2439,4.5,0.0
15734058,2,6,2,3,32,509,9,170661.47,21646.2,1,1,0,0.1618,5244.84,848.62,7.8838,0.2812,4.35,170661.47
15801788,2,23,2,2,29,706,6,185544.36,171037.63,0,1,0,0.6119,5691.33,3482.52,1.0848,0.2069,1.9,185544.36
15702462,3,27,2,2,44,619,6,52831.13,112649.22,1,1,1,0.5613,1709.93,959.78,0.469,0.1364,3.9,52831.13
15683416,2,11,6,1,51,572,8,97750.07,193014.26,1,1,1,0.9732,3207.5,3121.54,0.5064,0.1569,4.2,32583.36
15794187,1,8,4,3,36,695,6,114007.5,118120.88,0,1,0,0.2404,3620.22,870.3,0.9652,0.1667,1.9,57003.75
15792989,1,36,2,2,71,543,1,104308.77,25650.04,1,1,0,0.409,3254.26,1330.99,4.0665,0.0141,3.15,104308.77
15613734,1,27,4,3,33,640,6,84719.13,113048.79,1,1,0,0.1651,2741.57,452.63,0.7494,0.1818,3.9,42359.56
15606177,1,8,4,3,39,672,2,0.0,87372.49,0,1,0,0.0817,200.0,16.34,0.0,0.0513,1.3,0.0
15636700,1,8,1,3,39,701,9,140236.98,146651.99,1,0,0,0.1957,4282.11,838.01,0.9563,0.2308,3.35,140236.98
15645766,3,2,4,3,25,634,9,0.0,8227.91,1,1,0,0.0294,200.0,5.88,0.0,0.36,4.35,0.0
15671345,3,26,3,2,42,531,6,75302.85,57034.35,0,0,0,0.4365,2409.09,1051.57,1.3203,0.1429,0.9,37651.43
15652469,1,3,4,3,27,699,1,0.0,93003.21,0,1,0,0.0411,200.0,8.22,0.0,0.037,1.15,0.0
15749638,1,32,2,1,51,605,9,104760.82,165574.54,1,1,1,0.7659,3267.82,2502.82,0.6327,0.1765,4.35,104760.82
15728706,1,31,2,1,49,534,7,0.0,13566.48,0,1,1,0.9378,125.0,117.22,0.0,0.1429,2.05,0.0
15735439,3,26,1,3,31,449,1,113693.0,82796.29,0,0,0,0.2647,3485.79,922.69,1.3731,0.0323,0.15,113693.0
15778696,3,28,2,2,36,684,5,174180.39,119830.08,0,1,0,0.4338,5350.41,2321.01,1.4535,0.1389,1.75,174180.39
15624744,2,7,1,1,42,622,9,115766.26,72155.85,0,0,1,0.7474,3547.99,2651.77,1.6044,0.2143,1.35,115766.26
15584338,1,28,4,3,40,714,0,0.0,62762.12,0,1,0,0.2803,200.0,56.06,0.0,0.0,1.0,0.0
15726178,3,33,4,2,48,712,8,0.0,183235.33,0,1,0,0.4318,200.0,86.36,0.0,0.1667,2.2,0.0
15794939,1,39,4,3,72,783,5,121215.9,105206.48,1,1,0,0.2419,3836.48,928.04,1.1522,0.0694,3.75,60607.95
15788068,2,14,6,1,45,743,10,144677.19,22512.44,0,1,1,0.9872,4615.32,4556.24,6.4263,0.2222,2.5,48225.73
15572956,1,8,2,3,36,683,5,115350.63,122305.91,1,1,0,0.1724,3585.52,618.14,0.9431,0.1389,3.75,115350.63
15780386,3,7,2,2,40,654,5,105683.63,173617.09,0,1,0,0.4664,3295.51,1537.03,0.6087,0.125,1.75,105683.63
15791114,1,8,2,3,37,700,1,135179.49,160670.37,0,1,0,0.2473,4180.38,1033.81,0.8413,0.027,1.15,135179.49
15708046,3,9,2,3,31,744,0,117551.23,158958.9,0,1,0,0.2213,3651.54,808.09,0.7395,0.0,1.0,117551.23
15719779,2,2,4,3,25,645,1,157404.02,93073.04,0,1,0,0.1275,4922.12,627.57,1.6912,0.04,1.15,78702.01
15591550,3,6,2,3,36,525,3,77910.23,67238.01,0,1,0,0.2799,2462.31,689.2,1.1587,0.0833,1.45,77910.23
15639368,1,3,1,3,25,732,0,110942.9,172576.56,0,0,0,0.106,3403.29,360.75,0.6429,0.0,0.0,110942.9
15699830,1,28,4,3,40,721,7,0.0,122580.48,1,1,0,0.1127,200.0,22.54,0.0,0.175,4.05,0.0
15569264,1,7,2,3,32,622,5,179305.09,149043.78,1,1,0,0.2545,5504.15,1400.81,1.203,0.1562,3.75,179305.09
15595158,2,7,4,3,31,654,5,150593.59,105218.45,1,1,0,0.1053,4717.81,496.79,1.4312,0.1613,3.75,75296.8
15599126,1,26,2,2,43,529,0,123815.86,78463.99,1,1,1,0.4972,3839.48,1908.99,1.578,0.0,3.0,123815.86
15650575,3,33,4,3,59,720,6,0.0,160849.43,1,1,1,0.2563,200.0,51.26,0.0,0.1017,3.9,0.0
15641490,2,25,4,3,25,850,8,69385.17,87834.24,0,1,0,0.0502,2281.56,114.53,0.7899,0.32,2.2,34692.58
15680234,2,2,2,2,27,667,2,138032.15,166317.71,0,1,0,0.4371,4265.96,1864.65,0.8299,0.0741,1.3,138032.15
15592230,1,7,4,3,41,620,3,0.0,137309.06,1,1,0,0.0518,200.0,10.36,0.0,0.0732,3.45,0.0
15626212,1,2,2,3,29,616,9,0.0,166984.44,1,1,0,0.1564,125.0,19.55,0.0,0.3103,4.35,0.0
15700627,2,32,2,1,46,637,2,143500.82,166996.46,0,1,1,0.9314,4430.02,4126.12,0.8593,0.0435,1.3,143500.82
15782641,3,23,2,2,29,710,3,119670.18,188022.44,0,1,0,0.3779,3715.11,1403.94,0.6365,0.1034,1.45,119670.18
15784445,3,8,1,3,33,717,1,99106.73,194467.23,0,0,0,0.1696,3048.2,516.97,0.5096,0.0303,0.15,99106.73
15813681,2,4,4,3,24,786,2,120135.55,125449.47,1,1,0,0.0999,3804.07,380.03,0.9576,0.0833,3.3,60067.78
15596649,1,27,2,1,39,651,8,0.0,137452.57,0,1,0,0.7321,125.0,91.51,0.0,0.2051,2.2,0.0
15700460,1,31,1,1,55,530,4,120905.03,123475.88,1,0,1,0.7762,3702.15,2873.61,0.9792,0.0727,2.6,120905.03
15724076,3,35,5,1,57,815,5,0.0,38941.44,0,0,1,0.9806,225.0,220.64,0.0,0.0877,0.75,0.0
15784000,2,28,1,1,34,715,9,102277.52,177852.57,0,0,1,0.7003,3143.33,2201.27,0.5751,0.2647,1.35,102277.52
15733966,2,31,2,1,55,496,4,125292.53,31532.96,1,1,1,0.8769,3883.78,3405.69,3.9733,0.0727,3.6,125292.53
15612667,3,8,2,1,42,680,0,0.0,136377.21,0,1,0,0.6814,125.0,85.18,0.0,0.0,1.0,0.0
15654025,1,32,1,1,51,646,4,101629.3,130541.1,0,0,0,0.8975,3123.88,2803.68,0.7785,0.0784,0.6,101629.3
15589431,2,15,2,2,47,807,1,171937.27,65636.92,1,1,0,0.5335,5283.12,2818.54,2.6195,0.0213,3.15,171937.27
15578238,1,13,4,3,47,727,7,0.0,193305.35,0,1,0,0.2623,200.0,52.46,0.0,0.1489,2.05,0.0
15566269,1,4,4,3,25,787,5,0.0,47307.9,0,1,0,0.0406,200.0,8.12,0.0,0.2,1.75,0.0
15639217,1,10,3,3,34,806,6,0.0,100809.99,0,0,0,0.0577,150.0,8.65,0.0,0.1765,0.9,0.0
15688644,1,7,2,3,31,603,1,129743.75,109145.2,0,1,0,0.1533,4017.31,615.85,1.1887,0.0323,1.15,129743.75
15662426,3,7,1,3,32,649,1,0.0,91167.19,1,0,1,0.3271,75.0,24.53,0.0,0.0312,2.15,0.0
15720511,2,6,2,2,41,547,3,151191.31,175295.89,0,1,1,0.6218,4660.74,2898.05,0.8625,0.0732,1.45,151191.31
15567246,2,8,4,3,32,684,3,102630.13,127433.47,1,1,0,0.1209,3278.9,396.42,0.8054,0.0938,3.45,51315.06
15647965,1,31,4,2,57,477,9,114023.64,71167.17,1,1,1,0.547,3620.71,1980.53,1.6022,0.1579,4.35,57011.82
15679048,2,6,2,2,41,558,2,124227.14,111184.67,1,1,0,0.6089,3851.81,2345.37,1.1173,0.0488,3.3,124227.14
15675749,1,23,4,3,23,695,1,0.0,141756.32,1,1,0,0.0326,200.0,6.52,0.0,0.0435,3.15,0.0
15782181,3,7,2,3,35,592,6,80285.16,72678.75,0,1,1,0.2846,2533.55,721.05,1.1046,0.1714,1.9,80285.16
15795738,1,9,2,3,31,789,4,175477.15,172832.9,1,1,0,0.1798,5389.31,969.0,1.0153,0.129,3.6,175477.15
15773751,1,22,2,3,29,597,1,132144.35,158086.33,0,1,0,0.2018,4089.33,825.23,0.8359,0.0345,1.15,132144.35
15655436,2,15,2,1,47,839,2,136911.07,168184.62,1,1,1,0.7423,4232.33,3141.66,0.814,0.0426,3.3,136911.07
15691396,2,6,4,3,31,405,5,133299.67,72950.14,1,1,0,0.2008,4198.99,843.16,1.8272,0.1613,3.75,66649.84
15796958,1,7,4,3,39,658,7,0.0,48378.4,0,1,0,0.0639,200.0,12.78,0.0,0.1795,2.05,0.0
15801832,2,8,2,1,42,684,1,117691.0,23135.65,1,1,1,0.6673,3655.73,2439.47,5.0868,0.0238,3.15,117691.0
15661349,1,7,4,3,35,633,10,0.0,65675.47,0,1,0,0.0271,200.0,5.42,0.0,0.2857,2.5,0.0
15719265,1,12,4,3,46,589,9,0.0,170676.67,0,1,0,0.1804,200.0,36.08,0.0,0.1957,2.35,0.0
15779985,2,29,4,3,37,750,1,133199.71,27366.77,1,1,0,0.2635,4195.99,1105.64,4.867,0.027,3.15,66599.86
15663410,3,14,6,1,51,771,5,135506.58,152479.64,1,1,1,0.9781,4340.2,4245.15,0.8887,0.098,3.75,45168.86
15704144,2,10,3,3,33,812,2,127154.14,105383.49,1,0,0,0.0778,3964.62,308.45,1.2066,0.0606,2.3,63577.07
15774104,3,6,4,3,39,539,2,0.0,48189.94,1,1,0,0.0424,200.0,8.48,0.0,0.0513,3.3,0.0
15812230,2,28,6,2,42,670,5,49508.79,100324.01,1,1,0,0.5292,1760.26,931.53,0.4935,0.119,3.75,16502.93
15742848,1,8,2,2,41,673,5,0.0,65657.29,1,1,0,0.4235,125.0,52.94,0.0,0.122,3.75,0.0
15745326,1,36,1,1,62,538,3,75051.49,17682.02,0,0,1,0.9198,2326.54,2139.95,4.2443,0.0484,0.45,75051.49
15674541,3,11,1,1,52,575,8,123925.23,111342.66,0,0,1,0.902,3792.76,3421.07,1.113,0.1538,1.2,123925.23
15728564,1,8,3,3,41,682,6,0.0,134158.09,1,0,1,0.0484,150.0,7.26,0.0,0.1463,2.9,0.0
15580701,1,8,2,3,33,712,3,153819.58,79176.09,0,1,1,0.336,4739.59,1592.5,1.9427,0.0909,1.45,153819.58
15688973,3,27,4,3,39,598,5,0.0,83103.46,1,1,0,0.1053,200.0,21.06,0.0,0.1282,3.75,0.0
15709412,3,9,3,3,30,776,6,0.0,63908.86,1,0,0,0.0366,150.0,5.49,0.0,0.2,2.9,0.0
15607753,3,22,1,3,23,606,10,70417.79,90896.04,1,0,0,0.2677,2187.53,585.6,0.7747,0.4348,3.5,70417.79
15705352,3,8,2,3,38,686,7,111484.88,76076.2,1,1,0,0.1434,3469.55,497.53,1.4654,0.1842,4.05,111484.88
15602500,3,10,1,3,38,850,1,146343.98,103902.11,1,0,0,0.2238,4465.32,999.34,1.4085,0.0263,2.15,146343.98
15672437,1,17,4,3,72,642,1,160541.0,142223.94,1,1,0,0.1381,5016.23,692.74,1.1288,0.0139,3.15,80270.5
15720968,2,2,4,3,27,606,2,130274.26,147533.09,0,1,0,0.0947,4108.23,389.05,0.883,0.0741,1.3,65137.13
15730796,1,22,2,3,21,627,7,98993.02,169156.64,1,1,0,0.1408,3094.79,435.75,0.5852,0.3333,4.05,98993.02
15768219,3,10,4,3,36,850,0,0.0,141242.57,0,1,0,0.0568,200.0,11.36,0.0,0.0,1.0,0.0
15663883,2,10,4,3,32,850,9,141827.33,149458.73,1,1,0,0.0443,4454.82,197.35,0.9489,0.2812,4.35,70913.66
15589296,1,28,2,3,40,724,6,110054.45,86950.72,1,1,0,0.3093,3426.63,1059.86,1.2657,0.15,3.9,110054.45
15586425,1,1,4,3,28,579,4,0.0,176925.69,1,1,0,0.0324,200.0,6.48,0.0,0.1429,3.6,0.0
15679813,3,3,2,3,28,727,1,0.0,40357.39,0,1,0,0.3101,125.0,38.76,0.0,0.0357,1.15,0.0
15681410,2,30,1,2,36,813,6,98088.09,26687.22,1,0,1,0.5543,3017.64,1672.68,3.6753,0.1667,2.9,98088.09
15668283,1,12,7,1,48,642,9,118317.27,78702.98,0,0,1,0.9878,3849.52,3802.56,1.5033,0.1875,1.35,29579.32
15624072,3,2,4,3,22,669,10,0.0,176163.74,0,1,0,0.0301,200.0,6.02,0.0,0.4545,2.5,0.0
15669664,2,11,1,1,54,574,1,99774.5,4896.11,0,0,1,0.9592,3068.23,2943.05,20.3742,0.0185,0.15,99774.5
15682728,1,29,3,3,32,774,4,0.0,114899.13,0,0,0,0.1373,150.0,20.6,0.0,0.125,0.6,0.0
15573851,1,28,5,1,38,735,1,0.0,92220.12,0,0,1,0.786,225.0,176.85,0.0,0.0263,0.15,0.0
15733661,3,22,4,3,27,639,8,133806.54,6251.3,0,1,0,0.1562,4214.2,658.26,21.4012,0.2963,2.2,66903.27
15710012,3,8,4,3,44,738,2,0.0,43018.82,0,1,1,0.1688,200.0,33.76,0.0,0.0455,1.3,0.0
15763327,1,10,4,3,32,835,8,124993.29,27548.06,1,1,0,0.0628,3949.8,248.05,4.5371,0.25,4.2,62496.64
15668853,3,27,2,2,44,637,0,157622.58,120454.2,1,1,0,0.4431,4853.68,2150.67,1.3086,0.0,3.0,157622.58
15639303,2,12,1,1,48,589,5,126111.61,133961.19,1,0,0,0.8475,3858.35,3269.95,0.9414,0.1042,2.75,126111.61
15691011,1,7,4,3,42,591,9,161651.37,131753.97,1,1,0,0.1654,5049.54,835.19,1.2269,0.2143,4.35,80825.68
15638513,1,28,3,2,40,723,7,142856.95,38019.74,0,0,0,0.3943,4435.71,1749.0,3.7573,0.175,1.05,71428.48
15648933,2,10,2,1,44,831,3,111100.98,28144.07,1,1,1,0.7517,3458.03,2599.4,3.9474,0.0682,3.45,111100.98
15628904,3,8,2,3,35,733,8,102918.38,45959.86,1,1,0,0.0954,3212.55,306.48,2.2393,0.2286,4.2,102918.38
15644788,1,28,4,3,30,731,5,0.0,189528.72,0,1,0,0.1145,200.0,22.9,0.0,0.1667,1.75,0.0
15598161,1,12,4,3,47,654,10,0.0,170481.98,0,1,0,0.2606,200.0,52.12,0.0,0.2128,2.5,0.0
15745624,1,10,4,3,37,828,4,0.0,94845.45,0,1,0,0.0346,200.0,6.92,0.0,0.1081,1.6,0.0
15733169,3,2,2,3,22,590,7,125265.61,161253.08,1,1,0,0.1334,3882.97,517.99,0.7768,0.3182,4.05,125265.61
15801417,1,7,2,3,37,657,4,82500.28,115260.72,1,1,0,0.2109,2600.01,548.34,0.7158,0.1081,3.6,82500.28
15592707,2,36,4,3,64,531,2,175754.87,60721.4,1,1,0,0.2362,5472.65,1292.64,2.8944,0.0312,3.3,87877.44
15593954,1,31,1,1,47,516,6,109387.33,121365.45,0,0,0,0.8038,3356.62,2698.05,0.9013,0.1277,0.9,109387.33
15714431,1,6,3,3,37,561,1,100443.36,101693.73,1,0,0,0.2507,3163.3,793.04,0.9877,0.027,2.15,50221.68
15638257,3,33,4,2,54,682,0,83102.72,54132.93,1,1,0,0.483,2693.08,1300.76,1.5351,0.0,3.0,41551.36
15690939,3,1,2,3,28,575,7,0.0,10666.05,1,1,0,0.1802,125.0,22.52,0.0,0.25,4.05,0.0
15723613,1,22,4,3,28,623,4,0.0,41227.67,0,1,0,0.0787,200.0,15.74,0.0,0.1429,1.6,0.0
15813640,1,27,4,3,40,642,7,0.0,10712.82,0,1,0,0.1475,200.0,29.5,0.0,0.175,2.05,0.0
15707322,1,34,1,1,48,779,2,115290.27,98912.69,0,0,1,0.8262,3533.71,2919.55,1.1656,0.0417,0.3,115290.27
15588918,1,28,4,3,42,671,6,0.0,197202.48,0,1,0,0.1406,200.0,28.12,0.0,0.1429,1.9,0.0
15600357,1,26,4,2,40,495,1,140197.71,150720.39,0,1,0,0.4463,4405.93,1966.37,0.9302,0.025,1.15,70098.86
15747014,1,25,1,3,28,850,1,105245.34,74780.13,1,0,0,0.0826,3232.36,266.99,1.4074,0.0357,2.15,105245.34
15809830,1,12,3,3,50,630,8,0.0,79377.45,1,0,0,0.2354,150.0,35.31,0.0,0.16,3.2,0.0
15662245,1,7,4,3,32,588,1,0.0,8763.87,1,1,0,0.0357,200.0,7.14,0.0,0.0312,3.15,0.0
15651075,2,6,1,2,35,562,3,142296.13,177112.7,1,0,0,0.4641,4343.88,2015.99,0.8034,0.0857,2.45,142296.13
15594456,3,34,2,2,56,740,4,99097.33,85016.64,1,1,1,0.6195,3097.92,1919.16,1.1656,0.0714,3.6,99097.33
15583462,1,3,4,3,28,695,5,171069.39,88689.4,1,1,0,0.1635,5332.08,871.8,1.9288,0.1786,3.75,85534.7
15757661,1,27,3,3,39,589,7,0.0,95985.64,0,0,0,0.19,150.0,28.5,0.0,0.1795,1.05,0.0
15729117,1,27,2,3,31,607,1,102523.88,166792.71,1,1,0,0.1128,3200.72,361.04,0.6147,0.0323,3.15,102523.88
15749671,1,9,4,3,35,794,6,0.0,68730.91,1,1,0,0.0344,200.0,6.88,0.0,0.1714,3.9,0.0
15566253,2,7,1,1,44,580,9,143391.07,146891.07,0,0,1,0.85,4376.73,3720.22,0.9762,0.2045,1.35,143391.07
15595153,2,27,3,2,44,644,8,106022.73,148727.42,0,0,0,0.6163,3330.68,2052.7,0.7129,0.1818,1.2,53011.36
15698572,3,27,2,2,36,636,1,0.0,43134.58,0,1,0,0.5474,125.0,68.42,0.0,0.0278,1.15,0.0
15674149,2,7,4,3,36,599,3,128960.21,40318.33,1,1,0,0.131,4068.81,533.01,3.1985,0.0833,3.45,64480.1
15623082,1,26,4,3,35,507,2,0.0,97633.93,0,1,0,0.251,200.0,50.2,0.0,0.0571,1.3,0.0
15797905,1,33,4,3,48,682,7,0.0,65069.03,0,1,0,0.3329,200.0,66.58,0.0,0.1458,2.05,0.0
15746028,1,23,4,3,24,714,7,0.0,166335.0,0,1,0,0.0734,200.0,14.68,0.0,0.2917,2.05,0.0
15582951,1,23,2,3,25,696,8,126442.59,121904.44,0,1,0,0.1999,3918.28,783.26,1.0372,0.32,2.2,126442.59
15616471,3,12,2,1,51,599,0,0.0,175235.99,1,1,0,0.753,125.0,94.12,0.0,0.0,3.0,0.0
15641575,1,6,2,3,37,577,2,127261.35,56185.05,0,1,0,0.3158,3942.84,1245.15,2.265,0.0541,1.3,127261.35
15638803,3,28,4,3,32,733,5,0.0,131625.14,0,1,0,0.1187,200.0,23.74,0.0,0.1562,1.75,0.0
15808283,1,27,2,2,33,647,4,0.0,152323.04,0,1,0,0.5338,125.0,66.73,0.0,0.1212,1.6,0.0
15811200,1,30,3,3,34,831,2,0.0,165840.94,0,0,0,0.0701,150.0,10.51,0.0,0.0588,0.3,0.0
15733476,2,6,2,3,30,543,6,73481.05,176692.65,1,1,0,0.1733,2329.43,403.69,0.4159,0.2,3.9,73481.05
15633274,1,8,2,3,34,679,7,160515.37,121904.14,0,1,0,0.2751,4940.46,1359.12,1.3167,0.2059,2.05,160515.37
15582168,2,38,4,1,61,713,4,149525.34,123663.63,0,1,0,0.8977,4685.76,4206.41,1.2091,0.0656,1.6,74762.67
15807269,2,8,1,1,43,690,2,166522.78,119644.59,0,0,1,0.7073,5070.68,3586.49,1.3918,0.0465,0.3,166522.78
15602979,1,4,2,3,29,751,1,135536.5,66825.33,0,1,0,0.2386,4191.09,999.99,2.0282,0.0345,1.15,135536.5
15660417,2,27,1,1,43,613,10,120481.69,94875.03,0,0,1,0.8532,3689.45,3147.84,1.2699,0.2326,1.5,120481.69
15590199,3,3,1,3,28,701,1,103421.32,76304.73,1,0,0,0.1174,3177.64,373.05,1.3554,0.0357,2.15,103421.32
15641794,1,8,3,3,33,698,5,135658.73,39755.0,1,0,0,0.1228,4219.76,518.19,3.4123,0.1515,2.75,67829.37
15779174,1,26,4,3,36,451,2,0.0,180142.42,1,1,0,0.1389,200.0,27.78,0.0,0.0556,3.3,0.0
15785547,1,2,4,3,28,665,8,191402.82,83238.4,0,1,0,0.141,5942.08,837.83,2.2994,0.2857,2.2,95701.41
15795124,2,13,1,1,50,726,9,94504.35,5078.9,1,0,0,0.8009,2910.13,2330.72,18.6036,0.18,3.35,94504.35
15718912,2,27,1,1,44,608,5,126147.84,132424.69,1,0,1,0.8091,3859.44,3122.67,0.9526,0.1136,2.75,126147.84
15592028,1,31,2,1,46,549,7,0.0,109057.56,1,1,0,0.6572,125.0,82.15,0.0,0.1522,4.05,0.0
15580227,1,10,4,3,33,803,6,0.0,115676.61,0,1,0,0.0437,200.0,8.74,0.0,0.1818,1.9,0.0
15657830,1,7,4,2,43,663,4,87624.03,149401.33,0,1,0,0.3867,2828.72,1093.87,0.5865,0.093,1.6,43812.02
15798256,1,31,3,1,45,558,1,153697.53,89891.4,0,0,1,0.7078,4760.93,3369.79,1.7098,0.0222,0.15,76848.76
15643819,1,23,3,3,25,714,4,0.0,82500.84,0,0,0,0.0922,150.0,13.83,0.0,0.16,0.6,0.0
15754301,1,8,2,2,39,704,5,0.0,6416.92,0,1,0,0.5555,125.0,69.44,0.0,0.1282,1.75,0.0
15726855,2,35,2,1,45,805,9,116585.97,189428.75,0,1,1,0.9366,3622.58,3392.91,0.6155,0.2,2.35,116585.97
15755225,2,7,4,3,34,659,9,134464.58,178833.34,0,1,0,0.191,4233.94,808.68,0.7519,0.2647,2.35,67232.29
15725221,2,18,2,2,62,738,10,83008.31,42766.03,1,1,0,0.4444,2615.25,1162.22,1.9409,0.1613,4.5,83008.31
15789055,3,7,2,3,35,635,2,113635.16,90883.12,0,1,0,0.2291,3534.05,809.65,1.2503,0.0571,1.3,113635.16
15617507,3,26,4,3,36,530,7,0.0,80619.09,0,1,0,0.1466,200.0,29.32,0.0,0.1944,2.05,0.0
15668894,2,7,3,3,41,661,5,122552.48,120646.4,1,0,0,0.2799,3826.57,1071.06,1.0158,0.122,2.75,61276.24
15589563,3,6,3,3,31,531,2,118899.45,41409.36,0,0,0,0.2497,3716.98,928.13,2.8712,0.0645,0.3,59449.72
15693162,1,23,1,3,29,694,5,99713.87,112317.89,0,0,0,0.3296,3066.42,1010.69,0.8878,0.1724,0.75,99713.87
15750099,1,28,1,2,36,731,6,0.0,152128.36,0,0,0,0.6352,75.0,47.64,0.0,0.1667,0.9,0.0
15795540,1,26,1,3,36,556,2,134208.22,177670.57,1,0,0,0.3432,4101.25,1407.55,0.7554,0.0556,2.3,134208.22
15794941,2,27,6,1,41,647,1,85906.65,189159.97,0,1,0,0.9356,2852.2,2668.52,0.4541,0.0244,1.15,28635.55
15611848,2,10,1,2,32,850,3,137714.25,159403.68,1,0,0,0.3741,4206.43,1573.63,0.8639,0.0938,2.45,137714.25
15581237,3,6,2,3,33,573,1,160777.9,149536.15,1,1,0,0.1084,4948.34,536.4,1.0752,0.0303,3.15,160777.9
15738150,1,12,4,3,45,591,5,0.0,155492.87,1,1,0,0.1066,200.0,21.32,0.0,0.1111,3.75,0.0
15678571,1,3,3,3,21,723,4,0.0,24847.02,0,0,0,0.0467,150.0,7.0,0.0,0.1905,0.6,0.0
15736124,1,2,4,3,25,617,1,102585.88,115387.4,1,1,0,0.0933,3277.58,305.8,0.889,0.04,3.15,51292.94
15623202,2,28,4,2,39,704,10,102556.18,171971.25,0,1,1,0.6086,3276.69,1994.19,0.5964,0.2564,2.5,51278.09
15804201,2,6,1,2,42,457,4,126772.57,126106.4,1,0,0,0.6326,3878.18,2453.34,1.0053,0.0952,2.6,126772.57
15596863,2,29,2,2,38,787,3,158373.23,28228.35,1,1,0,0.3761,4876.2,1833.94,5.6102,0.0789,3.45,158373.23
15696277,1,27,4,3,34,651,9,0.0,138113.71,0,1,0,0.0755,200.0,15.1,0.0,0.2647,2.35,0.0
15748608,2,7,2,2,42,612,5,141927.1,43018.98,1,1,0,0.6292,4382.81,2757.66,3.2991,0.119,3.75,141927.1
15723864,3,15,4,2,47,828,1,109876.82,83611.45,0,1,1,0.621,3496.3,2171.2,1.3141,0.0213,1.15,54938.41
15802390,1,28,4,3,34,724,2,0.0,118863.38,1,1,0,0.0594,200.0,11.88,0.0,0.0588,3.3,0.0
15774336,2,7,4,2,44,648,9,111369.79,91947.74,1,1,0,0.3818,3541.09,1351.99,1.2112,0.2045,4.35,55684.9
15648766,3,6,1,3,35,569,3,116969.35,94488.82,0,0,0,0.2124,3584.08,761.26,1.2379,0.0857,0.45,116969.35
15659094,2,29,3,3,34,765,8,136729.51,47058.21,0,0,0,0.2268,4251.89,964.33,2.9055,0.2353,1.2,68364.76
15606397,2,26,1,1,44,577,1,152086.15,44719.5,1,0,1,0.7381,4637.58,3423.0,3.4008,0.0227,2.15,152086.15
15642619,3,12,4,3,46,603,2,0.0,174478.54,0,1,0,0.1539,200.0,30.78,0.0,0.0435,1.3,0.0
15666032,3,1,1,3,28,568,1,127289.28,45611.51,0,0,0,0.2655,3893.68,1033.77,2.7907,0.0357,0.15,127289.28
15595842,2,14,1,1,45,748,2,119852.01,73853.94,0,0,1,0.8765,3670.56,3217.25,1.6228,0.0444,0.3,119852.01
15753837,3,6,4,3,38,573,4,0.0,196517.43,1,1,0,0.0343,200.0,6.86,0.0,0.1053,3.6,0.0
15783882,3,29,3,3,41,771,5,0.0,92914.67,1,0,0,0.1079,150.0,16.18,0.0,0.122,2.75,0.0
15799790,1,9,2,3,35,763,9,0.0,31372.91,1,1,0,0.2687,125.0,33.59,0.0,0.2571,4.35,0.0
15628155,1,26,2,3,35,410,7,117183.74,109733.73,1,1,0,0.3461,3640.51,1259.98,1.0679,0.2,4.05,117183.74
15703778,1,8,1,3,33,728,8,129907.63,36083.96,1,0,0,0.1417,3972.23,562.86,3.6,0.2424,3.2,129907.63
15722322,3,37,3,3,78,655,2,0.0,188435.38,1,0,0,0.0274,150.0,4.11,0.0,0.0256,2.3,0.0
15639278,2,27,4,3,36,580,6,145387.32,169963.2,1,1,1,0.3054,4561.62,1393.12,0.8554,0.1667,3.9,72693.66
15568487,1,8,2,3,35,712,7,124616.23,69320.97,1,1,0,0.1492,3863.49,576.43,1.7976,0.2,4.05,124616.23
15682084,1,8,4,3,31,680,9,0.0,36145.53,0,1,0,0.0203,200.0,4.06,0.0,0.2903,2.35,0.0
15642821,3,31,1,1,48,383,8,95808.19,137702.01,0,0,1,0.9369,2949.25,2763.15,0.6958,0.1667,1.2,95808.19
15601387,1,8,4,3,35,721,10,0.0,71594.26,0,1,0,0.0268,200.0,5.36,0.0,0.2857,2.5,0.0
15642515,1,27,3,3,42,620,1,0.0,65565.92,1,0,0,0.1834,150.0,27.51,0.0,0.0238,2.15,0.0
15710421,3,29,1,3,36,774,8,117152.3,101828.39,0,0,0,0.3436,3589.57,1233.38,1.1505,0.2222,1.2,117152.3
15726774,1,6,1,3,35,563,3,106250.72,39546.32,0,0,0,0.191,3262.52,623.14,2.6867,0.0857,0.45,106250.72
15649078,2,25,4,3,27,850,8,111837.78,110805.79,1,1,0,0.0848,3555.13,301.48,1.0093,0.2963,4.2,55918.89
15641877,1,13,2,2,47,681,9,97023.21,2168.13,1,1,0,0.4996,3035.7,1516.64,44.7291,0.1915,4.35,97023.21
15796496,1,27,2,3,31,631,8,137687.72,190067.12,0,1,0,0.3111,4255.63,1323.93,0.7244,0.2581,2.2,137687.72
15815690,3,27,2,3,40,614,3,113348.5,77789.01,1,1,0,0.2899,3525.46,1022.03,1.4571,0.075,3.45,113348.5
15631739,3,3,2,3,24,704,10,122109.78,127654.37,1,1,0,0.0833,3788.29,315.56,0.9566,0.4167,4.5,122109.78
15625584,1,9,3,3,32,786,2,120452.4,79602.86,0,0,0,0.1509,3763.57,567.92,1.5131,0.0625,0.3,60226.2
15802466,1,31,4,3,53,534,7,0.0,80619.17,1,1,0,0.2483,200.0,49.66,0.0,0.1321,4.05,0.0
15697028,3,7,3,3,34,590,0,65812.35,160346.3,1,0,0,0.076,2124.37,161.45,0.4104,0.0,2.0,32906.18
15575759,3,27,2,1,40,583,3,54428.37,109638.78,0,1,1,0.7409,1757.85,1302.39,0.4964,0.075,1.45,54428.37
15567442,1,37,4,3,75,656,3,0.0,1276.87,1,1,0,0.0221,200.0,4.42,0.0,0.04,3.45,0.0
15746805,1,7,4,3,33,597,9,0.0,49374.82,0,1,0,0.0344,200.0,6.88,0.0,0.2727,2.35,0.0
15636330,2,32,4,1,48,588,1,143279.58,31580.8,0,1,1,0.828,4498.39,3724.67,4.5368,0.0208,1.15,71639.79
15714970,2,7,2,2,32,667,0,103846.65,20560.69,0,1,0,0.4948,3240.4,1603.35,5.0505,0.0,1.0,103846.65
15653784,1,7,1,3,37,627,2,125190.86,84584.69,1,0,0,0.2153,3830.73,824.76,1.48,0.0541,2.3,125190.86
15693543,1,28,3,3,33,708,8,0.0,15246.83,1,0,0,0.0986,150.0,14.79,0.0,0.2424,3.2,0.0
15773283,1,17,2,1,65,641,6,38340.02,32607.77,0,1,1,0.9206,1275.2,1173.95,1.1758,0.0923,1.9,38340.02
15742534,2,21,4,3,28,527,2,123802.98,155846.69,1,1,0,0.1826,3914.09,714.71,0.7944,0.0714,3.3,61901.49
15569878,1,7,2,3,37,592,3,96651.03,3232.82,1,1,0,0.271,3024.53,819.65,29.8876,0.0811,3.45,96651.03
15729454,1,6,4,3,33,465,8,0.0,177668.55,0,1,0,0.0736,200.0,14.72,0.0,0.2424,2.2,0.0
15578375,1,7,3,3,39,628,6,0.0,134441.6,0,0,0,0.0693,150.0,10.4,0.0,0.1538,0.9,0.0
15785559,1,8,2,2,43,678,1,133237.21,111032.79,0,1,1,0.6102,4122.12,2515.32,1.2,0.0233,1.15,133237.21
15649414,1,36,2,2,61,570,6,142105.35,45214.04,1,1,0,0.4081,4388.16,1790.81,3.1429,0.0984,3.9,142105.35
15701605,1,10,2,3,37,815,1,166115.42,67208.3,0,1,0,0.2832,5108.46,1446.72,2.4716,0.027,1.15,166115.42
15686696,1,30,4,3,37,817,6,81070.34,80985.88,0,1,0,0.2405,2632.11,633.02,1.001,0.1622,1.9,40535.17
15625586,1,8,2,3,35,717,4,0.0,167573.06,1,1,0,0.2384,125.0,29.8,0.0,0.1143,3.6,0.0
15654975,1,32,3,2,53,641,0,123835.52,160110.65,1,0,0,0.6471,3865.07,2501.09,0.7734,0.0,2.0,61917.76
15782993,1,12,4,2,51,624,10,123401.43,127825.25,1,1,0,0.4294,3902.04,1675.54,0.9654,0.1961,4.5,61700.72
15774382,2,11,2,1,49,579,4,169377.31,123535.05,1,1,0,0.6653,5206.32,3463.76,1.3711,0.0816,3.6,169377.31
15689602,1,8,2,3,38,698,2,130015.24,41595.3,1,1,0,0.2196,4025.46,883.99,3.1256,0.0526,3.3,130015.24
15756155,1,7,3,3,32,645,4,0.0,97628.08,1,0,0,0.0379,150.0,5.68,0.0,0.125,2.6,0.0
15812647,1,8,4,3,34,691,8,133936.04,91359.79,0,1,0,0.1693,4218.08,714.12,1.466,0.2353,2.2,66968.02
15736043,1,7,2,3,34,638,6,114543.27,97755.29,1,1,0,0.1533,3561.3,545.95,1.1717,0.1765,3.9,114543.27
15696744,1,28,1,3,31,705,3,119794.67,182528.44,0,0,0,0.3082,3668.84,1130.74,0.6563,0.0968,0.45,119794.67
15602572,1,8,4,3,33,720,9,0.0,142956.48,1,1,0,0.0137,200.0,2.74,0.0,0.2727,4.35,0.0
15674765,3,6,2,1,44,553,4,0.0,10789.3,0,1,0,0.7825,125.0,97.81,0.0,0.0909,1.6,0.0
15678725,1,22,3,3,29,658,8,0.0,130461.09,1,0,0,0.0462,150.0,6.93,0.0,0.2759,3.2,0.0
15694444,2,27,6,1,32,648,8,157138.99,190994.48,0,1,1,0.9618,4989.17,4798.58,0.8227,0.25,2.2,52379.66
15795878,3,12,4,3,45,636,3,0.0,159463.8,1,1,0,0.0989,200.0,19.78,0.0,0.0667,3.45,0.0
15735346,2,26,2,1,41,527,10,136733.24,57589.29,1,1,0,0.6623,4227.0,2799.54,2.3742,0.2439,4.5,136733.24
15687094,2,23,3,3,28,717,9,82498.14,40437.67,0,0,0,0.098,2624.94,257.24,2.0401,0.3214,1.35,41249.07
15790067,3,7,1,3,39,614,3,151914.93,56459.45,0,0,0,0.3098,4632.45,1435.13,2.6906,0.0769,0.45,151914.93
15605742,1,8,2,2,43,737,0,80090.93,39920.0,0,1,1,0.6082,2527.73,1537.37,2.0062,0.0,1.0,80090.93
15566740,3,12,1,2,51,587,3,83739.32,148798.45,1,0,0,0.6489,2587.18,1678.82,0.5628,0.0588,2.45,83739.32
15664897,1,28,2,2,35,682,2,181166.44,63737.19,1,1,1,0.5844,5559.99,3249.26,2.8424,0.0571,3.3,181166.44
15585777,1,8,2,3,38,710,3,130588.82,154997.64,1,1,0,0.1829,4042.66,739.4,0.8425,0.0789,3.45,130588.82
15650864,1,6,4,3,42,507,6,0.0,34777.23,0,1,0,0.0824,200.0,16.48,0.0,0.1429,1.9,0.0
15806709,2,7,1,2,33,609,6,94126.67,93718.16,0,0,0,0.4302,2898.8,1247.06,1.0043,0.1818,0.9,94126.67
15633818,1,9,4,3,32,786,9,0.0,133112.41,0,1,0,0.0225,200.0,4.5,0.0,0.2812,2.35,0.0
15713845,1,8,2,2,38,688,7,148045.68,175479.92,0,1,1,0.4027,4566.37,1838.88,0.8437,0.1842,2.05,148045.68
15639662,1,8,4,3,38,710,2,0.0,96.27,0,1,0,0.0886,200.0,17.72,0.0,0.0526,1.3,0.0
15567013,3,9,4,3,33,779,3,0.0,30804.68,0,1,0,0.0464,200.0,9.28,0.0,0.0909,1.45,0.0
15777784,1,28,1,2,44,733,6,168165.84,197193.49,1,0,0,0.4107,5119.98,2102.78,0.8528,0.1364,2.9,168165.84
15800251,2,22,4,3,26,583,10,72835.56,96792.15,0,1,0,0.0894,2385.07,213.23,0.7525,0.3846,2.5,36417.78
15651315,1,7,4,3,41,627,3,0.0,132719.8,0,1,0,0.0891,200.0,17.82,0.0,0.0732,1.45,0.0
15651450,2,7,4,3,31,666,3,123212.08,112157.31,1,1,0,0.1098,3896.36,427.82,1.0986,0.0968,3.45,61606.04
15784218,3,7,4,3,38,620,0,0.0,38015.34,1,1,0,0.1106,200.0,22.12,0.0,0.0,3.0,0.0
15572398,3,27,4,3,39,614,6,0.0,164018.98,1,1,0,0.1452,200.0,29.04,0.0,0.1538,3.9,0.0
15707962,1,7,4,3,40,606,6,119501.88,46774.94,0,1,0,0.2983,3785.06,1129.08,2.5548,0.15,1.9,59750.94
15705663,2,28,4,3,39,700,5,144550.83,189664.43,1,1,0,0.2289,4536.52,1038.41,0.7621,0.1282,3.75,72275.41
15645355,2,8,2,2,34,677,3,126729.41,26106.39,1,1,1,0.5443,3926.88,2137.4,4.8542,0.0882,3.45,126729.41
15729557,2,10,2,1,36,850,5,119984.07,191535.11,0,1,1,0.6674,3724.52,2485.74,0.6264,0.1389,1.75,119984.07
15631436,1,6,2,2,35,564,4,0.0,158937.55,0,1,0,0.4232,125.0,52.9,0.0,0.1143,1.6,0.0
15583073,3,34,2,1,56,771,2,0.0,25222.6,1,1,1,0.7962,125.0,99.52,0.0,0.0357,3.3,0.0
15614361,3,7,2,3,42,620,9,121490.05,29296.74,1,1,0,0.2665,3769.7,1004.63,4.1467,0.2143,4.35,121490.05
15724684,3,12,2,2,46,610,5,91897.8,54394.28,0,1,0,0.6025,2881.93,1736.36,1.6894,0.1087,1.75,91897.8
15700083,3,7,4,3,39,609,2,139443.75,9234.06,0,1,0,0.2822,4383.31,1236.97,15.0994,0.0513,1.3,69721.88
15636541,2,8,1,2,35,683,5,144961.97,26796.73,1,0,0,0.4601,4423.86,2035.42,5.4095,0.1429,2.75,144961.97
15796015,2,7,1,1,42,633,3,126041.02,11796.89,1,0,0,0.687,3856.23,2649.23,10.6834,0.0714,2.45,126041.02
15787222,2,3,4,3,28,676,1,69459.05,128461.29,1,1,0,0.0624,2283.77,142.51,0.5407,0.0357,3.15,34729.52
15594270,1,8,4,3,38,693,7,198338.77,14278.18,1,1,0,0.1697,6150.16,1043.68,13.8901,0.1842,4.05,99169.38
15701524,1,8,4,3,36,709,0,0.0,46811.77,0,1,0,0.095,200.0,19.0,0.0,0.0,1.0,0.0
15645847,2,6,6,1,35,569,2,109196.66,109393.19,0,1,1,0.9752,3550.9,3462.84,0.9982,0.0571,1.3,36398.89
15708867,3,28,6,1,38,684,3,134168.5,3966.5,0,1,1,0.9817,4300.06,4221.37,33.8169,0.0789,1.45,44722.83
15613140,1,6,2,3,34,565,6,0.0,63173.64,1,1,0,0.3476,125.0,43.45,0.0,0.1765,3.9,0.0
15628893,1,3,2,3,29,681,8,0.0,66367.33,0,1,0,0.2718,125.0,33.98,0.0,0.2759,2.2,0.0
15764073,3,26,4,3,36,503,9,0.0,16274.67,1,1,0,0.1185,200.0,23.7,0.0,0.25,4.35,0.0
15782879,1,7,4,3,40,656,2,0.0,180553.48,1,1,0,0.0409,200.0,8.18,0.0,0.05,3.3,0.0
15635964,2,16,2,1,65,566,4,120100.41,107563.16,0,1,1,0.9647,3728.01,3596.41,1.1165,0.0615,1.6,120100.41
15726087,1,37,2,2,62,592,5,0.0,100941.57,1,1,0,0.6067,125.0,75.84,0.0,0.0806,3.75,0.0
15726313,3,33,4,2,50,687,5,0.0,110230.4,0,1,0,0.4178,200.0,83.56,0.0,0.1,1.75,0.0
15578073,3,3,3,3,22,686,8,0.0,142331.85,0,0,0,0.0414,150.0,6.21,0.0,0.3636,1.2,0.0
15786249,3,7,4,3,30,616,2,0.0,199099.51,0,1,0,0.0501,200.0,10.02,0.0,0.0667,1.3,0.0
15812850,3,16,4,3,67,494,5,0.0,85890.16,1,1,0,0.0669,200.0,13.38,0.0,0.0746,3.75,0.0
15596972,1,6,1,2,38,534,3,0.0,143938.27,0,0,0,0.5417,75.0,40.63,0.0,0.0789,0.45,0.0
15620579,3,28,3,3,31,695,8,0.0,131644.41,1,0,0,0.0977,150.0,14.66,0.0,0.2581,3.2,0.0
15768270,3,26,4,3,31,579,9,0.0,112395.98,0,1,0,0.0398,200.0,7.96,0.0,0.2903,2.35,0.0
15656597,2,6,4,3,38,432,2,135559.8,71856.3,1,1,0,0.1824,4266.79,778.26,1.8865,0.0526,3.3,67779.9
15699446,2,25,4,3,25,816,2,150355.35,35770.84,1,1,0,0.0369,4710.66,173.82,4.2032,0.08,3.3,75177.68
15615004,1,28,4,3,37,730,1,0.0,124364.63,1,1,0,0.0742,200.0,14.84,0.0,0.027,3.15,0.0
15704771,1,27,4,3,35,593,6,133489.12,78101.29,1,1,0,0.1966,4204.67,826.64,1.7092,0.1714,3.9,66744.56
15588372,2,28,1,1,37,715,9,105489.31,143096.49,0,0,1,0.7705,3239.68,2496.17,0.7372,0.2432,1.35,105489.31
15681439,2,4,4,3,25,775,10,60205.2,14073.11,0,1,0,0.1285,2006.16,257.79,4.2777,0.4,2.5,30102.6
15607509,1,6,4,3,38,539,5,0.0,47388.41,0,1,0,0.057,200.0,11.4,0.0,0.1316,1.75,0.0
15670343,3,1,3,3,19,576,6,0.0,72306.07,0,0,0,0.0396,150.0,5.94,0.0,0.3158,0.9,0.0
15597968,3,12,2,1,50,617,7,0.0,184839.7,0,1,1,0.9294,125.0,116.18,0.0,0.14,2.05,0.0
15658432,1,8,2,2,40,688,6,0.0,47886.44,1,1,0,0.4245,125.0,53.06,0.0,0.15,3.9,0.0
15616431,1,7,1,2,33,608,4,0.0,130474.03,1,0,0,0.3647,75.0,27.35,0.0,0.1212,2.6,0.0
15796957,3,7,5,2,35,597,9,0.0,73181.39,1,0,1,0.6245,225.0,140.51,0.0,0.2571,3.35,0.0
15815552,1,28,2,3,42,670,6,112333.63,65706.86,1,1,0,0.3254,3495.01,1137.28,1.7096,0.1429,3.9,112333.63
15631871,2,32,2,1,57,616,7,116936.81,104379.36,1,1,0,0.8437,3633.1,3065.25,1.1203,0.1228,4.05,116936.81
15635870,2,31,1,1,50,579,5,117721.02,192146.63,1,0,1,0.9103,3606.63,3283.12,0.6127,0.1,2.75,117721.02
15596713,1,9,4,3,37,786,7,165896.22,66977.68,1,1,0,0.1698,5176.89,879.04,2.4769,0.1892,4.05,82948.11
15684211,3,28,2,1,44,704,9,153656.85,158742.81,0,1,0,0.7111,4734.71,3366.85,0.968,0.2045,2.35,153656.85
15760521,1,34,2,1,50,796,1,94164.0,189414.74,1,1,0,0.7232,2949.92,2133.38,0.4971,0.02,3.15,94164.0
15608408,3,7,4,3,39,598,1,0.0,159130.32,0,1,0,0.0519,200.0,10.38,0.0,0.0256,1.15,0.0
15804721,1,12,1,1,49,602,0,191808.73,97640.2,0,0,0,0.8497,5829.26,4953.12,1.9644,0.0,0.0,191808.73
15730272,1,12,2,2,58,619,5,152199.33,86022.09,1,1,0,0.4724,4690.98,2216.02,1.7693,0.0862,3.75,152199.33
15741988,2,31,2,1,52,492,8,125396.24,10014.72,0,1,1,0.9448,3886.89,3672.33,12.5199,0.1538,2.2,125396.24
15771728,2,7,6,1,41,641,7,104405.54,17384.21,0,1,0,0.9813,3407.17,3343.46,6.0054,0.1707,2.05,34801.85
15605113,1,21,2,3,27,518,1,133801.49,143315.57,1,1,0,0.1363,4139.04,564.15,0.9336,0.037,3.15,133801.49
15661945,3,27,6,1,40,623,4,0.0,31669.18,0,1,0,0.7653,275.0,210.46,0.0,0.1,1.6,0.0
15783816,1,23,3,3,28,733,5,0.0,12761.16,0,0,0,0.1393,150.0,20.9,0.0,0.1786,0.75,0.0
15721207,2,7,2,1,42,625,6,100047.33,93429.95,0,1,0,0.745,3126.42,2329.18,1.0708,0.1429,1.9,100047.33
15764072,1,29,2,3,31,759,1,109848.6,42012.55,1,1,0,0.1418,3420.46,485.02,2.6146,0.0323,3.15,109848.6
15689412,1,27,2,3,32,604,7,127849.38,15798.7,0,1,0,0.3008,3960.48,1191.31,8.0919,0.2188,2.05,127849.38
15798385,3,31,4,3,46,512,3,0.0,56408.14,1,1,0,0.2228,200.0,44.56,0.0,0.0652,3.45,0.0
15775339,1,21,2,3,29,520,8,95947.76,4696.44,0,1,0,0.1691,3003.43,507.88,20.4255,0.2759,2.2,95947.76
15585256,3,5,4,3,26,805,2,0.0,25042.1,1,1,0,0.0193,200.0,3.86,0.0,0.0769,3.3,0.0
15797329,1,7,2,2,43,626,4,137638.69,130442.08,0,1,1,0.6228,4254.16,2649.49,1.0552,0.093,1.6,137638.69
15780220,1,7,2,3,38,656,10,0.0,136521.82,1,1,0,0.2555,125.0,31.94,0.0,0.2632,4.5,0.0
15648951,3,9,4,3,41,785,7,0.0,199108.88,1,1,0,0.0306,200.0,6.12,0.0,0.1707,4.05,0.0
15752409,1,6,3,3,31,553,6,0.0,124596.63,0,0,0,0.065,150.0,9.75,0.0,0.1935,0.9,0.0
15807524,1,26,3,3,44,569,4,0.0,134394.78,0,0,0,0.3464,150.0,51.96,0.0,0.0909,0.6,0.0
15766649,1,8,1,3,38,670,10,89416.99,144275.39,0,0,0,0.3333,2757.51,919.08,0.6198,0.2632,1.5,89416.99
15696812,3,7,4,3,42,586,6,0.0,123410.23,1,1,0,0.048,200.0,9.6,0.0,0.1429,3.9,0.0
15581295,3,32,2,1,45,617,1,0.0,143298.06,0,1,0,0.885,125.0,110.62,0.0,0.0222,1.15,0.0
15663234,1,36,2,2,60,508,7,143262.04,129562.74,1,1,0,0.4186,4422.86,1851.41,1.1057,0.1167,4.05,143262.04
15741417,3,27,4,3,35,624,7,119656.45,4595.05,1,1,0,0.2355,3789.69,892.47,26.0346,0.2,4.05,59828.22
15695174,1,2,2,3,29,654,4,132954.64,146715.07,1,1,0,0.1173,4113.64,482.53,0.9062,0.1379,3.6,132954.64
15665168,2,28,4,2,44,681,3,105206.7,163558.36,1,1,0,0.5205,3356.2,1746.9,0.6432,0.0682,3.45,52603.35
15601503,3,1,3,3,28,578,4,0.0,6947.09,0,0,0,0.0482,150.0,7.23,0.0,0.1429,0.6,0.0
15706131,3,27,4,3,37,621,9,83061.26,9170.54,0,1,0,0.3324,2691.84,894.77,9.0564,0.2432,2.35,41530.63
15782758,1,7,2,2,40,632,5,147650.68,199674.83,1,1,0,0.3808,4554.52,1734.36,0.7395,0.125,3.75,147650.68
15591091,1,7,2,1,44,644,5,73348.56,157166.79,0,1,1,0.7332,2325.46,1705.03,0.4667,0.1136,1.75,73348.56
15715877,1,5,4,3,28,821,2,0.0,46072.52,0,1,0,0.0407,200.0,8.14,0.0,0.0714,1.3,0.0
15756918,1,29,3,3,38,754,2,0.0,3524.69,0,0,0,0.1384,150.0,20.76,0.0,0.0526,0.3,0.0
15746662,3,21,1,3,27,568,1,116320.68,45563.94,1,0,0,0.2064,3564.62,735.74,2.5529,0.037,2.15,116320.68
15626679,1,7,3,3,33,584,3,0.0,59103.13,1,0,0,0.036,150.0,5.4,0.0,0.0909,2.45,0.0
15793343,1,21,4,3,29,549,8,0.0,189558.44,1,1,0,0.0833,200.0,16.66,0.0,0.2759,4.2,0.0
15576774,1,28,3,3,38,729,7,0.0,45779.9,0,0,0,0.1883,150.0,28.24,0.0,0.1842,1.05,0.0
15801316,1,16,2,2,61,523,8,66250.71,21859.06,1,1,0,0.4068,2112.52,859.37,3.0307,0.1311,4.2,66250.71
15800514,2,21,3,2,24,477,2,95675.62,162699.7,0,0,1,0.3632,3020.27,1096.96,0.588,0.0833,0.3,47837.81
15662232,2,8,4,3,42,675,2,92616.64,8567.18,0,1,0,0.3143,2978.5,936.14,10.8094,0.0476,1.3,46308.32
15737778,3,29,2,1,41,782,4,0.0,132943.88,0,1,0,0.7676,125.0,95.95,0.0,0.0976,1.6,0.0
15782096,3,27,2,2,36,616,6,0.0,12916.32,1,1,1,0.5182,125.0,64.78,0.0,0.1667,3.9,0.0
15783522,3,28,2,3,37,738,8,100565.94,128799.86,1,1,0,0.2403,3141.98,755.02,0.7808,0.2162,4.2,100565.94
15785373,3,28,2,1,42,717,5,190305.78,99347.8,0,1,1,0.7917,5834.17,4618.91,1.9155,0.119,1.75,190305.78
15756272,2,26,2,1,35,526,9,118536.4,40980.87,0,1,1,0.7673,3681.09,2824.5,2.8924,0.2571,2.35,118536.4
15615245,1,2,2,3,19,660,5,127649.64,40368.65,1,1,0,0.0651,3954.49,257.44,3.162,0.2632,3.75,127649.64
15600174,1,6,1,3,35,525,7,165358.77,94738.54,1,0,0,0.1959,5035.76,986.51,1.7454,0.2,3.05,165358.77
15752956,3,2,4,3,29,629,6,0.0,88842.8,1,1,0,0.0489,200.0,9.78,0.0,0.2069,3.9,0.0
15644882,2,27,2,3,36,616,10,78249.53,136934.91,0,1,0,0.3483,2472.49,861.17,0.5714,0.2778,2.5,78249.53
15766272,2,36,2,1,61,521,0,125193.96,109356.53,1,1,0,0.8165,3880.82,3168.69,1.1448,0.0,3.0,125193.96
15800620,1,23,3,3,29,691,9,0.0,199635.93,0,0,0,0.0801,150.0,12.02,0.0,0.3103,1.35,0.0
15569764,2,28,2,1,41,687,2,154007.21,158408.23,0,1,0,0.7135,4745.22,3385.71,0.9722,0.0488,1.3,154007.21
15747458,3,28,4,3,43,677,3,133214.88,95936.84,1,1,0,0.3439,4196.45,1443.16,1.3886,0.0698,3.45,66607.44
15573171,3,18,2,3,63,695,1,146202.93,126688.83,1,1,1,0.3374,4511.09,1522.04,1.154,0.0159,3.15,146202.93
15736769,1,22,4,3,27,663,9,0.0,150850.29,0,1,0,0.0559,200.0,11.18,0.0,0.3333,2.35,0.0
15763381,1,6,1,3,30,496,0,90963.49,27802.0,1,0,0,0.1437,2803.9,402.92,3.2717,0.0,2.0,90963.49
15814430,3,9,2,1,41,747,9,0.0,32430.94,0,1,1,0.6868,125.0,85.85,0.0,0.2195,2.35,0.0
15638607,1,31,2,1,52,546,2,0.0,137332.37,0,1,1,0.963,125.0,120.38,0.0,0.0385,1.3,0.0
15737133,3,18,2,3,68,706,4,114386.85,28601.68,1,1,0,0.2069,3556.61,735.86,3.9992,0.0588,3.6,114386.85
15613945,1,21,4,3,26,472,5,0.0,108411.66,0,1,0,0.0712,200.0,14.24,0.0,0.1923,1.75,0.0
15659937,1,28,3,3,40,703,7,0.0,122518.5,1,0,0,0.1263,150.0,18.94,0.0,0.175,3.05,0.0
15765287,1,30,4,3,38,850,2,0.0,9015.07,0,1,0,0.127,200.0,25.4,0.0,0.0526,1.3,0.0
15661723,3,17,1,2,71,667,4,137260.78,94433.08,1,0,1,0.4816,4192.82,2019.26,1.4535,0.0563,2.6,137260.78
15766064,1,6,4,3,33,559,9,111060.05,110371.84,0,1,0,0.1918,3531.8,677.4,1.0062,0.2727,2.35,55530.02
15649616,3,17,2,2,60,636,7,124447.73,141364.62,1,1,1,0.4261,3858.43,1644.08,0.8803,0.1167,4.05,124447.73
15719017,1,28,4,3,34,672,8,0.0,16245.25,1,1,0,0.0915,200.0,18.3,0.0,0.2353,4.2,0.0
15720919,1,7,1,2,42,667,7,0.0,108348.94,1,0,1,0.5539,75.0,41.54,0.0,0.1667,3.05,0.0
15706706,2,7,3,3,33,648,7,135310.41,171668.2,1,0,0,0.1005,4209.31,423.04,0.7882,0.2121,3.05,67655.2
15709653,1,6,4,3,32,497,8,0.0,67364.42,0,1,0,0.0456,200.0,9.12,0.0,0.25,2.2,0.0
15805104,1,39,3,3,73,743,6,0.0,107867.38,1,0,0,0.0644,150.0,9.66,0.0,0.0822,2.9,0.0
15622442,1,2,4,3,29,619,5,0.0,194310.1,0,1,0,0.0479,200.0,9.58,0.0,0.1724,1.75,0.0
15572801,3,7,3,3,34,639,5,139393.19,33950.08,0,0,0,0.2501,4331.8,1083.38,4.1057,0.1471,0.75,69696.6
15767598,3,1,3,3,28,540,8,0.0,197588.32,0,0,0,0.0372,150.0,5.58,0.0,0.2857,1.2,0.0
15757897,1,24,2,3,26,766,3,104258.8,428.23,1,1,0,0.1579,3252.76,513.61,242.8973,0.1154,3.45,104258.8
15568104,1,24,3,3,26,749,6,0.0,34948.77,1,0,0,0.059,150.0,8.85,0.0,0.2308,2.9,0.0
15763414,2,7,2,2,32,655,9,113447.01,82084.3,0,1,0,0.4148,3528.41,1463.58,1.3821,0.2812,2.35,113447.01
15732265,1,7,4,3,33,630,9,0.0,64804.59,0,1,0,0.0345,200.0,6.9,0.0,0.2727,2.35,0.0
15621974,2,29,4,3,33,778,4,111063.73,83556.65,0,1,0,0.2666,3531.91,941.61,1.3292,0.1212,1.6,55531.86
15803947,2,29,1,2,30,757,6,161378.02,71926.28,0,0,1,0.5964,4916.34,2932.11,2.2436,0.2,0.9,161378.02
15720706,3,26,2,3,39,529,2,82766.43,122925.44,1,1,0,0.2897,2607.99,755.53,0.6733,0.0513,3.3,82766.43
15759290,3,2,4,3,29,620,9,0.0,13133.88,0,1,0,0.0382,200.0,7.64,0.0,0.3103,2.35,0.0
15651664,1,37,2,1,61,615,1,104267.7,62845.64,0,1,1,0.9545,3253.03,3105.02,1.6591,0.0164,1.15,104267.7
15795132,1,23,1,3,25,735,3,91718.8,28411.23,0,0,0,0.2383,2826.56,673.57,3.2281,0.12,0.45,91718.8
15811565,3,33,1,1,47,705,3,63488.7,28640.92,1,0,1,0.7441,1979.66,1473.07,2.2166,0.0638,2.45,63488.7
15713774,3,32,1,1,46,644,6,12459.19,156787.34,0,0,1,0.9016,448.78,404.62,0.0795,0.1304,0.9,12459.19
15691840,2,26,3,3,37,505,6,159863.9,125307.87,1,0,0,0.2309,4945.92,1142.01,1.2758,0.1622,2.9,79931.95
15682021,2,1,4,3,23,471,6,104592.55,131736.23,0,1,0,0.1914,3337.78,638.85,0.7939,0.2609,1.9,52296.28
15612931,3,33,2,2,50,722,4,132088.59,128262.14,1,1,0,0.5844,4087.66,2388.83,1.0298,0.08,3.6,132088.59
15676707,3,26,4,3,39,577,4,0.0,91366.42,0,1,0,0.1528,200.0,30.56,0.0,0.1026,1.6,0.0
15601383,3,9,2,2,44,744,5,120654.68,82290.81,0,1,0,0.5901,3744.64,2209.71,1.4662,0.1136,1.75,120654.68
15662662,1,26,4,3,30,573,6,0.0,66190.21,0,1,0,0.095,200.0,19.0,0.0,0.2,1.9,0.0
15752694,1,27,1,3,32,653,4,83772.95,23920.65,1,0,0,0.1912,2588.19,494.86,3.502,0.125,2.6,83772.95
15590683,1,27,1,3,31,660,6,172325.67,45438.38,1,0,0,0.3169,5244.77,1662.07,3.7924,0.1935,2.9,172325.67
15773591,1,14,4,3,46,787,7,117685.31,93360.35,1,1,0,0.3354,3730.56,1251.23,1.2605,0.1522,4.05,58842.66
15723620,1,7,3,3,41,617,7,0.0,14496.67,1,0,0,0.0849,150.0,12.74,0.0,0.1707,3.05,0.0
15671779,1,6,3,3,39,567,5,0.0,168521.72,0,0,0,0.0672,150.0,10.08,0.0,0.1282,0.75,0.0
15672966,3,38,4,3,64,682,9,0.0,103318.44,1,1,0,0.1122,200.0,22.44,0.0,0.1406,4.35,0.0
15624667,1,8,2,3,35,684,6,135871.5,87219.41,1,1,0,0.1523,4201.15,639.84,1.5578,0.1714,3.9,135871.5
15812888,1,6,8,1,41,447,3,0.0,197490.39,1,1,1,0.9706,350.0,339.71,0.0,0.0732,3.45,0.0
15724154,2,32,2,1,49,625,4,128504.76,126812.63,0,1,1,0.94,3980.14,3741.33,1.0133,0.0816,1.6,128504.76
15749540,1,7,4,3,36,585,7,0.0,94283.09,0,1,0,0.0616,200.0,12.32,0.0,0.1944,2.05,0.0
15621063,1,26,2,1,42,516,8,56228.25,46857.52,0,1,0,0.6531,1811.85,1183.32,1.2,0.1905,2.2,56228.25
15661626,2,33,2,1,45,732,6,98792.4,81491.7,0,1,1,0.9065,3088.77,2799.97,1.2123,0.1333,1.9,98792.4
15698703,2,7,4,3,40,628,5,181768.32,129107.97,1,1,0,0.1534,5653.05,867.18,1.4079,0.125,3.75,90884.16
15801431,3,33,2,2,48,682,9,101198.01,49732.9,1,1,0,0.5377,3160.94,1699.64,2.0348,0.1875,4.35,101198.01
15649451,1,4,3,3,25,746,9,0.0,88728.47,1,0,0,0.0224,150.0,3.36,0.0,0.36,3.35,0.0
15626156,1,37,4,3,60,655,3,0.0,86981.45,1,1,0,0.2209,200.0,44.18,0.0,0.05,3.45,0.0
15606158,1,27,2,2,39,644,9,0.0,3740.93,0,1,0,0.6415,125.0,80.19,0.0,0.2308,2.35,0.0
15589496,1,9,3,3,34,778,5,139064.06,67949.32,0,0,0,0.1916,4321.92,828.08,2.0466,0.1471,0.75,69532.03
15730345,1,27,2,3,35,617,2,104508.1,147636.46,1,1,0,0.2888,3260.24,941.56,0.7079,0.0571,3.3,104508.1
15572038,2,7,2,1,35,660,9,113948.58,188891.96,0,1,1,0.6597,3543.46,2337.62,0.6032,0.2571,2.35,113948.58
15643439,1,11,3,3,47,537,10,0.0,25482.62,1,0,0,0.2059,150.0,30.88,0.0,0.2128,3.5,0.0
15604158,1,26,4,3,39,554,10,0.0,18391.93,1,1,0,0.302,200.0,60.4,0.0,0.2564,4.5,0.0
15657396,1,10,3,3,31,806,9,0.0,140168.36,1,0,0,0.0176,150.0,2.64,0.0,0.2903,3.35,0.0
15709478,2,7,3,3,37,611,1,117524.72,161064.29,1,0,0,0.2497,3675.74,917.83,0.7297,0.027,2.15,58762.36
15628824,1,27,1,3,37,665,5,160389.82,183542.08,1,0,0,0.2692,4886.69,1315.5,0.8739,0.1351,2.75,160389.82
15814519,1,27,4,3,37,648,7,0.0,194238.92,0,1,0,0.147,200.0,29.4,0.0,0.1892,2.05,0.0
15636520,1,3,1,3,27,692,1,125547.53,7900.46,0,0,0,0.215,3841.43,825.91,15.8892,0.037,0.15,125547.53
15794414,3,11,2,2,46,507,6,92783.68,51424.29,1,1,0,0.4731,2908.51,1376.02,1.8042,0.1304,3.9,92783.68
15643671,2,13,4,1,49,696,5,97036.22,152450.84,0,1,1,0.7839,3111.09,2438.78,0.6365,0.102,1.75,48518.11
15700650,1,8,3,3,34,681,3,0.0,55816.2,0,0,0,0.0392,150.0,5.88,0.0,0.0882,0.45,0.0
15680224,1,23,4,3,26,687,6,0.0,32909.13,1,1,0,0.0673,200.0,13.46,0.0,0.2308,3.9,0.0
15784286,3,7,2,3,40,641,5,102145.13,100637.07,1,1,0,0.2697,3189.35,860.17,1.015,0.125,3.75,102145.13
15693996,1,26,1,3,33,507,1,113452.66,142911.99,0,0,0,0.2425,3478.58,843.56,0.7939,0.0303,0.15,113452.66
15764343,3,33,2,2,46,688,8,155681.72,26287.21,0,1,0,0.6334,4795.45,3037.44,5.9221,0.1739,2.2,155681.72
15704168,2,6,1,1,38,535,8,127475.24,60775.76,0,0,1,0.7656,3899.26,2985.27,2.0974,0.2105,1.2,127475.24
15680197,1,8,4,3,41,701,10,0.0,146257.77,1,1,0,0.0421,200.0,8.42,0.0,0.2439,4.5,0.0
15633729,1,6,2,3,43,488,10,112751.13,28332.0,1,1,0,0.2875,3507.53,1008.41,3.9795,0.2326,4.5,112751.13
15577683,1,21,4,3,29,539,4,0.0,100919.19,1,1,0,0.0712,200.0,14.24,0.0,0.1379,3.6,0.0
15800746,1,13,2,2,45,674,7,144889.18,102591.9,1,1,1,0.4566,4471.68,2041.77,1.4123,0.1556,4.05,144889.18
15788686,3,6,4,3,40,538,8,0.0,25554.4,1,1,0,0.0594,200.0,11.88,0.0,0.2,4.2,0.0
15742798,1,25,2,2,22,829,7,150126.44,152107.93,0,1,1,0.5336,4628.79,2469.92,0.987,0.3182,2.05,150126.44
15596647,1,14,2,2,54,768,8,69712.74,69381.05,1,1,0,0.4656,2216.38,1031.95,1.0048,0.1481,4.2,69712.74
15756070,3,27,3,3,44,585,4,0.0,101728.46,1,0,0,0.2187,150.0,32.8,0.0,0.0909,2.6,0.0
15775116,1,7,3,3,31,581,3,0.0,89040.61,0,0,0,0.0327,150.0,4.9,0.0,0.0968,0.45,0.0
15575428,2,28,4,3,35,682,2,117438.92,16910.98,1,1,0,0.2827,3723.17,1052.54,6.9441,0.0571,3.3,58719.46
15654074,1,7,2,2,38,653,8,119315.75,150468.35,0,1,0,0.3609,3704.47,1336.94,0.793,0.2105,2.2,119315.75
15695872,1,28,2,3,30,712,1,89571.59,177613.19,1,1,0,0.1003,2812.15,282.06,0.5043,0.0333,3.15,89571.59
15568885,2,27,2,2,34,620,8,102251.57,120672.09,0,1,0,0.5809,3192.55,1854.55,0.8473,0.2353,2.2,102251.57
15725036,1,8,1,3,42,709,9,118546.71,77142.85,1,0,0,0.2499,3631.4,907.49,1.5367,0.2143,3.35,118546.71
15632665,1,20,1,1,61,832,2,0.0,127804.66,1,0,1,0.7201,75.0,54.01,0.0,0.0328,2.3,0.0
15571476,3,7,1,3,38,635,0,103257.14,158344.63,0,0,0,0.227,3172.71,720.21,0.6521,0.0,0.0,103257.14
15776850,3,29,2,2,43,749,1,124209.02,167179.48,1,1,0,0.4078,3851.27,1570.55,0.743,0.0233,3.15,124209.02
15623649,3,7,4,3,32,629,3,0.0,15404.64,1,1,0,0.0415,200.0,8.3,0.0,0.0938,3.45,0.0
15751131,3,30,2,3,41,836,7,150302.84,156036.19,1,1,0,0.2909,4634.09,1348.06,0.9633,0.1707,4.05,150302.84
15688128,3,6,1,3,34,542,8,108653.93,144725.14,1,0,0,0.1227,3334.62,409.16,0.7508,0.2353,3.2,108653.93
15678412,1,32,1,1,45,645,8,85325.93,22558.74,0,0,0,0.702,2634.78,1849.62,3.7822,0.1778,1.2,85325.93
15770291,1,25,3,3,29,844,8,0.0,147342.03,0,0,0,0.0614,150.0,9.21,0.0,0.2759,1.2,0.0
15583392,2,9,6,1,37,747,9,135776.36,85470.45,0,1,1,0.9822,4348.29,4270.89,1.5886,0.2432,2.35,45258.79
15690731,1,7,2,2,40,645,6,131411.24,194656.11,1,1,0,0.364,4067.34,1480.51,0.6751,0.15,3.9,131411.24
15697948,3,29,4,3,36,752,3,0.0,48505.1,1,1,0,0.0804,200.0,16.08,0.0,0.0833,3.45,0.0
15608328,3,29,3,3,41,760,6,0.0,101491.23,0,0,0,0.193,150.0,28.95,0.0,0.1463,0.9,0.0
15766378,2,33,4,2,45,714,9,106431.97,164117.69,1,1,0,0.6445,3392.96,2186.76,0.6485,0.2,4.35,53215.98
15600813,1,13,2,2,50,717,9,90305.76,124626.57,1,1,0,0.4945,2834.17,1401.5,0.7246,0.18,4.35,90305.76
15706217,2,2,4,3,28,645,7,117466.03,34490.06,1,1,0,0.1521,3723.98,566.42,3.4057,0.25,4.05,58733.02
15601417,1,8,4,3,32,681,3,148884.47,90967.37,1,1,0,0.1226,4666.53,572.12,1.6367,0.0938,3.45,74442.24
15610972,2,28,3,2,44,681,4,91115.76,24208.84,0,0,1,0.5535,2883.47,1596.0,3.7636,0.0909,0.6,45557.88
15674620,2,28,3,3,37,679,8,77373.87,174873.09,1,0,0,0.2002,2471.22,494.74,0.4425,0.2162,3.2,38686.94
15785350,3,1,2,3,23,528,7,104744.89,170262.97,0,1,0,0.1894,3267.35,618.84,0.6152,0.3043,2.05,104744.89
15749119,1,28,4,3,31,710,3,0.0,112289.06,1,1,0,0.0603,200.0,12.06,0.0,0.0968,3.45,0.0
15756535,2,8,2,2,39,733,5,91538.51,93783.0,1,1,0,0.4935,2871.16,1416.92,0.9761,0.1282,3.75,91538.51
15700965,1,28,4,3,32,724,6,0.0,150026.79,1,1,0,0.0965,200.0,19.3,0.0,0.1875,3.9,0.0
15791851,1,28,2,2,34,726,0,185734.75,102036.82,1,1,0,0.4866,5697.04,2772.18,1.8203,0.0,3.0,185734.75
15717156,1,6,4,3,30,520,3,143396.54,898.51,1,1,0,0.1279,4501.9,575.79,159.4163,0.1,3.45,71698.27
15740846,1,6,2,3,40,556,5,125909.85,95124.4,1,1,0,0.2689,3902.3,1049.33,1.3236,0.125,3.75,125909.85
15573284,1,31,3,3,45,579,2,0.0,11514.39,0,0,0,0.2362,150.0,35.43,0.0,0.0444,0.3,0.0
15729083,1,8,1,3,36,674,2,154525.7,27468.72,1,0,0,0.1823,4710.77,858.77,5.6253,0.0556,2.3,154525.7
15611612,1,21,2,2,29,570,0,0.0,37092.43,0,1,0,0.4243,125.0,53.04,0.0,0.0,1.0,0.0
15694381,1,12,2,1,51,631,8,100654.8,171587.9,0,1,0,0.8564,3144.64,2693.07,0.5866,0.1569,2.2,100654.8
15651737,3,7,1,2,44,623,1,83325.77,80828.78,1,0,0,0.5282,2574.77,1359.99,1.0309,0.0227,2.15,83325.77
15663168,1,7,2,3,35,665,8,110934.54,169287.99,0,1,0,0.2009,3453.04,693.72,0.6553,0.2286,2.2,110934.54
15643426,3,26,1,2,36,523,8,113680.54,13197.44,0,0,0,0.375,3485.42,1307.03,8.6132,0.2222,1.2,113680.54
15618245,2,8,4,3,31,706,1,117020.08,54439.53,0,1,0,0.2388,3710.6,886.09,2.1495,0.0323,1.15,58510.04
15717527,1,32,2,1,49,619,9,145359.99,38186.85,0,1,0,0.7621,4485.8,3418.63,3.8064,0.1837,2.35,145359.99
15793478,2,27,2,2,39,593,8,151391.68,27274.6,0,1,1,0.593,4666.75,2767.38,5.5504,0.2051,2.2,151391.68
15642248,3,17,2,3,66,608,8,123935.35,65758.19,1,1,0,0.2158,3843.06,829.33,1.8847,0.1212,4.2,123935.35
15640377,1,26,4,3,36,526,0,0.0,97767.63,0,1,0,0.2224,200.0,44.48,0.0,0.0,1.0,0.0
15723950,3,8,2,3,40,684,2,70291.02,115468.84,1,1,1,0.3195,2233.73,713.68,0.6087,0.05,3.3,70291.02
15590327,2,27,2,2,42,604,10,166031.45,98293.14,0,1,0,0.6375,5105.94,3255.04,1.6891,0.2381,2.5,166031.45
15706199,2,7,1,2,36,636,6,96643.32,182059.28,0,0,0,0.6282,2974.3,1868.46,0.5308,0.1667,0.9,96643.32
15671514,3,27,3,3,33,669,8,0.0,128538.05,1,0,0,0.0831,150.0,12.46,0.0,0.2424,3.2,0.0
15727041,1,17,4,3,71,624,7,0.0,108841.83,1,1,0,0.0628,200.0,12.56,0.0,0.0986,4.05,0.0
15738063,1,2,4,3,29,631,2,0.0,18581.84,1,1,0,0.0388,200.0,7.76,0.0,0.069,3.3,0.0
15711733,1,14,3,3,48,753,4,0.0,146821.42,1,0,0,0.2013,150.0,30.2,0.0,0.0833,2.6,0.0
15652320,1,7,3,3,40,588,5,0.0,100727.68,0,0,0,0.0638,150.0,9.57,0.0,0.125,0.75,0.0
15634180,2,3,4,3,26,729,4,97268.1,39356.38,0,1,0,0.1592,3118.04,496.39,2.4714,0.1538,1.6,48634.05
15694566,1,27,3,2,42,602,10,0.0,169921.11,0,0,1,0.3886,150.0,58.29,0.0,0.2381,1.5,0.0
15726103,2,33,2,1,55,689,1,76296.81,42364.75,0,1,1,0.9633,2413.9,2325.31,1.8009,0.0182,1.15,76296.81
15646351,3,1,4,3,27,486,7,0.0,28823.04,0,1,0,0.0515,200.0,10.3,0.0,0.2593,2.05,0.0
15730044,2,30,5,1,42,809,6,64497.94,182436.81,1,0,1,0.9546,2159.94,2061.88,0.3535,0.1429,2.9,21499.31
15795186,1,6,2,2,38,562,5,0.0,115700.2,0,1,0,0.6009,125.0,75.11,0.0,0.1316,1.75,0.0
15784890,3,29,4,3,32,763,8,0.0,16725.53,0,1,0,0.0814,200.0,16.28,0.0,0.25,2.2,0.0
15694125,1,12,4,3,57,669,5,0.0,56875.76,1,1,0,0.1236,200.0,24.72,0.0,0.0877,3.75,0.0
15565891,1,8,4,3,39,709,8,0.0,56214.09,0,1,0,0.0852,200.0,17.04,0.0,0.2051,2.2,0.0
15674254,3,31,4,3,45,554,4,0.0,193412.05,1,1,0,0.191,200.0,38.2,0.0,0.0889,3.6,0.0
15775206,1,8,3,3,37,699,10,0.0,83263.04,0,0,0,0.0838,150.0,12.57,0.0,0.2703,1.5,0.0
15797627,3,13,1,2,54,732,0,134249.7,13404.4,1,0,0,0.6025,4102.49,2471.75,10.0146,0.0,2.0,134249.7
15649853,1,32,2,1,45,625,3,0.0,184474.15,1,1,1,0.7647,125.0,95.59,0.0,0.0667,3.45,0.0
15610379,1,7,2,3,30,599,9,105443.68,121124.53,1,1,0,0.095,3288.31,312.39,0.8705,0.3,4.35,105443.68
15659800,3,32,1,1,50,584,1,0.0,152567.75,1,0,1,0.912,75.0,68.4,0.0,0.02,2.15,0.0
15716236,1,6,4,3,35,499,10,0.0,10722.54,0,1,0,0.042,200.0,8.4,0.0,0.2857,2.5,0.0
15672053,3,6,3,3,38,526,2,0.0,58010.98,0,0,0,0.0641,150.0,9.62,0.0,0.0526,0.3,0.0
15663933,2,27,4,3,35,625,5,86147.46,163440.8,0,1,1,0.3375,2784.42,939.74,0.5271,0.1429,1.75,43073.73
15814236,3,26,2,3,38,537,1,96939.06,102606.92,1,1,0,0.297,3033.17,900.85,0.9448,0.0263,3.15,96939.06
15583597,3,13,2,2,47,696,1,106758.6,80591.18,1,1,0,0.5077,3327.76,1689.5,1.3247,0.0213,3.15,106758.6
15607395,1,28,4,3,33,679,9,112528.65,177362.45,0,1,0,0.2176,3575.86,778.11,0.6345,0.2727,2.35,56264.32
15694556,1,18,2,1,60,684,2,116563.58,120257.7,0,1,1,0.9266,3621.91,3356.06,0.9693,0.0333,1.3,116563.58
15744109,1,10,2,2,32,850,4,0.0,180622.02,1,1,0,0.3516,125.0,43.95,0.0,0.125,3.6,0.0
15800688,3,26,3,3,42,495,7,0.0,130404.53,0,0,0,0.2102,150.0,31.53,0.0,0.1667,1.05,0.0
15810878,3,26,1,3,38,537,6,141786.78,147797.54,1,0,0,0.2909,4328.6,1259.19,0.9593,0.1579,2.9,141786.78
15587835,1,10,1,2,41,850,3,136416.82,57844.26,1,0,0,0.3784,4167.5,1576.98,2.3583,0.0732,2.45,136416.82
15763515,1,6,4,3,30,513,5,0.0,162523.66,0,1,0,0.0572,200.0,11.44,0.0,0.1667,1.75,0.0
15725882,2,27,4,2,40,618,1,133245.52,54495.82,1,1,0,0.352,4197.37,1477.47,2.445,0.025,3.15,66622.76
15788022,2,30,3,3,41,802,4,90757.64,169183.66,1,0,0,0.3009,2872.73,864.4,0.5364,0.0976,2.6,45378.82
15663917,1,6,1,2,43,547,1,92350.36,80262.91,1,0,0,0.5237,2845.51,1490.19,1.1506,0.0233,2.15,92350.36
15656865,2,17,1,2,69,613,9,78778.49,8751.59,1,0,0,0.3666,2438.35,893.9,9.0006,0.1304,3.35,78778.49
15667971,2,27,4,3,34,592,6,102143.93,102628.98,1,1,0,0.1778,3264.32,580.4,0.9953,0.1765,3.9,51071.96
15800366,1,1,2,3,29,546,5,0.0,94823.95,1,1,0,0.2775,125.0,34.69,0.0,0.1724,3.75,0.0
15717231,2,8,1,2,37,721,4,98459.6,90821.66,0,0,0,0.5175,3028.79,1567.4,1.0841,0.1081,0.6,98459.6
15643188,2,33,4,1,47,671,7,114603.76,153194.32,0,1,1,0.8528,3638.11,3102.58,0.7481,0.1489,2.05,57301.88
15671351,3,7,4,3,35,624,2,0.0,87310.59,0,1,0,0.0824,200.0,16.48,0.0,0.0571,1.3,0.0
15573628,2,34,2,1,51,751,7,148074.79,146411.41,0,1,1,0.962,4567.24,4393.68,1.0114,0.1373,2.05,148074.79
15698953,3,7,6,1,36,636,1,0.0,74048.1,1,1,1,0.753,275.0,207.08,0.0,0.0278,3.15,0.0
15753888,3,37,2,2,62,607,8,108004.64,23386.77,1,1,1,0.5072,3365.14,1706.8,4.618,0.129,4.2,108004.64
15737961,2,21,4,3,29,509,0,107712.57,92898.17,1,1,0,0.1931,3431.38,662.6,1.1595,0.0,3.0,53856.28
15801701,3,7,4,3,35,653,9,0.0,45956.05,1,1,0,0.0278,200.0,5.56,0.0,0.2571,4.35,0.0
15684419,3,28,6,2,37,709,8,0.0,71738.56,0,1,0,0.6441,275.0,177.13,0.0,0.2162,2.2,0.0
15794266,1,6,2,3,32,559,9,145303.52,103560.98,0,1,0,0.1809,4484.11,811.18,1.4031,0.2812,2.35,145303.52
15810711,2,8,4,3,37,684,4,138476.41,52367.29,1,1,0,0.175,4354.29,762.0,2.6443,0.1081,3.6,69238.2
15771270,1,22,2,3,27,635,8,127471.56,152916.05,1,1,1,0.269,3949.15,1062.32,0.8336,0.2963,4.2,127471.56
15607786,1,3,1,3,26,709,6,156551.63,4410.77,1,0,0,0.1179,4771.55,562.57,35.485,0.2308,2.9,156551.63
15624519,2,32,2,1,49,656,9,97092.87,74771.22,0,1,1,0.9209,3037.79,2797.5,1.2985,0.1837,2.35,97092.87
15799910,1,9,4,3,32,793,2,0.0,193817.63,0,1,1,0.0856,200.0,17.12,0.0,0.0625,1.3,0.0
15602479,3,7,2,3,37,609,5,129312.79,26793.82,1,1,0,0.2416,4004.38,967.46,4.826,0.1351,3.75,129312.79
15617419,2,22,4,3,29,618,10,100315.1,32526.64,1,1,0,0.1142,3209.45,366.52,3.084,0.3448,4.5,50157.55
15657603,1,30,2,3,35,850,6,81684.97,824.0,0,1,0,0.2942,2575.55,757.73,99.0121,0.1714,1.9,81684.97
15570379,3,12,1,1,51,669,3,88827.53,85250.77,0,0,1,0.8307,2739.83,2275.98,1.0419,0.0588,0.45,88827.53
15772996,2,7,4,3,40,594,0,152092.44,83508.93,1,1,0,0.2529,4762.77,1204.5,1.8212,0.0,3.0,76046.22
15729574,3,17,4,3,71,616,4,0.0,173599.38,1,1,0,0.0642,200.0,12.84,0.0,0.0563,3.6,0.0
15737267,1,33,2,1,49,676,1,0.0,79342.31,0,1,1,0.9408,125.0,117.6,0.0,0.0204,1.15,0.0
15799128,3,27,1,3,38,608,9,102406.76,57600.66,1,0,0,0.2338,3147.2,735.82,1.7778,0.2368,3.35,102406.76
15813327,1,3,4,3,21,710,4,109130.96,56191.99,1,1,0,0.1292,3473.93,448.83,1.9421,0.1905,3.6,54565.48
15711921,1,3,4,3,29,695,5,0.0,6770.44,1,1,0,0.0408,200.0,8.16,0.0,0.1724,3.75,0.0
15654300,2,6,1,3,33,530,9,75242.28,101694.67,1,0,0,0.1613,2332.27,376.2,0.7399,0.2727,3.35,75242.28
15569945,3,1,4,3,29,509,1,0.0,69113.14,0,1,0,0.0613,200.0,12.26,0.0,0.0345,1.15,0.0
15569666,1,31,1,1,45,517,4,0.0,172674.36,0,0,1,0.9233,75.0,69.25,0.0,0.0889,0.6,0.0
15681887,2,9,4,2,33,758,0,129142.54,26606.28,1,1,0,0.4084,4074.28,1663.94,4.8537,0.0,3.0,64571.27
15608873,1,12,1,1,51,665,2,0.0,53353.36,0,0,0,0.9051,75.0,67.88,0.0,0.0392,0.3,0.0
15762091,2,22,2,2,22,631,6,139129.92,63747.51,1,1,0,0.5227,4298.9,2247.04,2.1825,0.2727,3.9,139129.92
15722053,3,6,3,3,33,576,3,0.0,190112.05,1,0,0,0.0442,150.0,6.63,0.0,0.0909,2.45,0.0
15782100,3,1,1,3,22,544,3,66483.32,110317.39,1,0,0,0.2715,2069.5,561.87,0.6026,0.1364,2.45,66483.32
15765300,2,7,6,1,40,596,5,62389.03,148623.43,0,1,1,0.9129,2146.67,1959.7,0.4198,0.125,1.75,20796.34
15743570,1,26,4,3,34,481,5,0.0,125253.46,1,1,0,0.0729,200.0,14.58,0.0,0.1471,3.75,0.0
15608541,1,11,2,1,46,498,1,91857.66,101954.78,0,1,1,0.7477,2880.73,2153.92,0.901,0.0217,1.15,91857.66
15750671,3,6,4,3,31,512,6,0.0,168462.26,0,1,0,0.0662,200.0,13.24,0.0,0.1935,1.9,0.0
15813659,1,32,2,1,56,594,7,0.0,26215.85,0,1,1,0.9632,125.0,120.4,0.0,0.125,2.05,0.0
15757867,1,26,2,2,30,570,10,176173.52,97045.32,0,1,1,0.5286,5410.21,2859.84,1.8154,0.3333,2.5,176173.52
15652914,3,8,1,2,38,721,7,0.0,53534.8,1,0,0,0.4262,75.0,31.97,0.0,0.1842,3.05,0.0
15723818,1,26,4,3,37,453,4,131834.76,8949.2,0,1,0,0.3253,4155.04,1351.63,14.7298,0.1081,1.6,65917.38
15713819,1,11,2,2,48,562,3,92347.96,163116.75,1,1,0,0.5043,2895.44,1460.17,0.5661,0.0625,3.45,92347.96
15656484,1,8,4,3,40,682,4,0.0,140745.91,1,1,0,0.0426,200.0,8.52,0.0,0.1,3.6,0.0
15778515,1,9,1,2,40,748,3,95297.11,171515.84,0,0,0,0.3939,2933.91,1155.67,0.5556,0.075,0.45,95297.11
15803840,1,28,3,3,32,729,9,0.0,150803.44,0,0,0,0.076,150.0,11.4,0.0,0.2812,1.35,0.0
15735339,1,7,2,2,39,663,4,0.0,76884.05,0,1,0,0.6137,125.0,76.71,0.0,0.1026,1.6,0.0
15600392,1,33,3,1,53,735,8,123845.36,170454.93,1,0,1,0.7064,3865.36,2730.49,0.7266,0.1509,3.2,61922.68
15625740,2,17,4,3,62,627,3,143426.34,143104.3,1,1,0,0.3162,4502.79,1423.78,1.0022,0.0484,3.45,71713.17
15663817,1,13,2,2,46,713,5,0.0,55701.62,1,1,0,0.6191,125.0,77.39,0.0,0.1087,3.75,0.0
15734461,2,6,1,2,31,562,2,112708.2,186370.3,1,0,0,0.5634,3456.25,1947.25,0.6048,0.0645,2.3,112708.2
15780142,1,7,2,2,43,632,2,100013.51,24275.32,0,1,0,0.6048,3125.41,1890.25,4.1198,0.0465,1.3,100013.51
15709920,1,26,1,1,33,479,2,208165.53,50774.81,0,0,1,0.7119,6319.97,4499.19,4.0997,0.0606,0.3,208165.53
15684248,3,2,3,3,21,658,7,0.0,154279.87,1,0,0,0.0161,150.0,2.42,0.0,0.3333,3.05,0.0
15643158,1,27,2,1,40,598,9,0.0,68462.59,0,1,1,0.7673,125.0,95.91,0.0,0.225,2.35,0.0
15693902,1,2,4,3,19,597,2,0.0,91036.74,1,1,0,0.0196,200.0,3.92,0.0,0.1053,3.3,0.0
15578307,1,26,4,3,33,512,6,121685.31,83681.97,1,1,0,0.1439,3850.56,554.1,1.4541,0.1818,3.9,60842.66
15585379,1,8,2,2,39,704,2,111525.02,199484.96,0,1,0,0.3742,3470.75,1298.75,0.5591,0.0513,1.3,111525.02
15758510,1,1,3,3,26,474,6,0.0,152491.22,0,0,0,0.0547,150.0,8.2,0.0,0.2308,0.9,0.0
15692918,2,7,2,3,36,604,10,113546.3,134875.37,1,1,0,0.3339,3531.39,1179.13,0.8419,0.2778,4.5,113546.3
15705301,1,8,4,3,41,683,6,95696.52,184366.14,1,1,0,0.1407,3070.9,432.08,0.5191,0.1463,3.9,47848.26
15718231,1,1,4,3,28,537,0,88963.31,189839.93,1,1,0,0.1264,2868.9,362.63,0.4686,0.0,3.0,44481.66
15567991,3,9,3,3,31,794,0,144880.34,175643.44,1,0,0,0.1371,4496.41,616.46,0.8249,0.0,2.0,72440.17
15772650,1,13,1,2,55,732,9,136576.02,3268.17,1,0,1,0.6055,4172.28,2526.32,41.777,0.1636,3.35,136576.02
15574795,1,26,2,2,38,495,2,63093.01,47089.72,1,1,0,0.3781,2017.79,762.93,1.3398,0.0526,3.3,63093.01
15706036,2,6,4,3,38,552,10,132271.12,46562.02,1,1,0,0.1234,4168.13,514.35,2.8407,0.2632,4.5,66135.56
15723856,1,22,4,3,29,602,3,88814.4,62487.97,1,1,0,0.117,2864.43,335.14,1.4213,0.1034,3.45,44407.2
15812920,2,7,1,1,40,607,5,90594.55,181598.25,1,0,0,0.7131,2792.84,1991.57,0.4989,0.125,2.75,90594.55
15691287,2,28,2,1,33,675,0,141816.25,64815.05,0,1,1,0.676,4379.49,2960.54,2.188,0.0,1.0,141816.25
15804797,1,31,2,2,54,443,3,138547.97,70196.23,1,1,1,0.6354,4281.44,2720.43,1.9737,0.0556,3.45,138547.97
15708650,1,28,3,3,31,727,2,52192.08,160383.47,1,0,0,0.11,1715.76,188.73,0.3254,0.0645,2.3,26096.04
15712777,1,6,2,2,38,482,4,124976.19,35848.12,0,1,0,0.3539,3874.29,1371.11,3.4862,0.1053,1.6,124976.19
15786469,1,28,4,3,34,686,1,0.0,87278.48,0,1,0,0.0975,200.0,19.5,0.0,0.0294,1.15,0.0
15669219,2,7,2,2,35,588,3,104356.38,94498.82,0,1,0,0.5552,3255.69,1807.56,1.1043,0.0857,1.45,104356.38
15641004,3,32,1,2,48,605,10,150315.92,133486.36,1,0,0,0.6353,4584.48,2912.52,1.1261,0.2083,3.5,150315.92
15648067,1,7,4,3,39,583,1,129299.28,73107.6,0,1,0,0.2346,4078.98,956.93,1.7686,0.0256,1.15,64649.64
15704014,2,8,4,3,37,738,7,140950.92,195333.98,0,1,0,0.157,4428.53,695.28,0.7216,0.1892,2.05,70475.46
15645136,3,9,2,3,30,744,1,128065.12,121525.48,0,1,0,0.2388,3966.95,947.31,1.0538,0.0333,1.15,128065.12
15709604,1,4,2,3,23,781,2,107433.48,173843.21,0,1,0,0.1965,3348.0,657.88,0.618,0.087,1.3,107433.48
15713637,1,8,2,3,34,699,2,117468.67,185227.42,0,1,0,0.2104,3649.06,767.76,0.6342,0.0588,1.3,117468.67
15793901,1,22,3,3,27,639,2,0.0,125244.18,0,0,0,0.0817,150.0,12.26,0.0,0.0741,0.3,0.0
15569759,1,22,6,1,27,583,4,0.0,163113.41,0,1,0,0.8027,275.0,220.74,0.0,0.1481,1.6,0.0
15712930,1,7,1,2,42,587,1,0.0,123006.91,0,0,0,0.6434,75.0,48.26,0.0,0.0238,0.15,0.0
15586504,1,8,4,3,40,694,9,0.0,40463.03,0,1,0,0.0959,200.0,19.18,0.0,0.225,2.35,0.0
15677317,1,21,2,3,29,570,4,153040.03,131363.57,1,1,1,0.2003,4716.2,944.65,1.165,0.1379,3.6,153040.03
15664270,2,13,8,1,45,692,6,142084.04,188305.85,0,1,1,0.9877,4612.52,4555.79,0.7545,0.1333,1.9,35521.01
15731519,1,26,4,3,30,511,5,0.0,143994.86,0,1,0,0.1165,200.0,23.3,0.0,0.1667,1.75,0.0
15745623,1,9,1,3,32,788,4,112079.58,89368.59,0,0,0,0.1956,3437.39,672.35,1.2541,0.125,0.6,112079.58
15813862,3,16,4,3,66,526,7,132044.6,158365.89,1,1,0,0.2714,4161.34,1129.39,0.8338,0.1061,4.05,66022.3
15641934,3,34,2,1,46,749,9,66582.81,78753.12,0,1,1,0.767,2122.48,1627.94,0.8455,0.1957,2.35,66582.81
15713043,1,28,4,3,33,691,6,0.0,100408.31,1,1,0,0.0795,200.0,15.9,0.0,0.1818,3.9,0.0
15700749,1,26,2,2,39,481,6,0.0,24677.54,1,1,0,0.5212,125.0,65.15,0.0,0.1538,3.9,0.0
15697567,1,9,4,3,33,752,4,0.0,39570.78,1,1,0,0.0307,200.0,6.14,0.0,0.1212,3.6,0.0
15715414,1,27,1,2,38,658,6,102895.1,155665.76,0,0,0,0.4837,3161.85,1529.39,0.661,0.1579,0.9,102895.1
15639530,3,8,2,2,42,679,2,0.0,168294.27,1,1,0,0.3716,125.0,46.45,0.0,0.0476,3.3,0.0
15726058,2,4,3,3,27,754,7,117578.35,87908.01,1,0,0,0.1655,3677.35,608.6,1.3375,0.2593,3.05,58789.18
15725665,1,13,4,1,47,679,10,198546.1,191198.92,0,1,1,0.6588,6156.38,4055.82,1.0384,0.2128,2.5,99273.05
15698872,3,27,3,3,39,633,2,0.0,191207.03,0,0,0,0.174,150.0,26.1,0.0,0.0513,0.3,0.0
15812184,1,28,2,2,31,674,1,0.0,128954.05,0,1,0,0.3567,125.0,44.59,0.0,0.0323,1.15,0.0
15742609,2,2,1,2,28,600,2,116623.31,59905.29,1,0,0,0.4893,3573.7,1748.61,1.9468,0.0714,2.3,116623.31
15815043,3,12,4,3,49,645,8,0.0,162012.6,0,1,0,0.2825,200.0,56.5,0.0,0.1633,2.2,0.0
15640648,1,8,3,3,36,698,6,0.0,19231.98,1,0,0,0.0465,150.0,6.98,0.0,0.1667,2.9,0.0
15627203,3,11,2,1,54,508,10,0.0,175749.36,1,1,0,0.6528,125.0,81.6,0.0,0.1852,4.5,0.0
15786196,1,26,6,1,44,555,3,105770.7,60533.96,0,1,1,0.988,3448.12,3406.74,1.7473,0.0682,1.45,35256.9
15612095,1,34,2,1,48,751,9,0.0,137508.42,0,1,1,0.9465,125.0,118.31,0.0,0.1875,2.35,0.0
15674368,1,28,3,3,39,738,1,94435.45,189430.86,1,0,0,0.1827,2983.06,545.01,0.4985,0.0256,2.15,47217.72
15783477,2,28,1,1,39,706,8,112889.91,6723.66,1,0,0,0.7365,3461.7,2549.54,16.7875,0.2051,3.2,112889.91
15757559,1,32,4,2,53,595,7,0.0,41371.68,0,1,1,0.5538,200.0,110.76,0.0,0.1321,2.05,0.0
15591036,2,26,1,1,43,577,3,127940.47,125140.72,0,0,1,0.8606,3913.21,3367.71,1.0224,0.0698,0.45,127940.47
15761241,2,26,2,2,36,578,8,129745.1,143683.75,1,1,0,0.6412,4017.35,2575.92,0.903,0.2222,4.2,129745.1
15695078,1,8,4,3,32,699,3,0.0,170770.44,1,1,0,0.0215,200.0,4.3,0.0,0.0938,3.45,0.0
15645744,1,30,3,3,30,826,5,0.0,157397.57,1,0,0,0.0709,150.0,10.64,0.0,0.1667,2.75,0.0
15566988,2,32,2,1,46,656,7,141535.52,50595.15,0,1,1,0.9183,4371.07,4013.95,2.7974,0.1522,2.05,141535.52
15749300,1,31,2,2,47,556,2,139914.27,50390.98,1,1,0,0.588,4322.43,2541.59,2.7765,0.0426,3.3,139914.27
15594340,1,6,2,2,41,569,4,120243.49,163150.03,0,1,1,0.4887,3732.3,1823.98,0.737,0.0976,1.6,120243.49
15607065,1,9,1,3,34,765,9,91835.16,138280.17,0,0,0,0.2422,2830.05,685.44,0.6641,0.2647,1.35,91835.16
15778089,3,6,3,3,37,544,2,0.0,135067.02,0,0,0,0.0644,150.0,9.66,0.0,0.0541,0.3,0.0
15773723,3,22,2,2,22,588,9,67178.19,163534.75,1,1,1,0.5506,2140.35,1178.48,0.4108,0.4091,4.35,67178.19
15697035,3,29,3,3,31,740,8,0.0,86657.48,0,0,0,0.1757,150.0,26.36,0.0,0.2581,1.2,0.0
15679668,3,10,1,3,38,850,7,115378.94,162087.82,1,0,0,0.1796,3536.37,635.13,0.7118,0.1842,3.05,115378.94
15709861,2,9,4,3,30,766,4,127786.28,28879.3,1,1,0,0.1916,4033.59,772.84,4.4247,0.1333,3.6,63893.14
15791958,1,30,4,3,41,849,6,0.0,169203.51,1,1,1,0.1592,200.0,31.84,0.0,0.1463,3.9,0.0
15791030,1,27,4,3,33,612,0,64900.32,102426.12,0,1,0,0.3487,2147.01,748.66,0.6336,0.0,1.0,32450.16
15695339,2,11,2,1,53,517,0,109172.88,54676.1,0,1,1,0.9535,3400.19,3242.08,1.9967,0.0,1.0,109172.88
15658813,1,32,4,3,55,645,7,0.0,18369.33,1,1,0,0.2379,200.0,47.58,0.0,0.1273,4.05,0.0
15715709,2,8,1,1,43,696,4,114091.38,159888.1,1,0,0,0.7216,3497.74,2523.97,0.7136,0.093,2.6,114091.38
15722533,1,28,3,3,40,716,3,0.0,167636.15,1,0,0,0.1598,150.0,23.97,0.0,0.075,2.45,0.0
15683118,1,7,4,3,32,590,9,0.0,138889.15,0,1,0,0.0203,200.0,4.06,0.0,0.2812,2.35,0.0
15672798,1,32,2,2,45,656,7,145933.27,199392.14,1,1,0,0.4615,4503.0,2078.13,0.7319,0.1556,4.05,145933.27
15680112,2,26,2,1,35,473,7,131504.73,189560.43,0,1,0,0.7263,4070.14,2956.14,0.6937,0.2,2.05,131504.73
15714575,2,29,1,1,44,742,8,107926.02,17375.27,1,0,1,0.7985,3312.78,2645.25,6.2111,0.1818,3.2,107926.02
15806808,2,35,6,1,57,834,8,112281.6,140225.14,0,1,1,0.9934,3643.45,3619.4,0.8007,0.1404,2.2,37427.2
15590637,1,8,3,3,41,721,7,0.0,61018.85,1,0,0,0.0559,150.0,8.38,0.0,0.1707,3.05,0.0
15657535,3,2,2,3,29,590,10,0.0,51907.72,1,1,1,0.2876,125.0,35.95,0.0,0.3448,4.5,0.0
15696141,3,26,2,2,31,516,7,0.0,47018.75,0,1,0,0.4942,125.0,61.78,0.0,0.2258,2.05,0.0
15811947,1,10,1,3,33,850,0,124781.67,33700.52,1,0,0,0.1843,3818.45,703.74,3.7026,0.0,2.0,124781.67
15649024,1,29,2,3,39,748,9,132865.56,59636.43,1,1,1,0.3379,4110.97,1389.1,2.2279,0.2308,4.35,132865.56
15594928,2,29,2,1,38,798,4,129055.13,157147.59,0,1,0,0.7518,3996.65,3004.68,0.8212,0.1053,1.6,129055.13
15765532,2,17,2,3,76,612,6,96166.88,191393.26,1,1,0,0.0802,3010.01,241.4,0.5025,0.0789,3.9,96166.88
15741719,1,26,1,2,40,540,3,165298.12,199862.75,1,0,0,0.4325,5033.94,2177.18,0.8271,0.075,2.45,165298.12
15665629,3,28,4,3,33,719,7,0.0,20016.59,0,1,0,0.1102,200.0,22.04,0.0,0.2121,2.05,0.0
15728917,1,12,2,1,48,598,6,120682.53,30635.52,0,1,1,0.7312,3745.48,2738.69,3.9392,0.125,1.9,120682.53
15762993,3,9,3,3,32,796,5,102773.15,117832.88,1,0,0,0.1139,3233.19,368.26,0.8722,0.1562,2.75,51386.58
15571193,2,6,2,1,42,579,0,144386.32,22497.1,1,1,1,0.7386,4456.59,3291.64,6.4177,0.0,3.0,144386.32
15653521,2,30,2,2,40,850,7,104449.8,747.88,1,1,0,0.5507,3258.49,1794.45,139.4747,0.175,4.05,104449.8
15802220,3,7,1,3,35,599,6,137102.65,76870.81,0,0,0,0.3069,4188.08,1285.32,1.7835,0.1714,0.9,137102.65
15644132,1,28,2,3,30,724,9,142475.87,107848.24,1,1,0,0.1822,4399.28,801.55,1.3211,0.3,4.35,142475.87
15600832,1,26,2,1,43,508,9,0.0,103726.71,0,1,0,0.8243,125.0,103.04,0.0,0.2093,2.35,0.0
15797919,3,9,4,3,37,773,2,103195.2,178268.36,0,1,0,0.3157,3295.86,1040.5,0.5789,0.0541,1.3,51597.6
15603743,1,1,1,3,28,526,1,112070.44,126281.83,1,0,0,0.1208,3437.11,415.2,0.8875,0.0357,2.15,112070.44
15579714,1,21,3,3,29,542,7,0.0,196651.72,1,0,0,0.1022,150.0,15.33,0.0,0.2414,3.05,0.0
15634295,1,6,1,3,35,470,1,96473.59,5962.3,0,0,0,0.2246,2969.21,666.88,16.1779,0.0286,0.15,96473.59
15786680,3,10,4,3,37,805,5,0.0,21928.81,0,1,0,0.0426,200.0,8.52,0.0,0.1351,1.75,0.0
15623499,2,11,1,1,49,548,9,108437.89,127022.87,0,0,1,0.9365,3328.14,3116.8,0.8537,0.1837,1.35,108437.89
15691823,1,8,2,3,37,672,5,153195.59,162763.01,1,1,0,0.2068,4720.87,976.28,0.9412,0.1351,3.75,153195.59
15809279,1,14,2,2,45,773,8,96877.21,113950.51,1,1,0,0.4041,3031.32,1224.96,0.8502,0.1778,4.2,96877.21
15758039,1,7,3,3,44,614,6,0.0,104930.46,1,0,0,0.1407,150.0,21.1,0.0,0.1364,2.9,0.0
15807163,1,26,1,1,38,537,10,0.0,52337.97,0,0,1,0.7327,75.0,54.95,0.0,0.2632,1.5,0.0
15631639,1,28,1,2,40,704,6,95452.89,179964.55,1,0,0,0.5068,2938.59,1489.28,0.5304,0.15,2.9,95452.89
15713770,3,7,2,2,41,586,3,63873.56,83753.64,0,1,0,0.5489,2041.21,1120.42,0.7626,0.0732,1.45,63873.56
15698167,1,23,3,3,24,677,0,148298.59,182913.95,0,0,0,0.2489,4598.96,1144.68,0.8108,0.0,0.0,74149.3
15781710,3,26,4,3,31,558,7,0.0,166720.28,0,1,0,0.1348,200.0,26.96,0.0,0.2258,2.05,0.0
15801296,2,27,4,3,37,634,7,143258.85,192721.98,0,1,0,0.2259,4497.77,1016.05,0.7433,0.1892,2.05,71629.42
15704378,2,7,2,2,37,655,9,121342.24,180241.44,1,1,0,0.5499,3765.27,2070.52,0.6732,0.2432,4.35,121342.24
15767891,2,22,4,3,28,619,6,99152.73,48475.12,0,1,0,0.1911,3174.58,606.66,2.0454,0.2143,1.9,49576.36
15640667,1,27,4,3,41,662,4,0.0,126551.48,0,1,0,0.1651,200.0,33.02,0.0,0.0976,1.6,0.0
15702145,3,8,2,3,33,705,7,68423.89,64872.55,1,1,0,0.1813,2177.72,394.82,1.0547,0.2121,4.05,68423.89
15679738,3,26,2,2,35,527,8,0.0,98031.53,0,1,1,0.5858,125.0,73.22,0.0,0.2286,2.2,0.0
15636634,2,22,2,3,25,630,7,79656.81,93524.22,0,1,0,0.1441,2514.7,362.37,0.8517,0.28,2.05,79656.81
15809227,1,10,4,3,35,850,2,0.0,56991.66,1,1,0,0.0263,200.0,5.26,0.0,0.0571,3.3,0.0
15601811,1,32,1,1,53,668,10,110240.04,183980.56,0,0,1,0.9317,3382.2,3151.2,0.5992,0.1887,1.5,110240.04
15625494,1,26,4,3,32,573,9,125321.84,130234.63,1,1,0,0.1327,3959.66,525.45,0.9623,0.2812,4.35,62660.92
15723737,1,3,2,2,27,680,3,0.0,32454.26,0,1,0,0.3813,125.0,47.66,0.0,0.1111,1.45,0.0
15682955,1,29,2,3,32,758,2,84378.9,75396.43,1,1,0,0.1711,2656.37,454.5,1.1191,0.0625,3.3,84378.9
15758856,1,12,3,3,45,597,7,0.0,167756.45,0,0,0,0.1714,150.0,25.71,0.0,0.1556,1.05,0.0
15746065,2,7,4,3,35,580,10,136281.41,24799.47,1,1,0,0.1134,4288.44,486.31,5.4951,0.2857,4.5,68140.7
15783865,1,12,2,2,59,622,5,119380.37,60429.43,1,1,0,0.5257,3706.41,1948.46,1.9755,0.0847,3.75,119380.37
15745455,2,17,4,2,62,638,4,108716.59,74241.09,1,1,0,0.4335,3461.5,1500.56,1.4644,0.0645,3.6,54358.3
15583033,1,22,3,3,20,640,4,0.0,78310.82,1,0,0,0.0549,150.0,8.24,0.0,0.2,2.6,0.0
15644212,3,2,4,3,28,644,0,0.0,119419.37,0,1,0,0.0937,200.0,18.74,0.0,0.0,1.0,0.0
15735688,1,29,1,3,31,753,6,106596.29,91305.77,0,0,0,0.2998,3272.89,981.21,1.1675,0.1935,0.9,106596.29
15658577,1,27,5,1,37,629,10,99546.25,25136.95,1,0,1,0.9846,3211.39,3161.93,3.96,0.2703,3.5,33182.08
15606887,1,29,2,2,30,775,5,0.0,193880.6,0,1,1,0.5556,125.0,69.45,0.0,0.1667,1.75,0.0
15783026,1,28,2,1,41,701,2,0.0,47856.78,0,1,0,0.7615,125.0,95.19,0.0,0.0488,1.3,0.0
15579892,3,3,2,3,19,708,7,112615.86,4491.77,1,1,0,0.1065,3503.48,373.12,25.066,0.3684,4.05,112615.86
15802088,3,21,2,3,22,521,10,0.0,101311.95,1,1,0,0.2728,125.0,34.1,0.0,0.4545,4.5,0.0
15589323,1,22,3,3,24,636,9,0.0,38830.72,1,0,0,0.0369,150.0,5.54,0.0,0.375,3.35,0.0
15636395,1,26,4,3,31,529,5,0.0,26817.23,0,1,0,0.0902,200.0,18.04,0.0,0.1613,1.75,0.0
15712772,1,4,2,3,28,757,3,75381.15,199727.72,1,1,0,0.1633,2386.43,389.7,0.3774,0.1071,3.45,75381.15
15700937,3,24,4,3,24,767,5,0.0,67445.85,1,1,0,0.0517,200.0,10.34,0.0,0.2083,3.75,0.0
15766659,3,6,4,3,33,525,5,0.0,161002.29,0,1,0,0.0509,200.0,10.18,0.0,0.1515,1.75,0.0
15814033,3,9,4,3,38,759,1,0.0,20778.39,0,1,0,0.0653,200.0,13.06,0.0,0.0263,1.15,0.0
15783007,2,31,2,1,45,520,1,123086.39,41042.4,1,1,1,0.8923,3817.59,3406.44,2.9989,0.0222,3.15,123086.39
15654183,1,23,4,3,26,738,3,0.0,67484.16,0,1,0,0.092,200.0,18.4,0.0,0.1154,1.45,0.0
15609899,3,6,2,2,37,548,4,0.0,121763.68,0,1,0,0.5459,125.0,68.24,0.0,0.1081,1.6,0.0
15747323,3,11,2,1,48,535,9,109472.47,157358.43,0,1,1,0.7883,3409.17,2687.45,0.6957,0.1875,2.35,109472.47
15582591,3,12,2,2,59,615,4,155766.05,110275.17,1,1,0,0.4813,4797.98,2309.27,1.4125,0.0678,3.6,155766.05
15738835,2,10,3,3,38,850,7,101985.81,43801.27,0,0,0,0.2577,3209.57,827.11,2.3283,0.1842,1.05,50992.9
15782404,1,26,1,3,34,487,2,96019.5,9085.0,0,0,0,0.272,2955.58,803.92,10.5679,0.0588,0.3,96019.5
15697480,1,8,3,3,30,731,7,0.0,143086.09,1,0,0,0.034,150.0,5.1,0.0,0.2333,3.05,0.0
15697045,3,28,3,3,35,726,9,0.0,100556.98,1,0,0,0.1013,150.0,15.2,0.0,0.2571,3.35,0.0
15781234,1,27,2,2,35,609,2,147900.43,140000.29,0,1,0,0.5061,4562.01,2308.83,1.0564,0.0571,1.3,147900.43
15579891,1,13,2,2,52,714,4,100755.66,186775.25,1,1,0,0.5451,3147.67,1715.79,0.5394,0.0769,3.6,100755.66
15805690,3,28,2,2,35,694,7,0.0,133570.43,0,1,1,0.6341,125.0,79.26,0.0,0.2,2.05,0.0
15612139,1,29,1,3,33,786,0,83036.05,154990.58,1,0,1,0.16,2566.08,410.57,0.5357,0.0,2.0,83036.05
15568834,3,3,3,3,27,698,6,125427.37,27654.44,0,0,0,0.3312,3912.82,1295.93,4.5354,0.2222,0.9,62713.68
15709917,1,32,1,1,46,601,3,98202.76,137763.93,0,0,0,0.7505,3021.08,2267.32,0.7128,0.0652,0.45,98202.76
15718843,3,9,2,2,41,769,1,72509.91,25723.73,0,1,0,0.4769,2300.3,1097.01,2.8187,0.0244,1.15,72509.91
15799494,2,10,3,3,44,850,3,140393.65,186285.52,1,0,0,0.254,4361.81,1107.9,0.7536,0.0682,2.45,70196.82
15673439,3,32,4,1,50,646,5,142644.64,142208.5,1,1,1,0.701,4479.34,3140.02,1.0031,0.1,3.75,71322.32
15669011,1,27,1,1,44,659,9,23503.31,169862.01,1,0,1,0.7107,780.1,554.42,0.1384,0.2045,3.35,23503.31
15581388,3,6,2,3,33,487,8,145729.71,41365.85,0,1,0,0.2607,4496.89,1172.34,3.5229,0.2424,2.2,145729.71
15743153,2,29,4,2,40,740,2,122295.17,30812.84,1,1,0,0.3865,3868.86,1495.31,3.9688,0.05,3.3,61147.58
15579787,1,8,4,3,39,686,4,0.0,155023.93,0,1,0,0.0574,200.0,11.48,0.0,0.1026,1.6,0.0
15759966,3,27,4,2,36,612,5,119799.27,159416.58,0,1,0,0.4341,3793.98,1646.97,0.7515,0.1389,1.75,59899.64
15601045,3,7,3,2,37,655,8,163708.58,76259.23,0,0,0,0.3624,5061.26,1834.2,2.1467,0.2162,1.2,81854.29
15764021,1,7,4,3,34,617,1,61687.33,105965.25,0,1,0,0.1566,2050.62,321.13,0.5821,0.0294,1.15,30843.66
15687218,1,23,1,3,27,674,4,79144.34,50743.83,1,0,0,0.1474,2449.33,361.03,1.5597,0.1481,2.6,79144.34
15626452,3,8,4,3,32,711,5,0.0,147720.27,1,1,0,0.0298,200.0,5.96,0.0,0.1562,3.75,0.0
15700964,2,22,2,2,27,624,7,104848.68,167387.36,1,1,0,0.5528,3270.46,1807.91,0.6264,0.2593,4.05,104848.68
15768887,3,2,3,3,26,597,5,0.0,95159.13,1,0,0,0.0477,150.0,7.16,0.0,0.1923,2.75,0.0
15735358,3,13,2,2,46,682,4,0.0,4654.28,1,1,0,0.5908,125.0,73.85,0.0,0.087,3.6,0.0
15749472,1,14,2,1,45,775,8,0.0,130376.68,0,1,0,0.8315,125.0,103.94,0.0,0.1778,2.2,0.0
15685872,1,23,2,3,29,727,1,146652.01,173486.39,1,1,0,0.1089,4524.56,492.72,0.8453,0.0345,3.15,146652.01
15760851,1,7,4,3,31,629,6,0.0,93881.75,0,1,0,0.0471,200.0,9.42,0.0,0.1935,1.9,0.0
15734588,1,13,4,3,46,684,0,0.0,36376.97,1,1,0,0.251,200.0,50.2,0.0,0.0,3.0,0.0
15784594,2,26,4,3,37,549,1,130622.34,128499.94,1,1,0,0.2202,4118.67,906.93,1.0165,0.027,3.15,65311.17
15606435,2,17,3,3,69,593,2,187013.13,105898.69,1,0,0,0.274,5760.39,1578.35,1.7659,0.029,2.3,93506.56
15790247,3,6,4,3,40,536,9,0.0,11959.03,1,1,0,0.0569,200.0,11.38,0.0,0.225,4.35,0.0
15676433,1,28,1,2,36,707,6,0.0,98810.78,0,0,0,0.5926,75.0,44.44,0.0,0.1667,0.9,0.0
15625905,3,7,4,3,41,592,0,0.0,65906.07,0,1,0,0.0836,200.0,16.72,0.0,0.0,1.0,0.0
15626414,1,8,2,2,44,703,6,98862.54,151516.7,0,1,0,0.599,3090.88,1851.44,0.6525,0.1364,1.9,98862.54
15623220,3,33,4,3,45,723,4,0.0,37214.39,0,1,0,0.2571,200.0,51.42,0.0,0.0889,1.6,0.0
15752857,2,11,3,1,52,452,1,98443.14,92033.98,0,0,0,0.8742,3103.29,2712.9,1.0696,0.0192,0.15,49221.57
15677908,3,6,3,3,42,552,4,0.0,195692.3,0,0,0,0.0792,150.0,11.88,0.0,0.0952,0.6,0.0
15773013,1,32,2,1,47,633,0,0.0,6342.84,1,1,1,0.8765,125.0,109.56,0.0,0.0,3.0,0.0
15623972,2,21,1,2,23,479,9,123575.51,95148.28,1,0,0,0.4269,3782.27,1614.65,1.2988,0.3913,3.35,123575.51
15738627,1,4,4,3,25,768,6,0.0,21215.67,1,1,0,0.0301,200.0,6.02,0.0,0.24,3.9,0.0
15643392,1,9,2,3,31,742,4,105239.1,19700.24,1,1,0,0.1669,3282.17,547.79,5.3418,0.129,3.6,105239.1
15684868,2,12,2,1,56,668,9,110993.79,134396.64,0,1,1,0.9636,3454.81,3329.05,0.8259,0.1607,2.35,110993.79
15627854,3,8,4,3,44,707,3,0.0,135077.01,1,1,0,0.0816,200.0,16.32,0.0,0.0682,3.45,0.0
15669253,3,9,4,3,39,754,7,157691.98,133600.89,0,1,1,0.2845,4930.76,1402.8,1.1803,0.1795,2.05,78845.99
15758023,2,11,1,1,47,544,5,105245.21,99922.08,0,0,1,0.9192,3232.36,2971.19,1.0533,0.1064,0.75,105245.21
15574558,3,8,4,3,32,718,8,0.0,41399.33,1,1,0,0.0393,200.0,7.86,0.0,0.25,4.2,0.0
15635256,1,9,2,3,31,762,7,117687.35,159344.43,1,1,0,0.0879,3655.62,321.33,0.7386,0.2258,4.05,117687.35
15680399,1,4,4,3,23,772,2,0.0,18364.19,0,1,0,0.0739,200.0,14.78,0.0,0.087,1.3,0.0
15674720,2,28,2,2,37,691,7,123067.63,98162.44,1,1,1,0.6045,3817.03,2307.39,1.2537,0.1892,4.05,123067.63
15580249,1,11,1,1,45,502,0,0.0,84663.21,0,0,0,0.7886,75.0,59.14,0.0,0.0,0.0,0.0
15675431,1,26,3,3,34,563,6,0.0,36536.93,0,0,0,0.1325,150.0,19.88,0.0,0.1765,0.9,0.0
15698285,1,28,2,3,41,676,4,101457.14,79101.67,1,1,0,0.2999,3168.71,950.3,1.2826,0.0976,3.6,101457.14
15810775,3,11,4,2,52,576,2,100549.43,16644.16,1,1,0,0.4215,3216.48,1355.75,6.0408,0.0385,3.3,50274.72
15678173,3,7,3,3,35,629,4,174588.8,158420.14,1,0,0,0.1706,5387.66,919.13,1.1021,0.1143,2.6,87294.4
15665222,3,12,2,1,52,625,8,121161.57,48988.28,0,1,0,0.8611,3759.85,3237.61,2.4732,0.1538,2.2,121161.57
15803908,1,12,4,3,45,628,9,0.0,96862.56,1,1,0,0.1429,200.0,28.58,0.0,0.2,4.35,0.0
15586039,2,26,4,3,36,471,5,90063.74,96366.7,1,1,0,0.2528,2901.91,733.6,0.9346,0.1389,3.75,45031.87
15802570,1,35,4,3,45,811,5,0.0,146123.19,1,1,0,0.1574,200.0,31.48,0.0,0.1111,3.75,0.0
15781451,1,6,3,3,42,504,3,134936.97,135178.91,0,0,0,0.2757,4198.11,1157.42,0.9982,0.0714,0.45,67468.48
15721019,1,23,2,2,24,687,3,110495.27,158615.41,0,1,0,0.399,3439.86,1372.5,0.6966,0.125,1.45,110495.27
15738588,2,27,1,1,37,660,2,133200.09,71433.88,0,0,0,0.7403,4071.0,3013.76,1.8646,0.0541,0.3,133200.09
15730657,1,26,1,2,41,548,4,82596.8,55672.09,1,0,0,0.4349,2552.9,1110.26,1.4836,0.0976,2.6,82596.8
15739292,2,7,2,3,31,609,9,103837.75,150218.11,1,1,0,0.2293,3240.13,742.96,0.6912,0.2903,4.35,103837.75
15725945,3,27,1,1,42,659,2,0.0,162734.31,0,0,1,0.792,75.0,59.4,0.0,0.0476,0.3,0.0
15813159,1,11,1,1,52,526,8,93590.47,21228.71,1,0,1,0.6642,2882.71,1914.7,4.4085,0.1538,3.2,93590.47
15636820,2,8,2,1,40,725,8,104149.66,62027.9,0,1,0,0.7089,3249.49,2303.56,1.6791,0.2,2.2,104149.66
15603880,2,6,2,2,38,519,1,114141.64,60988.21,1,1,1,0.6347,3549.25,2252.71,1.8715,0.0263,3.15,114141.64
15619494,2,26,2,2,31,562,9,117153.0,108675.01,1,1,0,0.4791,3639.59,1743.73,1.078,0.2903,4.35,117153.0
15596992,2,11,2,1,45,482,7,156353.46,72643.95,0,1,1,0.8742,4815.6,4209.8,2.1523,0.1556,2.05,156353.46
15735025,3,6,4,3,37,535,3,175534.78,9241.52,1,1,0,0.2328,5466.04,1272.49,18.9921,0.0811,3.45,87767.39
15730759,1,21,2,3,27,561,9,135637.0,153080.4,0,1,1,0.3143,4194.11,1318.21,0.886,0.3333,2.35,135637.0
15752912,1,27,4,3,30,661,7,0.0,72196.57,0,1,0,0.0885,200.0,17.7,0.0,0.2333,2.05,0.0
15711316,1,4,4,3,27,771,2,0.0,199527.34,1,1,0,0.0215,200.0,4.3,0.0,0.0741,3.3,0.0
15738785,1,1,3,3,26,545,7,0.0,156598.23,1,0,0,0.0277,150.0,4.16,0.0,0.2692,3.05,0.0
15777896,2,30,1,3,33,850,2,83415.04,74917.64,1,0,0,0.1915,2577.45,493.58,1.1134,0.0606,2.3,83415.04
15628963,2,7,4,3,43,601,3,141859.12,111249.62,1,1,0,0.3388,4455.77,1509.61,1.2751,0.0698,3.45,70929.56
15742126,2,8,4,3,38,712,7,132767.66,59115.77,1,1,0,0.174,4183.03,727.85,2.2459,0.1842,4.05,66383.83
15575623,1,27,2,3,31,589,10,110635.32,148218.86,0,1,0,0.2692,3444.06,927.14,0.7464,0.3226,2.5,110635.32
15741652,3,7,2,3,37,600,8,177657.35,77142.32,1,1,0,0.1411,5454.72,769.66,2.303,0.2162,4.2,177657.35
15738884,2,7,2,2,41,642,4,157777.58,67484.6,0,1,0,0.6136,4858.33,2981.07,2.3379,0.0976,1.6,157777.58
15615050,2,11,4,2,47,575,9,107915.94,63452.18,1,1,1,0.5221,3437.48,1794.71,1.7007,0.1915,4.35,53957.97
15803005,2,31,1,1,57,570,5,86568.75,103660.31,1,0,0,0.782,2672.06,2089.55,0.8351,0.0877,2.75,86568.75
15743498,2,11,2,1,52,532,9,137755.76,163191.99,0,1,1,0.9524,4257.67,4055.0,0.8441,0.1731,2.35,137755.76
15720463,1,9,4,3,30,796,2,137262.71,62905.29,0,1,0,0.1593,4317.88,687.84,2.182,0.0667,1.3,68631.36
15588695,3,10,2,2,32,833,6,0.0,44323.22,1,1,1,0.3862,125.0,48.28,0.0,0.1875,3.9,0.0
15665802,3,27,4,3,36,642,6,0.0,97938.59,1,1,0,0.0928,200.0,18.56,0.0,0.1667,3.9,0.0
15571144,1,2,3,3,28,655,10,0.0,126565.21,1,0,0,0.0204,150.0,3.06,0.0,0.3571,3.5,0.0
15750731,2,13,2,1,50,736,9,116309.01,185360.4,0,1,1,0.9429,3614.27,3407.9,0.6275,0.18,2.35,116309.01
15605134,1,27,4,3,34,617,0,131244.65,183229.02,0,1,0,0.1474,4137.34,609.84,0.7163,0.0,1.0,65622.32
15626044,2,4,4,3,28,762,3,125155.83,106024.02,1,1,0,0.1233,3954.67,487.61,1.1804,0.1071,3.45,62577.92
15737910,2,8,4,3,35,703,5,140691.08,167810.26,0,1,0,0.1615,4420.73,713.95,0.8384,0.1429,1.75,70345.54
15761076,1,6,4,3,41,507,3,58820.32,138536.09,1,1,0,0.1154,1964.61,226.72,0.4246,0.0732,3.45,29410.16
15710105,2,22,2,1,26,581,3,105099.45,184520.0,1,1,1,0.6744,3277.98,2210.67,0.5696,0.1154,3.45,105099.45
15577402,1,7,3,3,31,593,9,0.0,20492.16,1,0,0,0.0284,150.0,4.26,0.0,0.2903,3.35,0.0
15803337,1,2,2,3,23,648,9,168372.52,134676.72,0,1,0,0.3074,5176.18,1591.16,1.2502,0.3913,2.35,168372.52
15654372,2,6,4,3,34,462,1,94682.56,138478.2,0,1,0,0.1425,3040.48,433.27,0.6837,0.0294,1.15,47341.28
15585867,3,7,3,3,36,596,2,0.0,125557.95,1,0,0,0.0524,150.0,7.86,0.0,0.0556,2.3,0.0
15662488,1,27,4,3,44,627,5,0.0,82969.61,0,1,1,0.2372,200.0,47.44,0.0,0.1136,1.75,0.0
15604813,1,6,3,3,40,494,7,0.0,158071.69,1,0,0,0.0581,150.0,8.72,0.0,0.175,3.05,0.0
15611644,1,17,1,3,73,627,0,146329.73,43615.67,1,0,0,0.0878,4464.89,392.02,3.3549,0.0,2.0,146329.73
15674928,3,10,4,3,37,850,2,0.0,119969.99,0,1,0,0.0587,200.0,11.74,0.0,0.0541,1.3,0.0
15656100,1,32,1,1,49,632,5,167962.7,140201.21,0,0,0,0.8423,5113.88,4307.42,1.198,0.102,0.75,167962.7
15764293,1,6,4,3,33,490,1,0.0,80792.83,1,1,0,0.0346,200.0,6.92,0.0,0.0303,3.15,0.0
15636423,1,8,2,2,40,715,7,0.0,141359.11,1,1,0,0.3562,125.0,44.52,0.0,0.175,4.05,0.0
15607629,1,13,4,3,48,679,8,0.0,23344.94,0,1,0,0.2396,200.0,47.92,0.0,0.1667,2.2,0.0
15577313,1,7,2,2,44,619,3,116967.68,5075.17,0,1,1,0.6304,3634.03,2290.89,23.0425,0.0682,1.45,116967.68
15714493,3,26,4,3,33,465,6,0.0,95500.98,1,1,0,0.0869,200.0,17.38,0.0,0.1818,3.9,0.0
15643359,3,8,1,3,32,736,7,0.0,79082.62,1,0,0,0.3127,75.0,23.45,0.0,0.2188,3.05,0.0
15687913,2,26,1,2,34,501,7,93244.42,199805.63,1,0,0,0.5929,2872.33,1703.0,0.4667,0.2059,3.05,93244.42
15790935,1,21,3,3,29,535,5,0.0,52709.55,1,0,0,0.0832,150.0,12.48,0.0,0.1724,2.75,0.0
15708693,1,29,4,3,33,759,2,0.0,56583.88,0,1,0,0.1511,200.0,30.22,0.0,0.0606,1.3,0.0
15672016,1,10,3,3,35,819,1,0.0,3385.04,1,0,0,0.0302,150.0,4.53,0.0,0.0286,2.15,0.0
15727605,2,6,3,2,43,533,4,80442.06,12537.42,1,0,0,0.411,2563.26,1053.5,6.4156,0.093,2.6,40221.03
15651144,2,27,3,3,35,632,2,150561.03,64722.61,0,0,0,0.3142,4666.83,1466.32,2.3262,0.0571,0.3,75280.52
15749401,1,18,6,1,60,686,9,0.0,75246.21,1,1,1,0.9035,275.0,248.46,0.0,0.15,4.35,0.0
15691874,1,28,2,3,34,687,9,125474.44,198929.84,0,1,0,0.2887,3889.23,1122.82,0.6307,0.2647,2.35,125474.44
15620735,2,27,4,3,33,667,4,127076.68,69011.66,0,1,0,0.2571,4012.3,1031.56,1.8414,0.1212,1.6,63538.34
15769781,3,23,4,3,25,699,8,0.0,52404.47,1,1,0,0.0428,200.0,8.56,0.0,0.32,4.2,0.0
15624611,3,6,4,3,37,497,8,128650.11,163641.53,1,1,0,0.1071,4059.5,434.77,0.7862,0.2162,4.2,64325.06
15773071,3,29,2,3,33,780,6,145580.61,154598.56,1,1,0,0.1861,4492.42,836.04,0.9417,0.1818,3.9,145580.61
15720371,1,32,2,1,51,652,3,0.0,173989.47,0,1,1,0.9629,125.0,120.36,0.0,0.0588,1.45,0.0
15717984,1,11,2,1,47,477,9,144900.58,61315.37,0,1,1,0.7777,4472.02,3477.89,2.3632,0.1915,2.35,144900.58
15806407,1,27,4,3,37,652,4,0.0,143393.24,0,1,0,0.1573,200.0,31.46,0.0,0.1081,1.6,0.0
15785042,1,26,1,3,31,488,8,97588.6,124210.53,0,0,0,0.3014,3002.66,905.0,0.7857,0.2581,1.2,97588.6
15809302,1,1,4,3,24,572,1,0.0,151460.84,1,1,0,0.0189,200.0,3.78,0.0,0.0417,3.15,0.0
15677550,1,29,4,3,38,755,1,0.0,20734.81,0,1,0,0.1816,200.0,36.32,0.0,0.0263,1.15,0.0
15654096,2,24,4,3,24,779,10,122200.31,43705.56,0,1,0,0.1772,3866.01,685.06,2.7959,0.4167,2.5,61100.16
15617320,3,33,2,1,46,693,3,151709.33,180736.24,0,1,0,0.687,4676.28,3212.6,0.8394,0.0652,1.45,151709.33
15653065,3,21,4,3,22,530,7,0.0,104170.48,0,1,0,0.0625,200.0,12.5,0.0,0.3182,2.05,0.0
15649112,3,28,3,3,33,738,3,122134.4,27867.59,1,0,0,0.267,3814.03,1018.35,4.3825,0.0909,2.45,61067.2
15690526,2,8,4,3,31,690,2,137260.45,55387.28,0,1,0,0.2214,4317.81,955.96,2.4781,0.0645,1.3,68630.23
15806945,1,27,2,3,30,611,9,88594.14,196332.45,0,1,0,0.25,2782.82,695.7,0.4512,0.3,2.35,88594.14
15670066,3,7,4,3,34,643,6,0.0,116046.22,1,1,0,0.0467,200.0,9.34,0.0,0.1765,3.9,0.0
15625761,2,7,8,1,41,632,8,127205.32,93874.87,0,1,1,0.9892,4166.16,4121.17,1.355,0.1951,2.2,31801.33
15761525,3,28,3,3,31,727,10,96997.09,76614.04,0,0,0,0.1476,3059.91,451.64,1.266,0.3226,1.5,48498.54
15735080,1,36,2,2,64,508,2,0.0,6076.62,1,1,0,0.3621,125.0,45.26,0.0,0.0312,3.3,0.0
15619537,1,6,4,3,31,550,5,142200.19,122221.71,1,1,0,0.1274,4466.01,568.97,1.1635,0.1613,3.75,71100.1
15598162,2,29,2,2,39,754,3,160761.41,24156.03,1,1,0,0.4218,4947.84,2087.0,6.6548,0.0769,3.45,160761.41
15694300,1,4,4,3,26,759,4,0.0,135394.62,0,1,0,0.0422,200.0,8.44,0.0,0.1538,1.6,0.0
15637235,3,9,3,3,33,794,8,0.0,91340.02,0,0,0,0.0605,150.0,9.07,0.0,0.2424,1.2,0.0
15612444,1,1,4,3,29,549,3,0.0,146090.38,0,1,0,0.0388,200.0,7.76,0.0,0.1034,1.45,0.0
15626457,1,8,2,3,31,671,0,116234.61,172096.08,0,1,0,0.1495,3612.04,540.0,0.6754,0.0,1.0,116234.61
15627995,2,24,1,2,26,756,5,155143.52,135034.57,1,0,1,0.4352,4729.31,2058.2,1.1489,0.1923,2.75,155143.52
15706128,1,22,4,3,21,632,1,0.0,84008.66,0,1,0,0.0687,200.0,13.74,0.0,0.0476,1.15,0.0
15666430,1,6,3,3,38,579,8,0.0,91763.67,0,0,0,0.1184,150.0,17.76,0.0,0.2105,1.2,0.0
15627385,1,9,2,3,34,748,5,84009.47,137001.1,1,1,0,0.1311,2645.28,346.8,0.6132,0.1471,3.75,84009.47
15581323,2,21,4,3,28,488,7,139246.22,106799.49,0,1,0,0.1852,4377.39,810.69,1.3038,0.25,2.05,69623.11
15608109,2,13,3,2,58,710,7,170113.0,10494.64,1,0,0,0.3662,5253.39,1923.79,16.208,0.1207,3.05,85056.5
15801942,3,27,6,1,41,619,8,0.0,79866.73,1,1,1,0.8102,275.0,222.8,0.0,0.1951,4.2,0.0
15567431,1,19,1,2,64,773,2,145578.28,186172.85,1,0,0,0.4561,4442.35,2026.16,0.7819,0.0312,2.3,145578.28
15810167,3,17,1,3,75,657,7,126273.95,91673.6,1,0,0,0.0393,3863.22,151.82,1.3774,0.0933,3.05,126273.95
15644501,1,21,2,3,26,579,10,162482.76,18458.2,1,1,0,0.1507,4999.48,753.42,8.8023,0.3846,4.5,162482.76
15785290,1,1,2,3,29,542,9,0.0,8342.35,0,1,0,0.3072,125.0,38.4,0.0,0.3103,2.35,0.0
15611157,1,28,2,3,32,709,2,87814.89,138578.37,0,1,0,0.3025,2759.45,834.73,0.6337,0.0625,1.3,87814.89
15673837,3,17,2,2,61,617,3,113858.95,38129.22,1,1,0,0.3951,3540.77,1398.96,2.9861,0.0492,3.45,113858.95
15656822,2,6,8,1,43,568,5,87612.64,107155.4,1,1,1,0.985,2978.38,2933.7,0.8176,0.1163,3.75,21903.16
15580560,1,39,2,3,73,769,1,0.0,29792.11,1,1,0,0.1494,125.0,18.68,0.0,0.0137,3.15,0.0
15760641,2,2,1,2,26,608,1,106648.98,7063.6,1,0,0,0.4535,3274.47,1484.97,15.0963,0.0385,2.15,106648.98
15587584,3,6,4,3,31,503,4,0.0,21645.06,1,1,0,0.0468,200.0,9.36,0.0,0.129,3.6,0.0
15604146,2,27,4,2,38,608,8,103653.51,137079.86,1,1,0,0.398,3309.61,1317.22,0.7561,0.2105,4.2,51826.76
15813974,2,8,1,2,37,731,3,116880.53,172718.35,0,0,1,0.6477,3581.42,2319.69,0.6767,0.0811,0.45,116880.53
15746986,2,30,3,3,40,850,4,97990.49,106691.02,0,0,0,0.2037,3089.71,629.37,0.9184,0.1,0.6,48995.24
15759741,2,27,2,3,34,591,4,150635.3,72274.84,1,1,0,0.3447,4644.06,1600.81,2.0842,0.1176,3.6,150635.3
15734892,3,6,4,3,37,579,4,0.0,32246.63,1,1,0,0.0403,200.0,8.06,0.0,0.1081,3.6,0.0
15797194,1,6,4,3,39,570,10,129674.89,80552.36,0,1,0,0.2841,4090.25,1162.04,1.6098,0.2564,2.5,64837.44
15723786,1,28,4,3,37,709,9,0.0,16733.59,0,1,0,0.1708,200.0,34.16,0.0,0.2432,2.35,0.0
15642726,1,12,1,1,53,611,3,83568.26,1235.49,0,0,0,0.8412,2582.05,2172.02,67.5851,0.0566,0.45,83568.26
15664339,3,14,3,1,48,775,4,178144.91,50168.41,0,0,1,0.7548,5494.35,4147.14,3.5509,0.0833,0.6,89072.46
15754526,2,8,2,2,36,699,6,147137.74,33687.9,1,1,0,0.4874,4539.13,2212.37,4.3675,0.1667,3.9,147137.74
15703037,1,7,1,2,37,618,5,0.0,178705.45,1,0,1,0.6455,75.0,48.41,0.0,0.1351,2.75,0.0
15751412,1,8,1,3,36,704,3,114370.41,66810.48,1,0,0,0.1938,3506.11,679.48,1.7118,0.0833,2.45,114370.41
15609558,2,35,4,2,47,835,5,108289.28,45859.55,1,1,1,0.392,3448.68,1351.88,2.3613,0.1064,3.75,54144.64
15572408,2,8,4,3,39,714,3,149887.49,63846.36,0,1,0,0.241,4696.62,1131.89,2.3476,0.0769,1.45,74943.74
15613923,3,27,1,2,43,581,4,170172.9,100236.02,1,0,0,0.5726,5180.19,2966.18,1.6977,0.093,2.6,170172.9
15747000,1,2,4,3,27,592,3,0.0,19645.65,1,1,0,0.0277,200.0,5.54,0.0,0.1111,3.45,0.0
15731781,1,6,4,3,43,551,7,0.0,178393.68,0,1,0,0.1889,200.0,37.78,0.0,0.1628,2.05,0.0
15727198,2,23,3,3,28,689,2,64808.32,78591.15,0,0,0,0.2224,2094.25,465.76,0.8246,0.0714,0.3,32404.16
15794273,1,32,1,1,56,604,0,62732.65,124954.56,1,0,0,0.8229,1956.98,1610.4,0.502,0.0,2.0,62732.65
15804950,1,26,4,3,41,514,7,0.0,3756.65,1,1,0,0.1094,200.0,21.88,0.0,0.1707,4.05,0.0
15576304,1,3,2,3,29,698,5,95167.55,152723.23,1,1,0,0.1188,2980.03,354.03,0.6231,0.1724,3.75,95167.55
15645200,2,32,2,1,54,581,2,152508.99,187597.98,0,1,1,0.9619,4700.27,4521.19,0.813,0.037,1.3,152508.99
15779627,2,6,2,2,31,573,0,134644.19,70381.49,1,1,0,0.4741,4164.33,1974.31,1.913,0.0,3.0,134644.19
15750755,3,26,3,3,33,449,8,0.0,156792.89,0,0,0,0.2183,150.0,32.74,0.0,0.2424,1.2,0.0
15569654,2,30,1,3,31,850,3,51293.47,35534.68,0,0,0,0.2875,1613.8,463.97,1.4434,0.0968,0.45,51293.47
15753079,1,7,5,1,41,612,5,0.0,151256.22,0,0,0,0.8534,225.0,192.02,0.0,0.122,0.75,0.0
15684995,3,13,1,2,49,690,8,116622.73,51011.29,1,0,0,0.5196,3573.68,1856.88,2.2862,0.1633,3.2,116622.73
15790763,3,32,4,3,49,599,2,0.0,111190.53,0,1,0,0.3438,200.0,68.76,0.0,0.0408,1.3,0.0
15766458,1,6,2,2,33,498,1,198113.86,69664.35,0,1,0,0.3894,6068.42,2363.04,2.8438,0.0303,1.15,198113.86
15616221,1,21,1,3,29,497,4,85646.81,63233.02,0,0,1,0.287,2644.4,758.94,1.3544,0.1379,0.6,85646.81
15776124,3,15,1,1,51,802,7,0.0,40855.79,1,0,0,0.7564,75.0,56.73,0.0,0.1373,3.05,0.0
15665811,1,7,2,3,33,644,9,141234.98,95673.05,0,1,0,0.2543,4362.05,1109.27,1.4762,0.2727,2.35,141234.98
15729804,1,8,4,3,34,714,10,0.0,80234.14,1,1,0,0.0315,200.0,6.3,0.0,0.2941,4.5,0.0
15714062,1,28,1,1,40,690,9,77641.99,189051.59,0,0,1,0.7521,2404.26,1808.24,0.4107,0.225,1.35,77641.99
15592197,3,6,4,3,30,522,3,0.0,145490.85,0,1,0,0.0645,200.0,12.9,0.0,0.1,1.45,0.0
15793116,2,26,1,1,40,502,7,117304.29,196278.32,0,0,0,0.7973,3594.13,2865.6,0.5976,0.175,1.05,117304.29
15638231,3,38,4,3,62,730,2,0.0,162889.1,1,1,0,0.1887,200.0,37.74,0.0,0.0323,3.3,0.0
15697678,2,7,4,3,36,590,6,92340.69,174667.58,1,1,0,0.0951,2970.22,282.47,0.5287,0.1667,3.9,46170.34
15800412,2,6,4,3,35,458,9,146780.52,3476.38,1,1,0,0.0644,4603.42,296.46,42.2101,0.2571,4.35,73390.26
15597610,3,6,2,3,41,553,6,144974.55,19344.92,1,1,0,0.2946,4474.24,1318.11,7.4938,0.1463,3.9,144974.55
15726634,1,11,2,1,47,479,1,0.0,95270.83,0,1,0,0.9036,125.0,112.95,0.0,0.0213,1.15,0.0
15670866,1,8,4,3,31,693,2,0.0,107759.31,1,1,0,0.0343,200.0,6.86,0.0,0.0645,3.3,0.0
15667462,3,8,4,3,43,707,10,0.0,118368.2,0,1,0,0.1813,200.0,36.26,0.0,0.2326,2.5,0.0
15662574,3,7,2,3,37,636,1,115137.26,52484.01,0,1,0,0.3257,3579.12,1165.72,2.1937,0.027,1.15,115137.26
15716926,1,10,4,3,33,807,10,101952.97,178153.65,0,1,0,0.0783,3258.59,255.15,0.5723,0.303,2.5,50976.48
15603554,1,31,6,1,45,513,0,164649.52,49915.52,0,1,1,0.9854,5214.49,5138.36,3.2985,0.0,1.0,54883.17
15716800,1,7,4,3,31,582,2,0.0,33747.03,1,1,0,0.0367,200.0,7.34,0.0,0.0645,3.3,0.0
15679429,1,8,2,3,32,694,0,91956.49,59961.81,1,1,0,0.1006,2883.69,290.1,1.5336,0.0,3.0,91956.49
15616122,1,9,4,3,39,777,8,0.0,18613.52,1,1,0,0.0473,200.0,9.46,0.0,0.2051,4.2,0.0
15742172,2,7,4,3,32,598,9,123938.6,198894.42,0,1,0,0.0691,3918.16,270.74,0.6231,0.2812,2.35,61969.3
15792305,2,14,5,1,46,762,6,123571.77,57014.17,1,0,1,0.9869,3932.15,3880.64,2.1673,0.1304,2.9,41190.59
15636016,1,27,2,3,34,588,3,120777.88,131729.52,1,1,0,0.1963,3748.34,735.8,0.9169,0.0882,3.45,120777.88
15733138,2,7,2,2,42,663,5,90248.79,79169.73,1,1,0,0.4649,2832.46,1316.81,1.1399,0.119,3.75,90248.79
15669741,1,9,2,2,36,777,7,0.0,106472.34,0,1,0,0.5079,125.0,63.49,0.0,0.1944,2.05,0.0
15616954,1,17,3,3,71,592,4,0.0,17013.54,1,0,0,0.117,150.0,17.55,0.0,0.0563,2.6,0.0
15729238,2,12,2,1,48,631,1,106396.48,150661.42,1,1,1,0.8362,3316.89,2773.58,0.7062,0.0208,3.15,106396.48
15718242,2,33,1,1,47,725,1,104887.43,86622.56,0,0,1,0.9587,3221.62,3088.57,1.2108,0.0213,0.15,104887.43
15682914,1,10,2,3,34,850,2,72079.71,115767.93,1,1,0,0.1109,2287.39,253.67,0.6226,0.0588,3.3,72079.71
15654274,1,6,4,3,37,540,6,0.0,141998.89,0,1,0,0.0584,200.0,11.68,0.0,0.1622,1.9,0.0
15691457,3,8,4,3,36,674,2,0.0,182787.17,1,1,0,0.034,200.0,6.8,0.0,0.0556,3.3,0.0
15719649,1,6,1,2,38,553,3,99844.68,187915.7,0,0,0,0.4088,3070.34,1255.15,0.5313,0.0789,0.45,99844.68
15778897,1,22,4,3,28,630,1,0.0,133267.78,1,1,0,0.0471,200.0,9.42,0.0,0.0357,3.15,0.0
15589437,1,1,2,3,26,466,3,156815.71,137476.09,1,1,0,0.1471,4829.47,710.42,1.1407,0.1154,3.45,156815.71
15682369,1,12,2,2,47,613,6,146034.74,77146.14,1,1,0,0.5323,4506.04,2398.57,1.8929,0.1277,3.9,146034.74
15626507,1,1,2,3,27,558,1,152283.39,183271.15,0,1,0,0.1557,4693.5,730.78,0.8309,0.037,1.15,152283.39
15571995,2,29,4,3,33,775,1,118897.1,26362.4,1,1,0,0.1587,3766.91,597.81,4.5099,0.0303,3.15,59448.55
15673333,2,13,2,1,52,698,8,96781.39,153373.71,1,1,0,0.6771,3028.44,2050.56,0.631,0.1538,4.2,96781.39
15748752,2,7,4,3,33,608,1,102772.67,70705.58,0,1,0,0.1407,3283.18,461.94,1.4535,0.0303,1.15,51386.34
15725302,3,23,4,3,20,670,4,0.0,119759.24,0,1,0,0.0634,200.0,12.68,0.0,0.2,1.6,0.0
15722083,3,7,3,3,39,591,8,0.0,42392.24,0,0,0,0.1036,150.0,15.54,0.0,0.2051,1.2,0.0
15771442,1,7,1,2,40,633,4,150578.0,34670.62,1,0,1,0.389,4592.34,1786.42,4.343,0.1,2.6,150578.0
15803633,1,33,3,3,46,678,1,0.0,82106.19,0,0,0,0.2858,150.0,42.87,0.0,0.0217,0.15,0.0
15672185,1,12,4,3,47,590,3,0.0,171774.5,0,1,0,0.2565,200.0,51.3,0.0,0.0638,1.45,0.0
15806486,1,33,3,2,48,705,0,0.0,149772.61,0,0,0,0.3891,150.0,58.36,0.0,0.0,0.0,0.0
15570895,1,7,2,2,42,608,10,163548.07,38866.85,0,1,0,0.5087,5031.44,2559.49,4.2078,0.2381,2.5,163548.07
15614520,1,28,2,2,37,682,8,148580.12,35179.18,0,1,0,0.3879,4582.4,1777.51,4.2234,0.2162,2.2,148580.12
15687492,2,7,3,3,32,596,3,96709.07,41788.37,0,0,0,0.1174,3051.27,358.22,2.3142,0.0938,0.45,48354.54
15675337,2,26,2,1,34,395,5,106011.59,17376.57,1,1,1,0.6905,3305.35,2282.34,6.1005,0.1471,3.75,106011.59
15721047,2,6,2,1,37,578,1,135650.88,199428.19,0,1,0,0.6535,4194.53,2741.13,0.6802,0.027,1.15,135650.88
15589017,2,11,6,1,55,547,4,111362.76,16922.28,0,1,1,0.9927,3615.88,3589.48,6.5804,0.0727,1.6,37120.92
15611186,1,7,2,2,37,609,1,39344.83,178291.89,1,1,1,0.6012,1305.34,784.77,0.2207,0.027,3.15,39344.83
15617301,2,9,2,2,36,774,9,130809.77,152290.28,0,1,0,0.5552,4049.29,2248.17,0.8589,0.25,2.35,130809.77
15726046,1,23,2,3,27,712,2,133009.51,126809.15,0,1,0,0.232,4115.29,954.75,1.0489,0.0741,1.3,133009.51
15585748,2,22,4,3,28,585,9,135337.49,40385.61,1,1,0,0.1098,4260.12,467.76,3.351,0.3214,4.35,67668.74
15672826,1,27,4,3,32,666,10,112536.57,34350.54,1,1,0,0.1327,3576.1,474.55,3.276,0.3125,4.5,56268.28
15595162,3,28,1,2,35,708,8,122570.69,199005.88,0,0,0,0.3563,3752.12,1336.88,0.6159,0.2286,1.2,122570.69
15650026,1,6,3,2,44,513,1,63562.02,52629.73,1,0,1,0.4715,2056.86,969.81,1.2077,0.0227,2.15,31781.01
15745826,1,6,4,3,37,445,3,0.0,180012.39,1,1,0,0.0739,200.0,14.78,0.0,0.0811,3.45,0.0
15708610,2,8,3,2,44,690,9,100368.63,35342.33,0,0,0,0.4875,3161.06,1541.02,2.8398,0.2045,1.35,50184.32
15624471,1,10,4,3,37,850,6,0.0,109291.22,0,1,0,0.0636,200.0,12.72,0.0,0.1622,1.9,0.0
15590097,3,26,2,3,33,537,7,136082.0,62746.54,0,1,0,0.3428,4207.46,1442.32,2.1687,0.2121,2.05,136082.0
15689328,2,13,1,1,48,705,9,114169.16,173273.2,0,0,1,0.9354,3500.07,3273.97,0.6589,0.1875,1.35,114169.16
15582154,1,33,2,2,45,670,5,47884.92,54340.24,1,1,0,0.5193,1561.55,810.91,0.8812,0.1111,3.75,47884.92
15734626,3,27,4,3,36,652,1,0.0,19302.78,1,1,0,0.0766,200.0,15.32,0.0,0.0278,3.15,0.0
15702806,3,3,1,2,24,696,9,0.0,10883.52,0,0,0,0.365,75.0,27.38,0.0,0.375,1.35,0.0
15620756,1,14,2,1,49,747,6,202904.64,17298.72,1,1,1,0.7453,6212.14,4629.91,11.7288,0.1224,3.9,202904.64
15611331,1,31,2,1,46,511,1,0.0,115779.48,1,1,1,0.8581,125.0,107.26,0.0,0.0217,3.15,0.0
15576935,3,9,3,2,43,743,2,161807.18,93228.86,1,0,1,0.3837,5004.22,1920.12,1.7356,0.0465,2.3,80903.59
15661275,2,11,2,1,52,532,3,110791.97,148704.77,0,1,1,0.9552,3448.76,3294.26,0.745,0.0577,1.45,110791.97
15814940,3,27,4,3,33,642,9,0.0,150475.14,1,1,0,0.091,200.0,18.2,0.0,0.2727,4.35,0.0
15768471,2,31,2,1,54,554,6,108755.0,40914.32,0,1,1,0.9631,3387.65,3262.65,2.6581,0.1111,1.9,108755.0
15697391,3,27,4,3,34,604,3,0.0,38587.7,0,1,0,0.1298,200.0,25.96,0.0,0.0882,1.45,0.0
15793346,1,37,4,3,72,602,3,0.0,171260.66,1,1,0,0.0755,200.0,15.1,0.0,0.0417,3.45,0.0
15608338,3,34,8,1,55,757,9,117294.12,94187.47,0,1,1,0.9961,3868.82,3853.73,1.2453,0.1636,2.35,29323.53
15578546,2,1,2,2,26,491,4,102251.14,145900.89,1,1,0,0.3564,3192.53,1137.82,0.7008,0.1538,3.6,102251.14
15656921,1,10,3,3,31,850,4,0.0,152298.28,0,0,0,0.0319,150.0,4.78,0.0,0.129,0.6,0.0
15761340,1,1,4,3,22,521,5,0.0,99828.45,1,1,0,0.03,200.0,6.0,0.0,0.2273,3.75,0.0
15591135,1,8,4,3,37,726,2,132057.92,34743.98,0,1,0,0.2359,4161.74,981.75,3.8008,0.0541,1.3,66028.96
15623219,1,7,2,2,33,596,8,0.0,121189.3,0,1,1,0.4218,125.0,52.72,0.0,0.2424,2.2,0.0
15655229,2,30,1,2,35,850,7,114285.2,129660.59,1,0,0,0.4168,3503.56,1460.28,0.8814,0.2,3.05,114285.2
15805884,1,27,4,3,41,637,9,0.0,145477.36,0,1,0,0.2291,200.0,45.82,0.0,0.2195,2.35,0.0
15668289,3,8,1,3,32,690,2,76087.98,151822.66,1,0,0,0.1538,2357.64,362.61,0.5012,0.0625,2.3,76087.98
15568562,1,8,2,2,40,689,8,160272.27,49656.24,0,1,0,0.4647,4933.17,2292.44,3.2276,0.2,2.2,160272.27
15773276,3,17,2,1,63,633,4,114552.6,73856.28,0,1,1,0.9373,3561.58,3338.27,1.551,0.0635,1.6,114552.6
15622801,1,21,2,3,27,555,8,102000.17,116757.0,1,1,0,0.131,3185.01,417.24,0.8736,0.2963,4.2,102000.17
15779886,3,1,3,3,24,563,7,0.0,16319.56,0,0,0,0.041,150.0,6.15,0.0,0.2917,1.05,0.0
15713673,1,26,1,3,33,494,1,137853.0,90273.85,1,0,0,0.1624,4210.59,683.8,1.527,0.0303,2.15,137853.0
15783083,1,1,4,3,27,534,9,0.0,161344.13,0,1,0,0.046,200.0,9.2,0.0,0.3333,2.35,0.0
15742824,2,8,2,2,42,696,7,162318.61,121061.89,0,1,0,0.6181,4994.56,3087.14,1.3408,0.1667,2.05,162318.61
15621550,3,31,5,1,50,535,1,140292.58,69531.22,0,0,1,0.9809,4433.78,4349.09,2.0177,0.02,0.15,46764.19
15799480,1,7,3,3,34,600,0,0.0,3756.23,1,0,0,0.1205,150.0,18.08,0.0,0.0,2.0,0.0
15625247,1,30,1,2,34,807,1,0.0,114448.13,0,0,0,0.371,75.0,27.82,0.0,0.0294,0.15,0.0
15755241,1,33,1,1,52,714,2,0.0,144045.08,1,0,1,0.9022,75.0,67.67,0.0,0.0385,2.3,0.0
15575679,1,2,2,3,24,590,7,126431.54,58781.11,0,1,0,0.27,3917.95,1057.85,2.1509,0.2917,2.05,126431.54
15668235,1,27,2,2,41,614,3,123475.04,179227.52,1,1,0,0.4,3829.25,1531.7,0.6889,0.0732,3.45,123475.04
15683183,2,34,2,1,45,766,6,97652.96,127332.33,0,1,0,0.9059,3054.59,2767.15,0.7669,0.1333,1.9,97652.96
15684592,3,6,3,3,42,557,4,0.0,86642.38,1,0,0,0.0723,150.0,10.84,0.0,0.0952,2.6,0.0
15591169,2,34,2,1,49,788,4,137455.99,184178.29,0,1,1,0.9393,4248.68,3990.79,0.7463,0.0816,1.6,137455.99
15653455,1,27,3,3,38,648,2,0.0,9551.49,1,0,0,0.1224,150.0,18.36,0.0,0.0526,2.3,0.0
15732563,2,28,4,3,33,726,7,99046.31,56053.06,1,1,0,0.173,3171.39,548.65,1.767,0.2121,4.05,49523.16
15656471,1,9,4,3,33,773,9,0.0,1118.31,1,1,0,0.0373,200.0,7.46,0.0,0.2727,4.35,0.0
15598510,2,2,4,3,27,583,4,105907.42,195732.04,1,1,0,0.1074,3377.22,362.71,0.5411,0.1481,3.6,52953.71
15766427,2,11,4,1,52,565,5,97720.35,175070.94,0,1,1,0.8981,3131.61,2812.5,0.5582,0.0962,1.75,48860.18
15785342,1,3,3,3,25,705,9,0.0,112331.19,1,0,0,0.0183,150.0,2.74,0.0,0.36,3.35,0.0
15641595,3,8,4,2,43,685,4,97392.18,43956.83,0,1,0,0.3981,3121.77,1242.78,2.2156,0.093,1.6,48696.09
15798429,1,4,4,3,29,741,8,0.0,115994.52,1,1,0,0.0187,200.0,3.74,0.0,0.2759,4.2,0.0
15648136,2,22,2,2,28,658,9,152812.58,166682.57,0,1,0,0.5266,4709.38,2479.96,0.9168,0.3214,2.35,152812.58
15812482,1,1,2,3,27,575,3,139301.68,99843.98,0,1,0,0.2078,4304.05,894.38,1.3952,0.1111,1.45,139301.68
15790810,1,30,2,2,41,844,10,76319.64,141175.18,1,1,1,0.6168,2414.59,1489.32,0.5406,0.2439,4.5,76319.64
15687421,3,16,2,1,67,559,9,125919.35,175910.95,0,1,1,0.9032,3902.58,3524.81,0.7158,0.1343,2.35,125919.35
15765643,1,8,3,3,37,725,6,124348.38,176984.34,1,0,0,0.1865,3880.45,723.7,0.7026,0.1622,2.9,62174.19
15654878,1,1,2,3,29,450,7,117199.8,43480.63,1,1,0,0.1176,3640.99,428.18,2.6954,0.2414,4.05,117199.8
15686835,2,33,1,1,57,738,9,148384.64,155047.11,0,0,1,0.9803,4526.54,4437.37,0.957,0.1579,1.35,148384.64
15768340,2,22,2,2,19,642,3,113905.48,176137.2,1,1,0,0.4067,3542.16,1440.6,0.6467,0.1579,3.45,113905.48
15673599,3,7,1,3,32,618,5,133476.09,154843.4,1,0,0,0.162,4079.28,660.84,0.862,0.1562,2.75,133476.09
15689096,1,12,2,1,47,590,0,117879.32,8214.46,1,1,0,0.6648,3661.38,2434.09,14.3485,0.0,3.0,117879.32
15684294,1,13,3,3,50,735,2,0.0,147075.69,1,0,0,0.1162,150.0,17.43,0.0,0.04,2.3,0.0
15615828,1,6,1,3,34,550,8,122359.5,116495.55,0,0,0,0.2259,3745.78,846.17,1.0503,0.2353,1.2,122359.5
15746012,3,23,4,3,28,729,0,0.0,31165.06,1,1,1,0.2977,200.0,59.54,0.0,0.0,3.0,0.0
15615797,2,14,2,1,59,743,5,108585.35,192127.22,1,1,1,0.8082,3382.56,2733.78,0.5652,0.0847,3.75,108585.35
15788494,1,6,2,3,31,555,8,145875.74,137491.23,0,1,0,0.2556,4501.27,1150.52,1.061,0.2581,2.2,145875.74
15793856,3,27,4,3,36,667,3,121542.57,186841.71,1,1,0,0.2058,3846.28,791.56,0.6505,0.0833,3.45,60771.28
15629545,3,29,1,2,41,790,7,109508.68,86776.38,0,0,0,0.5133,3360.26,1724.82,1.2619,0.1707,1.05,109508.68
15661198,2,8,2,2,34,727,2,146407.11,72073.72,1,1,0,0.3677,4517.21,1660.98,2.0313,0.0588,3.3,146407.11
15715117,1,29,1,2,39,744,6,0.0,10662.58,0,0,0,0.6158,75.0,46.18,0.0,0.1538,0.9,0.0
15701074,2,7,2,2,35,629,8,112330.83,91001.02,1,1,0,0.3567,3494.92,1246.64,1.2344,0.2286,4.2,112330.83
15793046,1,27,2,3,35,619,4,90413.12,20555.21,1,1,0,0.2683,2837.39,761.27,4.3983,0.1143,3.6,90413.12
15623744,1,7,2,3,34,634,8,105302.66,123164.97,1,1,0,0.0913,3284.08,299.84,0.855,0.2353,4.2,105302.66
15611329,3,27,4,3,35,608,6,0.0,143463.28,1,1,0,0.1186,200.0,23.72,0.0,0.1714,3.9,0.0
15740428,1,26,3,3,35,507,1,0.0,92131.54,0,0,0,0.1559,150.0,23.38,0.0,0.0286,0.15,0.0
15781534,2,26,1,1,35,536,4,121520.36,77178.42,0,0,0,0.6838,3720.61,2544.15,1.5745,0.1143,0.6,121520.36
15618243,3,28,2,2,43,730,1,103960.38,193650.16,1,1,0,0.4629,3243.81,1501.56,0.5368,0.0233,3.15,103960.38
15784161,2,7,1,1,39,583,8,102945.01,52861.89,0,0,0,0.7398,3163.35,2340.25,1.9474,0.2051,1.2,102945.01
15700325,1,22,2,3,24,644,8,92760.55,35896.75,0,1,0,0.1989,2907.82,578.37,2.584,0.3333,2.2,92760.55
15659064,3,9,4,3,37,790,8,0.0,149418.41,1,1,0,0.0313,200.0,6.26,0.0,0.2162,4.2,0.0
15658364,2,30,2,2,40,807,1,134590.21,46253.65,1,1,0,0.6126,4162.71,2550.08,2.9098,0.025,3.15,134590.21
15704340,1,27,2,2,37,581,10,104255.03,86609.37,0,1,0,0.3853,3252.65,1253.25,1.2037,0.2703,2.5,104255.03
15793455,3,32,1,1,55,627,6,0.0,91943.94,0,0,1,0.9672,75.0,72.54,0.0,0.1091,0.9,0.0
15579777,1,10,4,3,41,850,3,0.0,128892.36,0,1,0,0.0639,200.0,12.78,0.0,0.0732,1.45,0.0
15632345,1,29,4,3,35,754,4,0.0,44830.71,0,1,0,0.1362,200.0,27.24,0.0,0.1143,1.6,0.0
15814468,2,11,1,1,50,551,1,121399.98,84508.44,1,0,1,0.8683,3717.0,3227.47,1.4365,0.02,2.15,121399.98
15754820,2,7,4,3,35,637,8,147127.81,84760.7,1,1,0,0.082,4613.83,378.33,1.7358,0.2286,4.2,73563.9
15707505,3,8,4,3,31,699,8,125927.51,147661.47,0,1,0,0.2202,3977.83,875.92,0.8528,0.2581,2.2,62963.76
15699507,1,21,3,3,25,542,7,0.0,82393.08,1,0,0,0.0473,150.0,7.1,0.0,0.28,3.05,0.0
15799600,2,12,1,1,48,640,1,111599.32,135995.58,1,0,0,0.8566,3422.98,2932.12,0.8206,0.0208,2.15,111599.32
15794472,1,21,3,3,27,553,3,0.0,159800.16,0,0,0,0.1174,150.0,17.61,0.0,0.1111,0.45,0.0
15646632,1,9,4,3,38,741,9,0.0,14379.01,0,1,0,0.0784,200.0,15.68,0.0,0.2368,2.35,0.0
15676353,1,7,2,3,35,598,8,114212.6,74322.85,1,1,0,0.1013,3551.38,359.75,1.5367,0.2286,4.2,114212.6
15566312,3,27,6,1,42,660,5,0.0,189016.24,1,1,1,0.8879,275.0,244.17,0.0,0.119,3.75,0.0
15570414,3,7,1,2,41,618,4,115251.64,136435.75,0,0,0,0.4782,3532.55,1689.27,0.8447,0.0976,0.6,115251.64
15776743,1,7,4,3,43,647,9,0.0,78488.39,1,1,0,0.1148,200.0,22.96,0.0,0.2093,4.35,0.0
15674637,1,36,1,2,68,491,3,107571.61,113695.99,1,0,0,0.41,3302.15,1353.88,0.9461,0.0441,2.45,107571.61
15730418,1,27,4,3,32,652,2,0.0,54628.11,0,1,0,0.1473,200.0,29.46,0.0,0.0625,1.3,0.0
15739972,2,32,6,1,45,650,9,152367.21,150835.21,0,1,1,0.9884,4846.02,4789.81,1.0102,0.2,2.35,50789.07
15661591,2,6,4,3,39,413,1,130969.77,158891.79,1,1,0,0.3345,4129.09,1381.18,0.8243,0.0256,3.15,65484.88
15675585,2,21,4,2,25,416,0,97738.97,160523.33,1,1,0,0.3653,3132.17,1144.18,0.6089,0.0,3.0,48869.48
15814750,3,7,4,3,34,629,8,0.0,180595.02,1,1,0,0.0543,200.0,10.86,0.0,0.2353,4.2,0.0
15593454,3,28,2,2,40,678,4,113794.22,16618.76,0,1,0,0.5721,3538.83,2024.56,6.8469,0.1,1.6,113794.22
15663421,3,1,4,3,28,527,6,128396.33,79919.97,0,1,0,0.2535,4051.89,1027.15,1.6065,0.2143,1.9,64198.16
15576196,3,34,3,1,48,743,5,118207.69,186489.14,0,0,1,0.8424,3696.23,3113.7,0.6339,0.1042,0.75,59103.84
15677324,2,18,2,3,73,683,9,124730.26,51999.5,1,1,0,0.0933,3866.91,360.78,2.3986,0.1233,4.35,124730.26
15568742,1,26,2,1,41,536,9,0.0,121299.14,0,1,0,0.778,125.0,97.25,0.0,0.2195,2.35,0.0
15693764,3,12,2,1,52,663,0,136298.65,144593.3,0,1,1,0.8573,4213.96,3612.63,0.9426,0.0,1.0,136298.65
15714260,1,27,3,3,38,646,2,0.0,178752.73,0,0,0,0.1618,150.0,24.27,0.0,0.0526,0.3,0.0
15798200,1,8,6,2,35,707,2,0.0,94148.3,1,1,0,0.5493,275.0,151.06,0.0,0.0571,3.3,0.0
15656627,1,7,4,3,34,602,5,0.0,77414.45,1,1,0,0.0399,200.0,7.98,0.0,0.1471,3.75,0.0
15791111,1,32,4,1,47,635,2,125724.95,63236.97,0,1,0,0.7455,3971.75,2960.94,1.9881,0.0426,1.3,62862.48
15638269,1,17,3,3,67,597,2,0.0,108645.85,1,0,0,0.0876,150.0,13.14,0.0,0.0299,2.3,0.0
15807473,1,6,4,3,38,503,1,0.0,95153.24,1,1,0,0.0513,200.0,10.26,0.0,0.0263,3.15,0.0
15708534,3,36,2,1,64,524,5,0.0,136079.64,0,1,1,0.9612,125.0,120.15,0.0,0.0781,1.75,0.0
15640686,1,13,2,2,46,700,5,95872.86,98273.01,0,1,1,0.6261,3001.19,1879.05,0.9756,0.1087,1.75,95872.86
15588904,1,8,2,2,33,692,9,0.0,113505.93,0,1,1,0.4841,125.0,60.51,0.0,0.2727,2.35,0.0
15768763,1,6,1,2,37,562,2,0.0,52525.15,1,0,1,0.4731,75.0,35.48,0.0,0.0541,2.3,0.0
15770543,1,8,2,2,37,679,7,74260.03,194617.98,0,1,0,0.3913,2352.8,920.65,0.3816,0.1892,2.05,74260.03
15642162,2,7,2,2,35,603,1,123407.69,152541.89,0,1,1,0.5222,3827.23,1998.58,0.809,0.0286,1.15,123407.69
15714046,3,8,4,3,33,720,3,123783.91,142903.44,1,1,0,0.1183,3913.52,462.97,0.8662,0.0909,3.45,61891.96
15575060,1,4,4,3,24,797,5,0.0,182257.61,0,1,0,0.0979,200.0,19.58,0.0,0.2083,1.75,0.0
15812040,1,7,1,3,36,594,6,153880.15,135431.72,0,0,0,0.2736,4691.4,1283.57,1.1362,0.1667,0.9,153880.15
15812073,1,26,4,3,31,529,7,0.0,175697.87,1,1,0,0.1076,200.0,21.52,0.0,0.2258,4.05,0.0
15706810,2,27,3,3,32,606,1,106301.85,59061.25,1,0,0,0.2138,3339.06,713.89,1.7998,0.0312,2.15,53150.92
15584090,3,27,3,3,40,621,7,0.0,131283.6,1,0,1,0.1452,150.0,21.78,0.0,0.175,3.05,0.0
15810807,1,26,4,3,43,513,9,0.0,152499.8,0,1,0,0.3496,200.0,69.92,0.0,0.2093,2.35,0.0
15582033,2,9,2,1,44,753,3,138076.47,15523.09,0,1,1,0.8465,4267.29,3612.26,8.8943,0.0682,1.45,138076.47
15687607,1,27,1,3,30,605,9,135422.31,186418.85,1,0,0,0.2965,4137.67,1226.82,0.7264,0.3,3.35,135422.31
15588406,3,26,4,3,37,574,7,0.0,32262.28,0,1,0,0.1328,200.0,26.56,0.0,0.1892,2.05,0.0
15784099,1,28,2,2,38,726,5,126875.62,128052.29,0,1,0,0.4437,3931.27,1744.3,0.9908,0.1316,1.75,126875.62
15701352,3,22,4,3,28,611,3,96381.68,181419.29,0,1,0,0.2386,3091.45,737.62,0.5313,0.1071,1.45,48190.84
15789371,2,27,4,2,41,593,4,119703.1,109783.29,1,1,0,0.3879,3791.09,1470.56,1.0903,0.0976,3.6,59851.55
15602845,2,6,4,3,41,466,2,152102.18,181879.56,0,1,0,0.258,4763.07,1228.87,0.8363,0.0488,1.3,76051.09
15707918,2,29,4,3,36,741,0,127675.39,74260.16,0,1,0,0.322,4030.26,1297.74,1.7193,0.0,1.0,63837.7
15602812,2,28,3,2,44,684,2,133776.86,49865.04,1,0,0,0.4428,4163.31,1843.51,2.6827,0.0455,2.3,66888.43
15675888,3,26,2,3,33,550,9,72788.03,103608.06,1,1,0,0.2198,2308.64,507.44,0.7025,0.2727,4.35,72788.03
15591822,3,2,2,3,26,593,9,76226.9,167564.82,0,1,0,0.1824,2411.81,439.91,0.4549,0.3462,2.35,76226.9
15738501,2,12,1,1,48,601,9,163630.76,41816.49,1,0,1,0.7206,4983.92,3591.41,3.913,0.1875,3.35,163630.76
15585907,3,28,3,3,30,676,5,0.0,179066.58,0,0,0,0.1868,150.0,28.02,0.0,0.1667,0.75,0.0
15579040,1,31,3,2,46,556,10,0.0,109184.24,0,0,0,0.4517,150.0,67.76,0.0,0.2174,1.5,0.0
15804211,1,8,2,3,36,719,3,155423.17,199841.32,1,1,0,0.218,4787.7,1043.72,0.7777,0.0833,3.45,155423.17
15736126,2,15,2,1,55,850,0,98710.89,83617.17,1,1,1,0.8347,3086.33,2576.16,1.1805,0.0,3.0,98710.89
15745399,3,32,2,1,49,649,2,0.0,84863.85,0,1,1,0.9072,125.0,113.4,0.0,0.0408,1.3,0.0
15760749,3,6,1,3,41,509,7,126683.8,114775.53,1,0,0,0.3255,3875.51,1261.48,1.1037,0.1707,3.05,126683.8
15637118,1,8,2,3,33,684,4,140700.61,103557.93,0,1,0,0.243,4346.02,1056.08,1.3587,0.1212,1.6,140700.61
15657829,2,10,2,2,30,806,8,168078.83,85028.36,0,1,1,0.5674,5167.36,2931.96,1.9767,0.2667,2.2,168078.83
15738497,3,8,4,2,44,729,4,107726.93,153064.87,0,1,0,0.4172,3431.81,1431.75,0.7038,0.0909,1.6,53863.46
15690695,1,28,4,3,33,683,9,0.0,38784.42,1,1,0,0.0538,200.0,10.76,0.0,0.2727,4.35,0.0
15762351,3,38,4,3,63,689,1,0.0,186526.12,1,1,0,0.1343,200.0,26.86,0.0,0.0159,3.15,0.0
15791172,2,23,2,3,21,672,1,35741.69,28789.94,0,1,0,0.2239,1197.25,268.06,1.2414,0.0476,1.15,35741.69
15598982,2,32,1,1,53,602,5,98268.84,45038.29,1,0,1,0.8689,3023.07,2626.75,2.1818,0.0943,2.75,98268.84
15734765,1,23,1,3,20,739,4,133800.98,150245.81,1,0,0,0.1891,4089.03,773.24,0.8905,0.2,2.6,133800.98
15642912,1,22,1,3,21,618,2,125682.79,57762.0,0,0,0,0.2733,3845.48,1050.97,2.1758,0.0952,0.3,125682.79
15769516,1,28,4,3,42,674,9,0.0,4292.72,0,1,0,0.1865,200.0,37.3,0.0,0.2143,2.35,0.0
15789379,1,4,2,3,26,762,6,130428.78,173365.89,0,1,0,0.1771,4037.86,715.11,0.7523,0.2308,1.9,130428.78
15695103,3,9,4,3,37,790,6,0.0,119484.01,1,1,0,0.0358,200.0,7.16,0.0,0.1622,3.9,0.0
15801924,3,24,3,3,27,754,8,0.0,121821.16,0,0,0,0.0661,150.0,9.92,0.0,0.2963,1.2,0.0
15767804,1,8,4,3,44,729,6,0.0,151733.43,0,1,0,0.1377,200.0,27.54,0.0,0.1364,1.9,0.0
15718039,2,32,3,2,47,606,0,137138.2,53784.22,1,0,0,0.6136,4264.15,2616.48,2.5497,0.0,2.0,68569.1
15579994,1,2,2,3,23,616,8,73112.95,62733.05,1,1,0,0.1386,2318.39,321.33,1.1654,0.3478,4.2,73112.95
15595037,1,14,1,2,47,772,9,152347.01,17671.78,1,0,0,0.507,4645.41,2355.22,8.6204,0.1915,3.35,152347.01
15600720,3,7,2,2,41,652,8,115144.68,188905.43,0,1,0,0.4503,3579.34,1611.78,0.6095,0.1951,2.2,115144.68
15782608,1,9,3,3,43,743,5,0.0,113079.19,0,0,1,0.1689,150.0,25.34,0.0,0.1163,0.75,0.0
15566894,1,9,1,3,39,793,3,137817.52,83997.79,0,0,0,0.3051,4209.53,1284.33,1.6407,0.0769,0.45,137817.52
15749123,3,14,2,2,45,743,7,157332.26,125424.42,0,1,0,0.6002,4844.97,2907.95,1.2544,0.1556,2.05,157332.26
15668943,1,9,4,3,37,746,2,0.0,143194.05,0,1,0,0.0699,200.0,13.98,0.0,0.0541,1.3,0.0
15577423,2,27,2,1,39,627,5,124586.93,93132.61,0,1,1,0.742,3862.61,2866.06,1.3377,0.1282,1.75,124586.93
15623102,3,8,3,3,38,713,6,116980.78,76038.38,1,0,0,0.1936,3659.42,708.46,1.5384,0.1579,2.9,58490.39
15728012,3,28,2,2,40,678,3,128398.38,168658.3,0,1,0,0.6084,3976.95,2419.58,0.7613,0.075,1.45,128398.38
15683363,3,6,1,2,39,540,1,0.0,108419.41,1,0,0,0.5144,75.0,38.58,0.0,0.0256,2.15,0.0
15699335,2,27,4,3,33,615,3,137657.25,171657.57,1,1,0,0.1661,4329.72,719.17,0.8019,0.0909,3.45,68828.62
15574369,3,11,2,1,53,415,5,167259.44,22357.25,1,1,0,0.6506,5142.78,3345.89,7.4809,0.0943,3.75,167259.44
15703167,1,32,4,3,45,628,8,0.0,193903.06,0,1,0,0.3032,200.0,60.64,0.0,0.1778,2.2,0.0
15754874,1,3,2,3,26,700,4,119009.57,141926.43,0,1,0,0.1936,3695.29,715.41,0.8385,0.1538,1.6,119009.57
15723216,2,7,2,3,33,623,2,80002.33,104079.62,1,1,0,0.1786,2525.07,450.98,0.7687,0.0606,3.3,80002.33
15725094,1,27,2,3,37,623,4,140211.88,93832.33,1,1,0,0.2346,4331.36,1016.14,1.4943,0.1081,3.6,140211.88
15647974,1,28,4,2,44,679,3,118742.74,1568.91,0,1,0,0.5149,3762.28,1937.2,75.6367,0.0682,1.45,59371.37
15583371,3,7,2,3,37,632,1,138207.08,60778.11,0,1,1,0.33,4271.21,1409.5,2.2739,0.027,1.15,138207.08
15772559,1,34,1,1,47,790,10,148636.21,16119.96,1,0,1,0.694,4534.09,3146.66,9.2201,0.2128,3.5,148636.21
15711251,1,11,2,1,45,514,1,178827.79,60375.18,0,1,0,0.8324,5489.83,4569.73,2.9619,0.0222,1.15,178827.79
15719212,1,6,2,3,33,491,5,83134.3,187946.55,0,1,0,0.296,2619.03,775.23,0.4423,0.1515,1.75,83134.3
15764927,1,19,1,3,92,753,3,121513.31,195563.99,1,0,0,0.0419,3720.4,155.88,0.6213,0.0326,2.45,121513.31
15731412,2,28,2,2,37,693,6,95900.04,38196.24,1,1,0,0.5004,3002.0,1502.2,2.5107,0.1622,3.9,95900.04
15719170,1,28,2,3,30,679,1,112543.42,179435.21,1,1,0,0.1219,3501.3,426.81,0.6272,0.0333,3.15,112543.42
15596011,3,6,2,3,34,529,9,0.0,93208.22,1,1,0,0.1994,125.0,24.92,0.0,0.2647,4.35,0.0
15614834,3,27,1,3,31,619,3,141751.82,61531.86,1,0,0,0.2712,4327.55,1173.63,2.3037,0.0968,2.45,141751.82
15600510,3,28,4,2,37,680,6,124140.57,92826.35,0,1,0,0.3855,3924.22,1512.79,1.3373,0.1622,1.9,62070.28
15625706,2,13,3,2,45,693,2,116546.59,23140.28,0,0,1,0.6349,3646.4,2315.1,5.0363,0.0444,0.3,58273.3
15781409,1,25,2,3,28,834,6,0.0,74287.53,0,1,0,0.3412,125.0,42.65,0.0,0.2143,1.9,0.0
15722583,3,22,4,3,29,636,6,157576.47,101102.39,1,1,0,0.202,4927.29,995.31,1.5586,0.2069,3.9,78788.24
15677243,3,6,4,3,43,538,5,0.0,126933.73,0,1,0,0.181,200.0,36.2,0.0,0.1163,1.75,0.0
15815070,2,26,3,2,44,566,5,141428.99,68408.74,0,0,0,0.5082,4392.87,2232.46,2.0674,0.1136,0.75,70714.5
15705899,3,7,2,3,35,597,0,127510.99,155356.34,1,1,0,0.1093,3950.33,431.77,0.8208,0.0,3.0,127510.99
15701522,1,23,3,3,29,711,9,0.0,3234.8,1,0,0,0.063,150.0,9.45,0.0,0.3103,3.35,0.0
15755978,1,7,4,3,31,606,10,0.0,195209.4,0,1,0,0.0358,200.0,7.16,0.0,0.3226,2.5,0.0
15722090,3,12,2,2,51,615,6,81818.49,169149.38,1,1,0,0.5097,2579.55,1314.8,0.4837,0.1176,3.9,81818.49
15783526,1,7,2,3,36,589,1,100895.54,68075.14,1,1,0,0.1595,3151.87,502.72,1.4821,0.0278,3.15,100895.54
15632125,2,12,2,2,45,606,5,63832.43,93707.8,1,1,0,0.6466,2039.97,1319.04,0.6812,0.1111,3.75,63832.43
15688395,1,2,3,3,29,582,4,0.0,156153.27,0,0,0,0.04,150.0,6.0,0.0,0.1379,0.6,0.0
15666975,1,28,2,2,36,710,4,116085.06,58601.61,0,1,0,0.4098,3607.55,1478.37,1.9809,0.1111,1.6,116085.06
15682211,1,11,4,3,57,467,1,0.0,114448.77,1,1,0,0.2776,200.0,55.52,0.0,0.0175,3.15,0.0
15637411,1,9,3,3,30,749,1,0.0,126551.65,1,0,0,0.0299,150.0,4.49,0.0,0.0333,2.15,0.0
15591512,2,26,1,2,33,564,2,115761.51,112350.21,1,0,1,0.5484,3547.85,1945.64,1.0304,0.0606,2.3,115761.51
15606855,3,3,4,3,26,730,6,0.0,185808.7,1,1,0,0.0367,200.0,7.34,0.0,0.2308,3.9,0.0
15763683,2,8,2,2,32,678,4,139626.01,118235.52,1,1,1,0.4721,4313.78,2036.54,1.1809,0.125,3.6,139626.01
15641782,1,26,1,2,31,540,7,0.0,183051.6,1,0,1,0.5235,75.0,39.26,0.0,0.2258,3.05,0.0
15677184,1,29,1,3,35,767,6,115576.44,27922.45,1,0,0,0.2566,3542.29,908.95,4.139,0.1714,2.9,115576.44
15775042,1,22,4,3,23,615,4,0.0,196476.19,0,1,0,0.0968,200.0,19.36,0.0,0.1739,1.6,0.0
15616630,2,27,2,1,41,583,5,77647.6,190429.52,0,1,0,0.6618,2454.43,1624.34,0.4077,0.122,1.75,77647.6
15800233,1,30,4,3,40,850,5,0.0,35034.15,0,1,0,0.0844,200.0,16.88,0.0,0.125,1.75,0.0
15588419,2,27,2,2,34,651,10,148962.46,66389.43,0,1,1,0.5838,4593.87,2681.9,2.2437,0.2941,2.5,148962.46
15595557,1,4,4,3,22,798,8,0.0,107615.43,0,1,0,0.0323,200.0,6.46,0.0,0.3636,2.2,0.0
15626143,1,8,4,3,37,695,2,0.0,99692.65,1,1,0,0.0384,200.0,7.68,0.0,0.0541,3.3,0.0
15566030,2,6,1,2,41,497,5,80542.81,88729.22,0,0,1,0.5415,2491.28,1349.03,0.9077,0.122,0.75,80542.81
15701412,1,8,3,3,40,739,4,0.0,173321.65,0,0,0,0.0705,150.0,10.58,0.0,0.1,0.6,0.0
15702464,1,26,3,3,34,549,4,0.0,139463.57,0,0,0,0.1539,150.0,23.08,0.0,0.1176,0.6,0.0
15573348,1,10,2,3,35,850,9,102050.47,3769.71,1,1,0,0.1293,3186.51,412.02,27.064,0.2571,4.35,102050.47
15704160,3,12,2,1,49,648,5,0.0,149946.43,0,1,1,0.8916,125.0,111.45,0.0,0.102,1.75,0.0
15693704,1,23,3,3,24,679,6,114948.76,135768.25,1,0,0,0.1736,3598.46,624.69,0.8466,0.25,2.9,57474.38
15664752,2,7,4,3,39,606,8,136000.45,31708.53,0,1,0,0.272,4280.01,1164.16,4.2889,0.2051,2.2,68000.23
15628292,1,10,4,3,32,850,4,156001.68,151677.31,1,1,0,0.0627,4880.05,305.98,1.0285,0.125,3.6,78000.84
15621195,2,7,4,3,41,619,3,147974.16,170518.83,0,1,0,0.2392,4639.22,1109.7,0.8678,0.0732,1.45,73987.08
15668629,3,8,4,3,44,719,2,0.0,196582.19,0,1,0,0.1351,200.0,27.02,0.0,0.0455,1.3,0.0
15635197,2,2,2,3,26,640,5,90402.77,3298.65,1,1,0,0.314,2837.08,890.84,27.3977,0.1923,3.75,90402.77
15592761,1,8,3,3,40,710,5,0.0,162878.96,0,0,0,0.0705,150.0,10.58,0.0,0.125,0.75,0.0
15574283,1,7,3,3,31,580,2,0.0,64014.24,1,0,0,0.0402,150.0,6.03,0.0,0.0645,2.3,0.0
15598097,1,6,4,3,44,550,9,0.0,26257.01,0,1,0,0.2063,200.0,41.26,0.0,0.2045,2.35,0.0
15711352,1,30,4,3,31,841,3,162701.65,126794.56,1,1,0,0.04,5081.05,203.24,1.2832,0.0968,3.45,81350.82
15620751,1,9,4,3,34,760,2,0.0,164162.44,0,1,0,0.0412,200.0,8.24,0.0,0.0588,1.3,0.0
15656717,1,28,3,3,30,687,6,0.0,179206.92,0,0,0,0.1837,150.0,27.56,0.0,0.2,0.9,0.0
15643121,2,29,3,3,35,753,5,82453.96,18254.75,0,0,0,0.301,2623.62,789.71,4.5166,0.1429,0.75,41226.98
15723671,1,7,2,3,35,661,9,100107.99,83949.68,0,1,0,0.261,3128.24,816.47,1.1925,0.2571,2.35,100107.99
15752846,1,3,4,3,28,699,7,0.0,22684.78,1,1,0,0.0501,200.0,10.02,0.0,0.25,4.05,0.0
15640852,2,27,6,1,39,617,5,83348.89,7953.62,0,1,1,0.9837,2775.47,2730.23,10.478,0.1282,1.75,27782.96
15789313,2,27,4,2,44,595,4,96553.52,143952.24,0,1,1,0.6361,3096.61,1969.75,0.6707,0.0909,1.6,48276.76
15793688,1,12,2,1,50,669,9,201009.64,158032.5,0,1,1,0.8772,6155.29,5399.42,1.2719,0.18,2.35,201009.64
15770405,1,22,2,3,27,613,5,125167.74,199104.52,0,1,0,0.276,3880.03,1070.89,0.6287,0.1852,1.75,125167.74
15702561,1,9,2,3,32,782,9,0.0,87566.97,1,1,0,0.1964,125.0,24.55,0.0,0.2812,4.35,0.0
15625964,1,27,1,1,43,582,5,153313.67,170563.73,0,0,0,0.6942,4674.41,3244.98,0.8989,0.1163,0.75,153313.67
15761364,1,8,4,3,30,679,9,0.0,157871.55,0,1,0,0.0236,200.0,4.72,0.0,0.3,2.35,0.0
15590286,1,27,2,2,40,611,2,125879.29,93203.43,0,1,0,0.5385,3901.38,2100.89,1.3506,0.05,1.3,125879.29
15587978,2,26,1,3,37,455,6,170057.62,54398.56,1,0,0,0.3088,5176.73,1598.57,3.1261,0.1622,2.9,170057.62
15773242,1,7,4,3,32,621,1,0.0,168779.47,1,1,0,0.0254,200.0,5.08,0.0,0.0312,3.15,0.0
15761053,2,12,1,1,48,596,2,131326.47,1140.02,0,0,1,0.9239,4014.79,3709.26,115.0957,0.0417,0.3,131326.47
15702095,3,32,2,1,56,585,1,128472.8,186476.91,0,1,1,0.9439,3979.18,3755.95,0.6889,0.0179,1.15,128472.8
15764253,1,9,2,3,32,742,6,160485.16,29023.03,0,1,0,0.2741,4939.55,1353.93,5.5294,0.1875,1.9,160485.16
15700801,2,10,5,1,42,850,6,84445.68,60021.34,1,0,1,0.9683,2758.37,2670.93,1.4069,0.1429,2.9,28148.56
15730590,2,28,3,2,40,738,1,115409.18,180456.8,0,0,0,0.4306,3612.28,1555.45,0.6395,0.025,0.15,57704.59
15643916,3,12,2,2,46,619,8,62400.48,132498.39,1,1,1,0.6137,1997.01,1225.57,0.4709,0.1739,4.2,62400.48
15720636,1,32,1,1,50,628,4,143054.56,109608.81,1,0,1,0.7604,4366.64,3320.39,1.3051,0.08,2.6,143054.56
15795429,1,1,4,3,24,487,7,133628.09,98570.01,1,1,0,0.1359,4208.84,571.98,1.3557,0.2917,4.05,66814.04
15609254,3,26,4,2,41,513,9,107135.04,160546.58,1,1,0,0.4561,3414.05,1557.15,0.6673,0.2195,4.35,53567.52
15625141,3,1,3,3,26,563,7,0.0,6139.74,0,0,0,0.0448,150.0,6.72,0.0,0.2692,1.05,0.0
15810898,1,40,3,3,65,803,2,151659.52,6930.17,1,0,0,0.1447,4699.79,680.06,21.8808,0.0308,2.3,75829.76
15775797,3,27,5,2,32,607,7,0.0,10674.62,1,0,0,0.5982,225.0,134.6,0.0,0.2188,3.05,0.0
15795246,2,32,4,2,51,628,9,155903.82,71159.84,1,1,0,0.5084,4877.11,2479.52,2.1909,0.1765,4.35,77951.91
15795275,3,31,3,1,49,521,4,82940.25,62413.01,0,0,1,0.8206,2638.21,2164.92,1.3289,0.0816,0.6,41470.12
15571869,2,32,1,1,50,669,4,112650.89,166386.22,0,0,1,0.9628,3454.53,3326.02,0.677,0.08,0.6,112650.89
15694143,1,28,2,1,41,686,10,0.0,133086.45,0,1,0,0.8338,125.0,104.22,0.0,0.2439,2.5,0.0
15748231,2,8,4,3,35,700,4,95853.39,192933.37,0,1,0,0.0762,3075.6,234.36,0.4968,0.1143,1.6,47926.7
15632185,1,27,4,2,42,663,1,82228.67,71359.78,0,1,0,0.4414,2666.86,1177.15,1.1523,0.0238,1.15,41114.34
15806249,3,28,3,3,31,671,4,0.0,79270.02,1,0,0,0.0846,150.0,12.69,0.0,0.129,2.6,0.0
15743293,2,27,6,1,35,651,1,163700.78,29583.48,1,1,1,0.9849,5186.02,5107.71,5.5333,0.0286,3.15,54566.93
15598157,1,8,2,3,34,728,4,106328.08,88680.65,0,1,0,0.2014,3314.84,667.61,1.199,0.1176,1.6,106328.08
15700946,1,26,2,3,34,574,7,152992.91,134691.2,1,1,0,0.2058,4714.79,970.3,1.1359,0.2059,4.05,152992.91
15722692,1,6,2,3,38,464,3,116439.65,75574.48,0,1,0,0.2853,3618.19,1032.27,1.5407,0.0789,1.45,116439.65
15696506,3,2,1,3,27,604,9,101352.78,30252.3,0,0,0,0.1887,3115.58,587.91,3.3501,0.3333,1.35,101352.78
15728823,3,30,4,3,37,836,10,0.0,111324.41,0,1,0,0.1131,200.0,22.62,0.0,0.2703,2.5,0.0
15808851,2,36,1,3,75,511,9,105609.17,105425.18,1,0,0,0.0964,3243.28,312.65,1.0017,0.12,3.35,105609.17
15675231,1,31,4,3,45,518,8,0.0,36193.07,1,1,0,0.2195,200.0,43.9,0.0,0.1778,4.2,0.0
15732299,1,19,6,1,67,756,4,0.0,93081.87,1,1,0,0.7157,275.0,196.82,0.0,0.0597,3.6,0.0
15706269,1,31,4,2,47,489,8,103894.38,107625.46,1,1,0,0.5227,3316.83,1733.71,0.9653,0.1702,4.2,51947.19
15590078,3,2,2,3,27,622,9,139834.93,152733.89,1,1,0,0.1171,4320.05,505.88,0.9155,0.3333,4.35,139834.93
15776985,1,27,3,3,36,652,6,112518.71,110421.31,1,0,0,0.2579,3525.56,909.24,1.019,0.1667,2.9,56259.36
15756743,1,27,2,2,37,625,7,115895.42,48486.25,0,1,0,0.3683,3601.86,1326.57,2.3902,0.1892,2.05,115895.42
15782364,3,26,1,2,39,521,3,146408.68,72993.67,0,0,0,0.5047,4467.26,2254.63,2.0057,0.0769,0.45,146408.68
15604093,1,6,4,3,34,546,4,165363.31,25744.13,1,1,1,0.1658,5160.9,855.68,6.4231,0.1176,3.6,82681.66
15749328,1,33,4,3,45,697,1,0.0,46807.62,0,1,1,0.3048,200.0,60.96,0.0,0.0222,1.15,0.0
15656322,2,6,2,3,33,571,3,71843.15,26772.04,0,1,0,0.3185,2280.29,726.27,2.6834,0.0909,1.45,71843.15
15685564,3,9,2,3,35,748,5,105492.53,150057.2,1,1,0,0.1132,3289.78,372.4,0.703,0.1429,3.75,105492.53
15785831,1,7,2,3,35,591,7,183027.25,56028.79,1,1,0,0.3325,5615.82,1867.26,3.2666,0.2,4.05,183027.25
15796218,2,5,4,3,29,814,1,131968.57,147693.92,1,1,0,0.0289,4159.06,120.2,0.8935,0.0345,3.15,65984.28
15716218,1,33,1,1,45,709,3,104118.5,174032.0,1,0,0,0.688,3198.56,2200.61,0.5983,0.0667,2.45,104118.5
15572735,3,1,4,3,27,433,2,0.0,153698.65,1,1,0,0.0392,200.0,7.84,0.0,0.0741,3.3,0.0
15633840,1,4,4,3,20,781,0,125023.1,108301.45,1,1,0,0.0804,3950.69,317.64,1.1544,0.0,3.0,62511.55
15608760,1,27,2,3,30,656,4,74323.2,22929.08,1,1,0,0.213,2354.7,501.55,3.2413,0.1333,3.6,74323.2
15627848,1,8,4,3,38,683,7,109346.13,102665.92,0,1,0,0.3046,3480.38,1060.12,1.0651,0.1842,2.05,54673.06
15792029,1,7,4,3,32,620,6,0.0,56139.09,0,1,0,0.0458,200.0,9.16,0.0,0.1875,1.9,0.0
15617331,2,27,2,1,39,637,3,109698.41,88391.29,1,1,1,0.6772,3415.95,2313.28,1.241,0.0769,3.45,109698.41
15651740,3,26,3,3,30,525,5,0.0,149195.44,1,0,0,0.1141,150.0,17.11,0.0,0.1667,2.75,0.0
15636407,2,29,2,1,34,793,5,127758.09,143357.03,0,1,0,0.6563,3957.74,2597.46,0.8912,0.1471,1.75,127758.09
15607526,2,12,2,1,50,638,1,102645.48,168359.98,0,1,1,0.9418,3204.36,3017.87,0.6097,0.02,1.15,102645.48
15632576,1,6,2,3,31,520,4,93249.4,77335.75,0,1,0,0.2111,2922.48,616.94,1.2058,0.129,1.6,93249.4
15581505,1,7,4,3,35,641,5,0.0,93148.93,0,1,0,0.054,200.0,10.8,0.0,0.1429,1.75,0.0
15612207,2,35,1,1,51,840,1,87779.83,36687.11,1,0,1,0.8735,2708.39,2365.78,2.3926,0.0196,2.15,87779.83
15707242,3,6,3,3,40,504,5,0.0,146703.36,0,0,0,0.0738,150.0,11.07,0.0,0.125,0.75,0.0
15721937,1,8,1,3,38,686,0,138131.34,115927.85,1,0,0,0.2413,4218.94,1018.03,1.1915,0.0,2.0,138131.34
15773852,2,6,4,3,38,533,4,70362.52,104189.46,1,1,0,0.1928,2310.88,445.54,0.6753,0.1053,3.6,35181.26
15719778,1,26,4,3,32,577,1,0.0,9902.39,0,1,0,0.0848,200.0,16.96,0.0,0.0312,1.15,0.0
15650538,2,31,2,1,48,445,7,168286.58,16645.77,0,1,1,0.8842,5173.6,4574.5,10.1093,0.1458,2.05,168286.58
15797475,1,8,2,1,44,720,3,86102.27,180134.88,0,1,1,0.7384,2708.07,1999.64,0.478,0.0682,1.45,86102.27
15780359,2,2,2,2,25,643,4,115142.9,148098.95,1,1,0,0.3596,3579.29,1287.11,0.7775,0.16,3.6,115142.9
15737104,2,32,4,1,47,652,0,126597.89,38798.79,1,1,1,0.821,3997.94,3282.31,3.2628,0.0,3.0,63298.94
15789936,1,27,4,3,33,663,2,0.0,153295.0,0,1,0,0.1344,200.0,26.88,0.0,0.0606,1.3,0.0
15709523,2,26,4,3,30,525,0,157989.21,100687.67,1,1,0,0.1388,4939.68,685.63,1.5691,0.0,3.0,78994.6
15593425,3,32,1,1,54,662,1,187997.15,111442.71,0,0,1,0.9408,5714.91,5376.59,1.6869,0.0185,0.15,187997.15
15776725,2,13,2,2,54,724,8,172192.49,136902.01,1,1,0,0.4838,5290.77,2559.67,1.2578,0.1481,4.2,172192.49
15604706,2,7,2,1,38,581,1,133105.47,105732.9,0,1,1,0.7019,4118.16,2890.54,1.2589,0.0263,1.15,133105.47
15790958,3,8,4,3,38,685,4,0.0,35884.91,1,1,0,0.0286,200.0,5.72,0.0,0.1053,3.6,0.0
15747534,1,12,2,1,46,595,10,0.0,73489.15,0,1,1,0.8255,125.0,103.19,0.0,0.2174,2.5,0.0
15574237,1,22,4,3,21,588,8,0.0,110114.19,1,1,0,0.0438,200.0,8.76,0.0,0.381,4.2,0.0
15690332,2,7,2,2,35,647,3,192407.97,40145.28,1,1,0,0.3561,5897.24,2100.01,4.7927,0.0857,3.45,192407.97
15661290,2,29,1,1,38,785,9,107199.75,146398.51,0,0,0,0.8086,3290.99,2661.09,0.7322,0.2368,1.35,107199.75
15651883,2,34,2,1,55,794,6,115796.7,160526.36,0,1,1,0.971,3598.9,3494.53,0.7214,0.1091,1.9,115796.7
15808905,1,10,2,3,37,823,5,164858.18,173516.71,1,1,0,0.1864,5070.75,945.19,0.9501,0.1351,3.75,164858.18
15715532,2,8,1,2,38,687,4,117633.28,88396.6,1,0,0,0.5578,3604.0,2010.31,1.3307,0.1053,2.6,117633.28
15786078,1,25,4,3,28,850,9,0.0,185821.41,0,1,0,0.0652,200.0,13.04,0.0,0.3214,2.35,0.0
15652401,1,26,3,3,36,496,7,0.0,108098.28,0,0,0,0.1917,150.0,28.76,0.0,0.1944,1.05,0.0
15673074,2,26,2,2,30,527,6,126663.51,162267.91,1,1,0,0.6053,3924.91,2375.75,0.7806,0.2,3.9,126663.51
15598744,2,36,2,2,71,576,6,140273.47,193135.25,1,1,1,0.5514,4333.2,2389.33,0.7263,0.0845,3.9,140273.47
15785975,3,36,3,3,60,525,7,0.0,168034.9,1,0,0,0.3057,150.0,45.86,0.0,0.1167,3.05,0.0
15613180,2,3,2,3,21,727,8,153344.72,163295.87,1,1,0,0.152,4725.34,718.25,0.9391,0.381,4.2,153344.72
15584229,2,23,2,2,23,671,9,123943.18,159553.27,1,1,0,0.5199,3843.3,1998.13,0.7768,0.3913,4.35,123943.18
15773804,1,7,2,2,39,625,5,0.0,99800.87,0,1,0,0.6171,125.0,77.14,0.0,0.1282,1.75,0.0
15699515,2,7,4,3,33,643,7,98630.31,40250.82,1,1,0,0.0871,3158.91,275.14,2.4503,0.2121,4.05,49315.16
15705313,1,28,2,3,33,707,2,58036.33,83335.78,1,1,0,0.2665,1866.09,497.31,0.6964,0.0606,3.3,58036.33
15693817,3,1,4,3,28,539,5,0.0,48382.4,0,1,0,0.0513,200.0,10.26,0.0,0.1786,1.75,0.0
15673790,2,11,3,2,45,498,7,109200.74,165990.44,1,0,0,0.5608,3426.02,1921.31,0.6579,0.1556,3.05,54600.37
15674868,3,28,4,3,30,696,0,0.0,9002.8,1,1,0,0.2952,200.0,59.04,0.0,0.0,3.0,0.0
15692110,1,29,2,2,33,758,7,0.0,188156.34,0,1,0,0.5402,125.0,67.53,0.0,0.2121,2.05,0.0
15645904,1,28,3,3,33,685,6,0.0,186785.01,1,0,0,0.0934,150.0,14.01,0.0,0.1818,2.9,0.0
15581332,2,27,4,3,30,655,1,83173.98,184259.6,1,1,0,0.0537,2695.22,144.73,0.4514,0.0333,3.15,41586.99
15808544,1,29,1,1,40,747,3,0.0,57817.84,0,0,1,0.753,75.0,56.48,0.0,0.075,0.45,0.0
15734948,3,2,3,3,24,601,7,0.0,144660.42,0,0,0,0.0344,150.0,5.16,0.0,0.2917,1.05,0.0
15654531,1,1,3,3,22,477,5,82559.42,163112.9,0,0,1,0.0614,2626.78,161.28,0.5061,0.2273,0.75,41279.71
15637774,1,6,1,3,32,558,5,73494.21,136301.1,0,0,0,0.2864,2279.83,652.94,0.5392,0.1562,0.75,73494.21
15677141,3,2,2,3,29,586,2,132450.24,36176.63,1,1,0,0.1753,4098.51,718.47,3.6611,0.069,3.3,132450.24
15739578,1,15,2,1,49,850,6,128663.9,65769.3,0,1,1,0.7307,3984.92,2911.78,1.9563,0.1224,1.9,128663.9
15697360,1,26,1,2,36,505,2,79951.9,174123.16,1,0,1,0.474,2473.56,1172.47,0.4592,0.0556,2.3,79951.9
15655213,2,32,2,1,51,591,8,132508.3,161304.68,1,1,1,0.8962,4100.25,3674.64,0.8215,0.1569,4.2,132508.3
15580872,2,29,4,2,38,761,1,120530.13,109394.62,0,1,0,0.4237,3815.9,1616.8,1.1018,0.0263,1.15,60265.06
15683213,1,26,3,3,35,554,10,74988.59,190155.13,1,0,0,0.134,2399.66,321.55,0.3944,0.2857,3.5,37494.3
15801188,1,34,1,1,47,774,6,94722.88,61450.96,1,0,0,0.6593,2916.69,1922.97,1.5414,0.1277,2.9,94722.88
15645029,3,29,4,3,33,771,5,0.0,8673.43,0,1,0,0.0699,200.0,13.98,0.0,0.1515,1.75,0.0
15633181,1,9,3,3,31,792,6,71269.89,125912.77,1,0,0,0.1278,2288.1,292.42,0.566,0.1935,2.9,35634.94
15598259,2,28,2,1,41,673,9,98612.1,151349.35,0,1,0,0.8019,3083.36,2472.55,0.6515,0.2195,2.35,98612.1
15576000,1,9,2,3,40,765,6,138033.55,67972.45,1,1,0,0.3037,4266.01,1295.59,2.0307,0.15,3.9,138033.55
15766047,1,29,2,3,41,748,2,91621.69,71139.31,1,1,0,0.335,2873.65,962.67,1.2879,0.0488,3.3,91621.69
15596339,1,11,1,1,54,422,3,140014.42,86350.97,1,0,0,0.7371,4275.43,3151.42,1.6214,0.0556,2.45,140014.42
15715199,3,1,3,3,27,568,5,126815.97,118648.12,1,0,0,0.2034,3954.48,804.34,1.0688,0.1852,2.75,63407.98
15615938,1,36,1,2,64,502,3,139663.37,100995.11,1,0,0,0.4928,4264.9,2101.74,1.3829,0.0469,2.45,139663.37
15679991,1,21,3,3,28,524,7,0.0,147100.72,1,0,0,0.0979,150.0,14.68,0.0,0.25,3.05,0.0
15626135,1,8,2,3,34,689,1,165312.27,155495.63,0,1,0,0.1375,5084.37,699.1,1.0631,0.0294,1.15,165312.27
15792934,1,2,3,3,26,661,8,0.0,196875.87,0,0,0,0.0319,150.0,4.78,0.0,0.3077,1.2,0.0
15744046,3,7,4,3,33,606,8,0.0,63176.77,1,1,0,0.0329,200.0,6.58,0.0,0.2424,4.2,0.0
15700826,2,33,3,1,54,678,1,123699.28,105221.76,1,0,0,0.6799,3860.98,2625.08,1.1756,0.0185,2.15,61849.64
15756301,2,22,1,2,29,636,3,97325.15,131924.38,1,0,0,0.4102,2994.75,1228.45,0.7377,0.1034,2.45,97325.15
15586517,1,7,2,3,32,647,5,97041.16,23132.73,1,1,0,0.1614,3036.23,490.05,4.1948,0.1562,3.75,97041.16
15751297,1,8,4,3,36,732,5,0.0,161428.25,0,1,0,0.0408,200.0,8.16,0.0,0.1389,1.75,0.0
15710365,1,12,4,1,50,646,0,104129.24,181794.86,0,1,1,0.8257,3323.88,2744.53,0.5728,0.0,1.0,52064.62
15679307,1,26,1,1,43,559,1,0.0,86634.3,1,0,0,0.8084,75.0,60.63,0.0,0.0233,2.15,0.0
15610753,1,2,2,3,28,581,3,104367.5,29937.75,1,1,0,0.1572,3256.02,511.85,3.486,0.1071,3.45,104367.5
15811036,1,11,1,2,46,565,7,135369.71,140130.22,1,0,0,0.5803,4136.09,2400.17,0.966,0.1522,3.05,135369.71
15610912,3,27,2,2,41,657,6,112119.48,17536.82,0,1,0,0.5664,3488.58,1975.93,6.393,0.1463,1.9,112119.48
15619932,1,20,1,3,66,847,7,123760.68,53157.16,1,0,0,0.2896,3787.82,1096.95,2.3282,0.1061,3.05,123760.68
15746199,1,26,2,2,41,558,6,0.0,143585.29,1,1,1,0.5712,125.0,71.4,0.0,0.1463,3.9,0.0
15584967,3,12,4,3,57,596,6,0.0,72402.0,1,1,0,0.1298,200.0,25.96,0.0,0.1053,3.9,0.0
15734365,1,6,3,3,39,579,5,0.0,39891.84,1,0,0,0.0435,150.0,6.52,0.0,0.1282,2.75,0.0
15726960,1,29,4,3,36,741,3,0.0,89804.83,1,1,0,0.0879,200.0,17.58,0.0,0.0833,3.45,0.0
15665177,1,7,3,3,44,613,3,0.0,136491.72,1,0,0,0.1472,150.0,22.08,0.0,0.0682,2.45,0.0
15779915,3,8,2,2,31,694,5,0.0,35593.18,0,1,0,0.4995,125.0,62.44,0.0,0.1613,1.75,0.0
15729110,3,28,4,3,42,729,7,0.0,58268.2,0,1,1,0.1744,200.0,34.88,0.0,0.1667,2.05,0.0
15575399,1,26,4,2,42,480,1,152160.21,101778.9,0,1,0,0.3946,4764.81,1880.19,1.495,0.0238,1.15,76080.1
15678374,1,32,4,3,59,666,5,0.0,185123.09,1,1,0,0.1932,200.0,38.64,0.0,0.0847,3.75,0.0
15792679,1,1,4,3,24,575,2,0.0,119927.81,1,1,0,0.0283,200.0,5.66,0.0,0.0833,3.3,0.0
15668767,1,10,4,3,36,850,3,0.0,195033.07,0,1,0,0.063,200.0,12.6,0.0,0.0833,1.45,0.0
15761886,1,9,2,3,36,740,4,172381.8,86480.29,1,1,0,0.2194,5296.45,1162.04,1.9933,0.1111,3.6,172381.8
15583076,2,7,4,3,41,588,6,106116.56,198766.61,0,1,0,0.1633,3383.5,552.53,0.5339,0.1463,1.9,53058.28
15815615,1,8,2,3,36,681,5,141952.07,185144.08,1,1,0,0.2205,4383.56,966.57,0.7667,0.1389,3.75,141952.07
15591942,3,27,4,3,33,611,7,0.0,3729.89,1,1,0,0.0871,200.0,17.42,0.0,0.2121,4.05,0.0
15724924,1,27,1,3,37,589,6,138497.84,18988.58,1,0,0,0.2582,4229.94,1092.17,7.2934,0.1622,2.9,138497.84
15762123,3,28,4,3,34,717,1,0.0,119313.74,0,1,0,0.1175,200.0,23.5,0.0,0.0294,1.15,0.0
15567893,2,6,4,3,33,556,3,124213.36,62627.55,0,1,0,0.2088,3926.4,819.83,1.9833,0.0909,1.45,62106.68
15648989,1,10,2,3,37,850,4,126872.6,197266.58,0,1,0,0.2979,3931.18,1171.1,0.6431,0.1081,1.6,126872.6
15662021,3,28,3,3,42,685,2,0.0,199992.48,0,0,0,0.1474,150.0,22.11,0.0,0.0476,0.3,0.0
15691627,1,28,2,2,37,713,8,0.0,16403.41,1,1,0,0.4816,125.0,60.2,0.0,0.2162,4.2,0.0
15731751,1,21,1,3,26,437,1,120923.52,78854.57,1,0,0,0.1331,3702.71,492.83,1.5335,0.0385,2.15,120923.52
15635277,3,12,2,1,47,605,7,142643.54,189310.27,0,1,0,0.6978,4404.31,3073.33,0.7535,0.1489,2.05,142643.54
15655252,2,9,2,3,41,758,10,79857.64,78088.17,1,1,0,0.2389,2520.73,602.2,1.0226,0.2439,4.5,79857.64
15803941,1,12,1,1,46,600,10,95502.21,19842.18,0,0,0,0.6515,2940.07,1915.46,4.8128,0.2174,1.5,95502.21
15714380,1,10,3,3,38,827,5,0.0,103305.01,0,0,0,0.0369,150.0,5.54,0.0,0.1316,0.75,0.0
15666559,2,2,4,3,23,608,8,197715.93,116124.28,1,1,0,0.0857,6131.48,525.47,1.7026,0.3478,4.2,98857.96
15799998,1,27,1,3,30,608,8,85859.76,142730.27,0,0,0,0.3457,2650.79,916.38,0.6015,0.2667,1.2,85859.76
15703763,1,6,2,3,44,554,7,85304.27,58076.52,1,1,0,0.3349,2684.13,898.92,1.4688,0.1591,4.05,85304.27
15795640,2,28,3,3,35,683,1,132371.3,186123.57,0,0,0,0.2652,4121.14,1092.93,0.7112,0.0286,0.15,66185.65
15780056,3,7,2,2,33,660,4,0.0,29664.45,0,1,0,0.4859,125.0,60.74,0.0,0.1212,1.6,0.0
15777873,1,27,1,2,31,628,5,0.0,147963.07,0,0,1,0.5841,75.0,43.81,0.0,0.1613,0.75,0.0
15584749,2,7,2,2,39,668,4,79896.0,38466.39,0,1,0,0.4698,2521.88,1184.78,2.077,0.1026,1.6,79896.0
15765258,1,24,4,3,29,776,5,0.0,143301.49,1,1,0,0.0965,200.0,19.3,0.0,0.1724,3.75,0.0
15623346,1,10,4,3,36,820,4,0.0,31422.69,0,1,0,0.0355,200.0,7.1,0.0,0.1111,1.6,0.0
15614054,1,7,3,3,36,665,1,0.0,121505.61,1,0,0,0.0506,150.0,7.59,0.0,0.0278,2.15,0.0
15766185,2,10,2,3,31,850,4,146587.3,89874.82,1,1,0,0.3403,4522.62,1539.05,1.631,0.129,3.6,146587.3
15667632,1,28,3,3,42,703,7,0.0,72500.68,1,0,0,0.1313,150.0,19.7,0.0,0.1667,3.05,0.0
15599024,3,6,3,3,32,506,8,0.0,182692.8,1,0,0,0.0857,150.0,12.86,0.0,0.25,3.2,0.0
15798709,3,7,1,3,32,588,3,109109.33,4993.94,1,0,0,0.2239,3348.28,749.68,21.844,0.0938,2.45,109109.33
15741921,3,22,4,3,26,622,8,0.0,124964.82,1,1,0,0.0524,200.0,10.48,0.0,0.3077,4.2,0.0
15793671,1,7,2,2,34,606,5,0.0,161971.42,0,1,0,0.4122,125.0,51.52,0.0,0.1471,1.75,0.0
15797900,1,11,1,1,56,517,9,142147.32,39488.04,0,0,1,0.934,4339.42,4053.02,3.5997,0.1607,1.35,142147.32
15667932,3,29,4,3,43,758,10,0.0,55313.44,1,1,0,0.2652,200.0,53.04,0.0,0.2326,4.5,0.0
15795933,1,33,4,3,49,677,3,0.0,187811.71,1,1,0,0.1793,200.0,35.86,0.0,0.0612,3.45,0.0
15660403,3,30,3,3,35,827,0,0.0,184514.01,1,0,0,0.1586,150.0,23.79,0.0,0.0,2.0,0.0
15736299,1,28,1,2,36,729,8,109106.8,121311.12,0,0,0,0.3718,3348.2,1244.86,0.8994,0.2222,1.2,109106.8
15759034,1,7,2,3,36,654,2,112262.84,12873.39,0,1,0,0.2683,3492.89,937.14,8.7199,0.0556,1.3,112262.84
15724663,3,27,3,3,36,654,5,0.0,157238.05,0,0,0,0.2283,150.0,34.24,0.0,0.1389,0.75,0.0
15594556,3,12,4,3,52,619,8,0.0,123242.11,1,1,0,0.1483,200.0,29.66,0.0,0.1538,4.2,0.0
15737169,3,2,2,3,26,642,8,144238.7,184399.76,1,1,0,0.1422,4452.16,633.1,0.7822,0.3077,4.2,144238.7
15632472,3,26,1,3,32,472,1,159397.75,57323.18,1,0,0,0.2438,4856.93,1184.12,2.7806,0.0312,2.15,159397.75
15722813,3,6,2,3,30,470,4,125385.01,68293.93,0,1,0,0.3286,3886.55,1277.12,1.8359,0.1333,1.6,125385.01
15588450,1,37,2,2,60,633,8,69365.25,10288.24,1,1,0,0.5172,2205.96,1140.92,6.7415,0.1333,4.2,69365.25
15736717,1,7,2,3,31,602,7,155271.83,179446.31,1,1,0,0.3015,4783.15,1442.12,0.8653,0.2258,4.05,155271.83
15680683,3,2,4,3,29,640,5,197200.04,141453.62,0,1,0,0.269,6116.0,1645.2,1.3941,0.1724,1.75,98600.02
15710316,3,31,2,2,48,454,5,144837.79,93151.77,1,1,0,0.5623,4470.13,2513.55,1.5548,0.1042,3.75,144837.79
15746333,1,31,6,1,57,562,3,0.0,6554.97,0,1,1,0.9878,275.0,271.64,0.0,0.0526,1.45,0.0
15606861,1,7,4,3,34,636,8,0.0,38570.13,0,1,0,0.0404,200.0,8.08,0.0,0.2353,2.2,0.0
15641285,3,12,1,1,50,621,3,163085.79,131048.36,1,0,0,0.687,4967.57,3412.72,1.2445,0.06,2.45,163085.79
15662908,2,9,4,3,38,795,7,125903.22,127068.92,1,1,0,0.1498,3977.1,595.77,0.9908,0.1842,4.05,62951.61
15814267,1,1,2,3,22,550,6,154377.3,51721.52,1,1,0,0.1817,4756.32,864.22,2.9847,0.2727,3.9,154377.3
15614923,3,7,1,3,41,630,7,107511.52,46156.87,1,0,0,0.304,3300.35,1003.31,2.3292,0.1707,3.05,107511.52
15579223,2,6,2,2,30,573,8,127406.5,192950.6,0,1,0,0.5558,3947.2,2193.85,0.6603,0.2667,2.2,127406.5
15651389,3,1,1,3,24,561,8,143656.55,180932.46,1,0,0,0.3359,4384.7,1472.82,0.794,0.3333,3.2,143656.55
15677087,1,27,1,2,39,662,5,138106.75,19596.73,0,0,0,0.4645,4218.2,1959.35,7.0471,0.1282,0.75,138106.75
15665784,1,2,2,3,27,637,9,128940.24,46786.92,0,1,0,0.2381,3993.21,950.78,2.7558,0.3333,2.35,128940.24
15576706,2,7,1,2,37,651,9,114453.58,175820.91,1,0,0,0.5175,3508.61,1815.71,0.651,0.2432,3.35,114453.58
15615473,1,27,3,3,33,646,2,0.0,198208.0,0,0,0,0.0912,150.0,13.68,0.0,0.0606,0.3,0.0
15587299,1,31,2,1,48,567,3,0.0,55362.45,0,1,0,0.9308,125.0,116.35,0.0,0.0625,1.45,0.0
15655389,1,7,2,3,41,638,1,131762.94,47675.29,1,1,0,0.2857,4077.89,1165.05,2.7637,0.0244,3.15,131762.94
15784491,1,28,1,2,31,725,6,0.0,61326.43,0,0,0,0.5785,75.0,43.39,0.0,0.1935,0.9,0.0
15809999,1,28,4,2,41,709,3,150300.65,71672.86,0,1,0,0.4137,4709.02,1948.12,2.097,0.0732,1.45,75150.32
15681115,3,9,2,3,39,787,10,108935.39,101168.3,1,1,0,0.1249,3393.06,423.79,1.0768,0.2564,4.5,108935.39
15629390,1,7,2,3,37,653,7,135847.47,144880.81,0,1,0,0.3053,4200.42,1282.39,0.9376,0.1892,2.05,135847.47
15792668,2,7,4,3,37,661,7,109908.06,115037.67,0,1,1,0.3281,3497.24,1147.44,0.9554,0.1892,2.05,54954.03
15583863,2,13,1,1,49,681,8,142946.18,187280.51,0,0,1,0.9237,4363.39,4030.46,0.7633,0.1633,1.2,142946.18
15681878,2,11,4,2,45,436,3,104339.11,183540.22,1,1,1,0.6075,3330.17,2023.08,0.5685,0.0667,3.45,52169.56
15782875,1,7,4,3,33,663,5,157274.36,28531.81,1,1,0,0.1418,4918.23,697.41,5.5121,0.1515,3.75,78637.18
15732235,1,17,1,3,64,662,0,98848.19,42730.12,1,0,0,0.3325,3040.45,1010.95,2.3133,0.0,2.0,98848.19
15735909,2,27,2,1,39,607,8,105103.33,104721.5,0,1,1,0.7628,3278.1,2500.53,1.0036,0.2051,2.2,105103.33
15653448,1,9,4,3,34,754,7,0.0,65219.85,1,1,0,0.043,200.0,8.6,0.0,0.2059,4.05,0.0
15587647,2,40,1,1,66,850,0,127120.62,118929.64,1,0,1,0.7364,3888.62,2863.58,1.0689,0.0,2.0,127120.62
15701037,1,6,4,3,39,578,2,0.0,70563.9,0,1,0,0.0862,200.0,17.24,0.0,0.0513,1.3,0.0
15727499,2,27,3,2,36,666,3,129118.5,139435.12,0,0,0,0.3783,4023.56,1522.11,0.926,0.0833,0.45,64559.25
15724838,1,27,2,1,43,599,4,0.0,170347.1,0,1,0,0.8491,125.0,106.14,0.0,0.093,1.6,0.0
15666711,1,32,5,1,46,586,0,0.0,131553.82,1,0,1,0.9823,225.0,221.02,0.0,0.0,2.0,0.0
15588933,1,30,2,2,36,825,3,146053.66,138344.7,1,1,0,0.3546,4506.61,1598.04,1.0557,0.0833,3.45,146053.66
15763111,3,40,1,2,67,808,10,124577.15,169894.4,1,0,0,0.3874,3812.31,1476.89,0.7333,0.1493,3.5,124577.15
15805676,3,1,4,3,29,515,4,151012.55,9770.97,0,1,0,0.2768,4730.38,1309.37,15.4536,0.1379,1.6,75506.27
15586674,3,32,1,1,58,663,5,216109.88,74176.71,1,0,1,0.7756,6558.3,5086.62,2.9134,0.0862,2.75,216109.88
15744553,1,6,2,3,34,444,2,144318.97,112668.06,0,1,0,0.17,4454.57,757.28,1.2809,0.0588,1.3,144318.97
15776629,1,27,3,3,39,650,4,0.0,186275.7,0,0,0,0.2019,150.0,30.28,0.0,0.1026,0.6,0.0
15647207,1,2,4,3,26,609,7,0.0,98463.99,0,1,0,0.0307,200.0,6.14,0.0,0.2692,2.05,0.0
15715638,2,20,3,3,77,824,3,27517.15,2746.41,1,0,0,0.0289,975.51,28.19,10.0157,0.039,2.45,13758.58
15750602,1,2,2,3,29,662,5,147092.65,10928.3,0,1,0,0.286,4537.78,1297.81,13.4586,0.1724,1.75,147092.65
15766810,2,33,3,2,51,699,2,92246.14,91346.03,1,0,0,0.5001,2917.38,1458.98,1.0098,0.0392,2.3,46123.07
15756625,1,29,4,3,41,752,8,0.0,139844.04,0,1,1,0.214,200.0,42.8,0.0,0.1951,2.2,0.0
15639552,2,27,1,1,40,603,8,148897.02,105052.9,0,0,0,0.7322,4541.91,3325.59,1.4173,0.2,1.2,148897.02
15633213,3,12,1,1,50,628,8,0.0,144366.83,0,0,1,0.9236,75.0,69.27,0.0,0.16,1.2,0.0
15610416,1,29,2,2,36,745,9,0.0,19605.18,0,1,1,0.5935,125.0,74.19,0.0,0.25,2.35,0.0
15715208,2,30,2,2,33,804,10,138335.96,80483.76,1,1,0,0.5495,4275.08,2349.16,1.7188,0.303,4.5,138335.96
15619608,2,31,2,1,50,454,10,92895.56,154344.0,0,1,1,0.953,2911.87,2775.01,0.6019,0.2,2.5,92895.56
15628697,3,12,1,2,46,631,9,160736.63,93503.02,1,0,0,0.5087,4897.1,2491.15,1.719,0.1957,3.35,160736.63
15643826,1,6,4,3,32,503,4,0.0,153036.97,1,1,0,0.0372,200.0,7.44,0.0,0.125,3.6,0.0
15718588,1,26,3,3,37,548,9,0.0,98029.58,0,0,0,0.2391,150.0,35.86,0.0,0.2432,1.35,0.0
15709741,1,2,2,3,28,668,4,107141.27,193018.71,0,1,0,0.1946,3339.24,649.82,0.5551,0.1429,1.6,107141.27
15723318,1,32,5,1,55,619,0,0.0,60810.64,0,0,1,0.991,225.0,222.98,0.0,0.0,0.0,0.0
15717328,1,30,4,3,37,842,4,132446.08,87071.18,0,1,1,0.1113,4173.38,464.5,1.5211,0.1081,1.6,66223.04
15771299,1,33,2,1,57,707,1,92053.0,164064.44,1,1,1,0.7117,2886.59,2054.39,0.5611,0.0175,3.15,92053.0
15706223,3,8,4,3,38,715,2,96798.79,4554.67,1,1,0,0.2044,3103.96,634.45,21.248,0.0526,3.3,48399.4
15612358,2,6,4,3,35,573,9,134498.54,119924.8,1,1,0,0.0818,4234.96,346.42,1.1215,0.2571,4.35,67249.27
15769191,1,11,4,3,55,509,8,132387.91,170360.11,1,1,0,0.28,4171.64,1168.06,0.7771,0.1455,4.2,66193.96
15618816,2,28,1,1,40,670,2,147171.2,69850.04,1,0,0,0.742,4490.14,3331.68,2.1069,0.05,2.3,147171.2
15730810,3,7,2,3,44,613,9,100524.69,47298.95,1,1,0,0.3456,3140.74,1085.44,2.1253,0.2045,4.35,100524.69
15783463,1,23,4,3,26,678,1,0.0,45443.68,0,1,0,0.0879,200.0,17.58,0.0,0.0385,1.15,0.0
15616213,2,31,2,1,51,555,9,138214.5,198715.27,0,1,1,0.9435,4271.43,4030.09,0.6955,0.1765,2.35,138214.5
15611287,1,29,3,3,30,777,4,0.0,115611.97,1,0,0,0.0819,150.0,12.28,0.0,0.1333,2.6,0.0
15786454,3,11,2,1,55,552,3,0.0,40333.94,1,1,0,0.7063,125.0,88.29,0.0,0.0545,3.45,0.0
15768682,3,7,2,2,39,640,3,0.0,105997.25,1,1,0,0.4671,125.0,58.39,0.0,0.0769,3.45,0.0
15766172,1,6,2,3,34,541,3,128743.55,134851.12,0,1,0,0.2269,3987.31,904.72,0.9547,0.0882,1.45,128743.55
15637646,1,9,1,3,31,756,10,122647.32,61666.87,0,0,0,0.2535,3754.42,951.75,1.9888,0.3226,1.5,122647.32
15653404,3,23,1,3,24,684,9,79263.9,196574.48,1,0,0,0.176,2452.92,431.71,0.4032,0.375,3.35,79263.9
15690546,1,27,7,1,42,618,2,0.0,111097.39,0,0,1,0.9554,300.0,286.62,0.0,0.0476,0.3,0.0
15735636,1,32,2,2,53,604,2,121389.78,48201.64,1,1,1,0.6095,3766.69,2295.8,2.5183,0.0377,3.3,121389.78
15605424,3,7,2,2,38,624,7,123906.55,135096.78,0,1,0,0.3646,3842.2,1400.87,0.9172,0.1842,2.05,123906.55
15568449,3,7,2,3,38,661,7,143006.7,15650.89,1,1,0,0.186,4415.2,821.23,9.1367,0.1842,4.05,143006.7
15688085,3,22,1,3,28,627,3,157597.61,34097.22,1,0,0,0.2532,4802.93,1216.1,4.6219,0.1071,2.45,157597.61
15683483,3,10,4,3,38,812,3,127117.8,174822.74,1,1,0,0.0771,4013.53,309.44,0.7271,0.0789,3.45,63558.9
15659567,1,26,4,3,39,473,9,117103.26,85937.52,1,1,1,0.315,3713.1,1169.63,1.3626,0.2308,4.35,58551.63
15766667,3,8,3,3,36,717,2,102989.83,49185.57,1,0,0,0.1883,3239.69,610.03,2.0939,0.0556,2.3,51494.92
15624975,3,3,1,3,28,693,1,145118.83,77742.38,1,0,0,0.1817,4428.56,804.67,1.8666,0.0357,2.15,145118.83
15660878,1,18,4,3,92,705,1,126076.24,34436.83,1,1,0,0.0875,3982.29,348.45,3.661,0.0109,3.15,63038.12
15586557,1,7,1,2,41,661,5,0.0,88279.6,1,0,0,0.5149,75.0,38.62,0.0,0.122,2.75,0.0
15746183,1,21,4,3,27,573,4,0.0,157549.6,1,1,0,0.09,200.0,18.0,0.0,0.1481,3.6,0.0
15631457,1,7,1,3,37,639,5,98186.7,173386.95,1,0,0,0.2316,3020.6,699.57,0.5663,0.1351,2.75,98186.7
15754053,1,38,6,2,67,718,7,0.0,82782.08,1,1,0,0.5323,275.0,146.38,0.0,0.1045,4.05,0.0
15645839,1,6,2,2,37,570,6,0.0,187758.5,1,1,0,0.5761,125.0,72.01,0.0,0.1622,3.9,0.0
15689955,1,26,4,3,40,461,7,0.0,176547.8,0,1,0,0.2015,200.0,40.3,0.0,0.175,2.05,0.0
15593510,2,27,2,2,33,638,5,129335.65,56585.2,1,1,1,0.5824,4005.07,2332.55,2.2856,0.1515,3.75,129335.65
15654964,3,12,2,1,48,608,7,75801.74,125762.95,0,1,0,0.7373,2399.05,1768.82,0.6027,0.1458,2.05,75801.74
15594039,3,7,4,3,42,599,6,0.0,113868.4,0,1,0,0.0738,200.0,14.76,0.0,0.1429,1.9,0.0
15625929,1,29,1,2,44,762,7,159316.64,24780.13,0,0,0,0.6344,4854.5,3079.69,6.4289,0.1591,1.05,159316.64
15815295,1,27,2,2,38,662,2,96479.81,120259.41,0,1,0,0.4339,3019.39,1310.11,0.8023,0.0526,1.3,96479.81
15621818,2,4,2,3,29,747,7,117726.33,175398.34,1,1,0,0.3079,3656.79,1125.93,0.6712,0.2414,4.05,117726.33
15652700,1,6,4,3,39,539,6,0.0,86767.48,1,1,0,0.0436,200.0,8.72,0.0,0.1538,3.9,0.0
15636860,1,7,2,2,43,625,4,122351.29,71216.6,0,1,0,0.6071,3795.54,2304.27,1.718,0.093,1.6,122351.29
15569432,1,32,4,3,48,656,9,0.0,85240.61,1,1,1,0.338,200.0,67.6,0.0,0.1875,4.35,0.0
15751455,1,31,2,1,48,469,5,0.0,160529.71,0,1,1,0.9551,125.0,119.39,0.0,0.1042,1.75,0.0
15800583,3,27,1,1,43,621,8,0.0,102806.6,0,0,0,0.8031,75.0,60.23,0.0,0.186,1.2,0.0
15770214,1,24,4,3,27,754,7,0.0,144134.64,0,1,0,0.108,200.0,21.6,0.0,0.2593,2.05,0.0
15613463,2,33,4,2,50,679,6,132598.38,184017.98,1,1,0,0.529,4177.95,2210.14,0.7206,0.12,3.9,66299.19
15587066,1,6,1,2,38,535,2,119272.29,195896.59,0,0,1,0.3646,3653.17,1331.95,0.6089,0.0526,0.3,119272.29
15693752,1,6,4,3,37,487,2,0.0,126722.57,1,1,0,0.0459,200.0,9.18,0.0,0.0541,3.3,0.0
15714874,1,30,4,3,42,850,3,0.0,176883.42,1,1,0,0.0923,200.0,18.46,0.0,0.0714,3.45,0.0
15657809,1,12,6,1,55,585,10,106415.57,122960.98,1,1,1,0.9843,3467.47,3413.03,0.8654,0.1818,4.5,35471.86
15651955,1,7,3,3,31,603,4,0.0,9607.1,1,0,0,0.0354,150.0,5.31,0.0,0.129,2.6,0.0
15570912,2,28,4,3,32,728,9,127772.1,152643.48,1,1,0,0.1856,4033.16,748.55,0.8371,0.2812,4.35,63886.05
15640266,3,7,2,3,41,621,5,104631.67,95551.22,1,1,0,0.269,3263.95,878.0,1.095,0.122,3.75,104631.67
15652069,1,10,4,3,30,833,1,0.0,141860.62,0,1,0,0.019,200.0,3.8,0.0,0.0333,1.15,0.0
15596074,1,6,2,3,37,502,10,0.0,76642.68,1,1,0,0.2213,125.0,27.66,0.0,0.2703,4.5,0.0
15800268,2,10,1,2,37,825,6,118050.79,52301.15,1,0,0,0.6084,3616.52,2200.29,2.2571,0.1622,2.9,118050.79
15809847,1,12,3,3,46,668,0,0.0,29388.02,0,0,0,0.2013,150.0,30.2,0.0,0.0,0.0,0.0
15599074,3,26,1,2,40,487,6,136093.74,193408.43,1,0,0,0.3849,4157.81,1600.34,0.7037,0.15,2.9,136093.74
15599591,2,27,4,2,39,600,7,88477.36,58632.37,0,1,0,0.3586,2854.32,1023.56,1.509,0.1795,2.05,44238.68
15776096,3,7,1,3,34,606,3,161572.24,191076.22,1,0,0,0.2796,4922.17,1376.24,0.8456,0.0882,2.45,161572.24
15611669,2,12,1,1,50,623,7,126608.37,645.61,1,0,1,0.8787,3873.25,3403.42,195.8033,0.14,3.05,126608.37
15694098,1,31,2,1,54,575,9,68332.96,144390.75,1,1,0,0.7474,2174.99,1625.59,0.4732,0.1667,4.35,68332.96
15713347,3,11,2,1,48,577,6,179852.26,193580.32,0,1,0,0.8157,5520.57,4503.13,0.9291,0.125,1.9,179852.26
15713094,1,22,4,3,25,651,8,0.0,126761.2,1,1,0,0.0411,200.0,8.22,0.0,0.32,4.2,0.0
15811978,2,13,2,1,46,693,2,104763.41,62368.33,1,1,0,0.7488,3267.9,2447.0,1.6797,0.0435,3.3,104763.41
15799925,1,20,4,3,60,800,6,88541.57,131718.12,1,1,0,0.2279,2856.25,650.94,0.6722,0.1,3.9,44270.78
15692575,1,9,2,2,38,760,6,162888.73,91098.76,0,1,1,0.4256,5011.66,2132.96,1.788,0.1579,1.9,162888.73
15743149,1,28,2,2,35,711,8,0.0,67508.01,1,1,0,0.3759,125.0,46.99,0.0,0.2286,4.2,0.0
15776947,3,7,2,1,43,637,8,0.0,12156.93,0,1,1,0.7863,125.0,98.29,0.0,0.186,2.2,0.0
15700656,1,7,3,3,32,662,9,0.0,65089.38,0,0,0,0.0254,150.0,3.81,0.0,0.2812,1.35,0.0
15594515,1,26,3,3,44,568,7,0.0,62370.67,0,0,1,0.3138,150.0,47.07,0.0,0.1591,1.05,0.0
15787884,1,28,4,3,30,692,7,0.0,18826.34,1,1,0,0.0892,200.0,17.84,0.0,0.2333,4.05,0.0
15577988,1,27,4,3,35,614,1,0.0,3342.62,1,1,0,0.0968,200.0,19.36,0.0,0.0286,3.15,0.0
15795586,1,6,2,3,35,478,1,92474.05,178626.07,0,1,0,0.333,2899.22,965.44,0.5177,0.0286,1.15,92474.05
15677739,1,6,4,3,36,562,6,0.0,32845.32,0,1,0,0.0546,200.0,10.92,0.0,0.1667,1.9,0.0
15720134,2,8,4,3,30,709,9,115479.48,134732.99,1,1,0,0.0898,3664.38,329.06,0.8571,0.3,4.35,57739.74
15688868,1,23,1,3,26,684,5,87098.91,106095.82,0,0,0,0.2658,2687.97,714.46,0.8209,0.1923,0.75,87098.91
15642996,2,26,4,2,42,546,9,86351.85,57380.13,0,1,0,0.4217,2790.56,1176.78,1.5049,0.2143,2.35,43175.92
15771222,1,29,3,3,42,779,5,0.0,25951.91,0,0,0,0.2007,150.0,30.1,0.0,0.119,0.75,0.0
15605059,2,16,2,1,63,576,3,148843.56,69414.13,0,1,1,0.9689,4590.31,4447.55,2.1443,0.0476,1.45,148843.56
15568088,2,6,2,1,44,481,3,163714.52,96123.72,0,1,0,0.72,5036.44,3626.24,1.7031,0.0682,1.45,163714.52
15665943,1,1,4,3,25,445,6,0.0,119425.94,0,1,0,0.037,200.0,7.4,0.0,0.24,1.9,0.0
15795571,3,7,1,3,36,606,0,94153.56,120138.27,1,0,0,0.2016,2899.61,584.56,0.7837,0.0,2.0,94153.56
15662243,1,11,1,1,50,559,5,162702.35,150548.5,0,0,1,0.8326,4956.07,4126.42,1.0807,0.1,0.75,162702.35
15593128,1,32,4,1,56,608,10,129255.2,142492.04,0,1,1,0.95,4077.66,3873.78,0.9071,0.1786,2.5,64627.6
15589739,1,8,2,3,41,698,3,90605.29,14357.0,1,1,0,0.3306,2843.16,939.95,6.3104,0.0732,3.45,90605.29
15787602,3,6,4,3,39,568,5,0.0,129569.92,1,1,0,0.0402,200.0,8.04,0.0,0.1282,3.75,0.0
15685019,1,1,2,3,29,528,3,102787.42,55972.56,0,1,0,0.2527,3208.62,810.82,1.8364,0.1034,1.45,102787.42
15704209,1,30,3,3,39,802,7,120145.96,59497.01,1,0,1,0.2931,3754.38,1100.41,2.0193,0.1795,3.05,60072.98
15605264,2,12,4,3,47,669,0,63723.78,181928.25,1,1,0,0.3449,2111.71,728.33,0.3503,0.0,3.0,31861.89
15708265,3,22,2,3,24,581,10,159203.71,102517.83,1,1,1,0.272,4901.11,1333.1,1.5529,0.4167,4.5,159203.71
15740264,1,7,4,3,38,640,9,0.0,88827.67,0,1,0,0.0744,200.0,14.88,0.0,0.2368,2.35,0.0
15615477,3,26,3,3,44,529,1,0.0,14161.3,0,0,0,0.3008,150.0,45.12,0.0,0.0227,0.15,0.0
15727361,1,31,4,3,51,547,1,0.0,56908.41,1,1,0,0.3237,200.0,64.74,0.0,0.0196,3.15,0.0
15760216,1,33,2,1,49,718,10,0.0,184474.72,0,1,1,0.9336,125.0,116.7,0.0,0.2041,2.5,0.0
15806134,2,8,4,3,34,707,9,162691.16,94912.78,0,1,0,0.1608,5080.73,816.98,1.7141,0.2647,2.35,81345.58
15601351,1,8,2,3,43,735,9,127806.91,73069.59,1,1,0,0.2931,3959.21,1160.44,1.7491,0.2093,4.35,127806.91
15669262,1,9,3,2,43,765,9,157960.49,136602.8,0,0,0,0.4069,4888.81,1989.26,1.1563,0.2093,1.35,78980.24
15696989,2,31,5,1,52,469,8,139493.25,150093.32,0,0,1,0.993,4409.8,4378.93,0.9294,0.1538,1.2,46497.75
15688498,2,22,4,3,21,594,2,87096.82,168186.11,0,1,0,0.1516,2812.9,426.44,0.5179,0.0952,1.3,43548.41
15686964,1,28,1,3,34,675,10,84944.58,146230.63,0,0,0,0.2496,2623.34,654.79,0.5809,0.2941,1.5,84944.58
15625035,1,13,4,3,50,703,8,160139.59,79314.1,1,1,0,0.2601,5004.19,1301.59,2.019,0.16,4.2,80069.8
15618391,1,10,4,3,33,810,6,0.0,77965.67,1,1,0,0.031,200.0,6.2,0.0,0.1818,3.9,0.0
15591344,3,8,4,3,42,715,6,0.0,128745.69,1,1,0,0.0439,200.0,8.78,0.0,0.1429,3.9,0.0
15605455,1,7,4,3,40,664,9,0.0,194767.3,0,1,0,0.1132,200.0,22.64,0.0,0.225,2.35,0.0
15680804,1,5,4,3,29,850,6,0.0,10672.54,1,1,0,0.0507,200.0,10.14,0.0,0.2069,3.9,0.0
15768282,2,8,4,3,36,724,6,94615.11,10627.21,1,1,0,0.1663,3038.45,505.29,8.9023,0.1667,3.9,47307.56
15685826,1,6,2,3,30,563,7,90727.79,122268.75,0,1,0,0.1953,2846.83,555.99,0.742,0.2333,2.05,90727.79
15793491,2,3,4,3,26,714,3,119545.48,65482.94,0,1,0,0.2166,3786.36,820.13,1.8256,0.1154,1.45,59772.74
15797787,1,7,2,3,36,614,1,118311.76,146134.68,0,1,0,0.1965,3674.35,722.01,0.8096,0.0278,1.15,118311.76
15611171,1,9,2,3,33,740,1,129574.98,123300.38,1,1,0,0.1007,4012.25,404.03,1.0509,0.0303,3.15,129574.98
15601627,1,7,1,3,33,587,8,148163.57,122925.4,0,0,0,0.2256,4519.91,1019.69,1.2053,0.2424,1.2,148163.57
15734085,2,1,2,2,24,465,5,117154.9,127744.02,1,1,0,0.374,3639.65,1361.23,0.9171,0.2083,3.75,117154.9
15809309,3,28,1,3,40,689,5,154251.67,118319.5,1,0,0,0.3145,4702.55,1478.95,1.3037,0.125,2.75,154251.67
15809462,1,7,3,3,30,656,3,0.0,17104.0,1,0,0,0.0291,150.0,4.36,0.0,0.1,2.45,0.0
15634628,1,26,3,3,33,579,1,65667.79,164608.98,0,0,0,0.1194,2120.03,253.13,0.3989,0.0303,0.15,32833.89
15775678,1,28,2,2,44,716,1,0.0,152108.47,1,1,0,0.5629,125.0,70.36,0.0,0.0227,3.15,0.0
15579526,1,6,2,2,42,551,1,50194.59,23399.58,1,1,0,0.3736,1630.84,609.28,2.145,0.0238,3.15,50194.59
15779103,2,26,4,2,39,527,9,96748.89,94711.43,0,1,0,0.4166,3102.47,1292.49,1.0215,0.2308,2.35,48374.44
15738715,1,27,6,1,37,600,4,0.0,7312.25,0,1,1,0.7114,275.0,195.64,0.0,0.1081,1.6,0.0
15593943,1,28,2,2,43,685,1,132667.17,41876.98,1,1,0,0.4235,4105.02,1738.48,3.1679,0.0233,3.15,132667.17
15754574,3,8,4,3,36,738,5,0.0,96881.32,1,1,0,0.0347,200.0,6.94,0.0,0.1389,3.75,0.0
15737814,1,7,2,2,41,622,2,127087.06,102402.91,0,1,1,0.4407,3937.61,1735.3,1.241,0.0488,1.3,127087.06
15670889,1,6,2,3,34,528,1,125566.9,176763.27,1,1,0,0.1233,3892.01,479.88,0.7104,0.0294,3.15,125566.9
15629299,2,31,2,1,52,546,1,106074.89,23548.45,1,1,1,0.9181,3307.25,3036.39,4.5043,0.0192,3.15,106074.89
15771569,2,11,2,1,46,576,4,137367.94,33450.11,1,1,0,0.823,4246.04,3494.49,4.1065,0.087,3.6,137367.94
15811927,1,28,1,2,38,733,3,157658.36,19658.43,0,0,0,0.3702,4804.75,1778.72,8.0195,0.0789,0.45,157658.36
15785654,2,13,4,2,45,727,6,114422.85,104678.78,1,1,1,0.4851,3632.69,1762.22,1.0931,0.1333,3.9,57211.42
15665524,3,7,1,2,41,605,5,103154.66,143203.78,0,0,0,0.4548,3169.64,1441.55,0.7203,0.122,0.75,103154.66
15736287,1,7,2,2,33,586,9,0.0,6975.02,0,1,0,0.3859,125.0,48.24,0.0,0.2727,2.35,0.0
15765732,3,21,2,3,24,564,6,149592.14,153771.8,1,1,0,0.2147,4612.76,990.36,0.9728,0.25,3.9,149592.14
15797381,2,32,4,2,48,593,3,133903.12,85902.39,1,1,1,0.6219,4217.09,2622.61,1.5588,0.0625,3.45,66951.56
15598536,2,23,1,3,26,736,0,84587.9,188037.76,1,0,0,0.2129,2612.64,556.23,0.4498,0.0,2.0,84587.9
15664506,3,8,2,2,32,675,8,197436.82,52710.7,1,1,0,0.3603,6048.1,2179.13,3.7456,0.25,4.2,197436.82
15575619,3,27,2,3,32,656,1,104254.27,17034.37,1,1,0,0.1729,3252.63,562.38,6.1199,0.0312,3.15,104254.27
15587394,1,6,3,3,39,462,4,140133.08,131304.45,0,0,0,0.2258,4353.99,983.13,1.0672,0.1026,0.6,70066.54
15654457,3,28,6,1,30,685,2,0.0,172576.43,1,1,1,0.852,275.0,234.3,0.0,0.0667,3.3,0.0
15762793,2,30,4,3,36,850,0,136980.23,99019.65,1,1,0,0.0848,4309.41,365.44,1.3834,0.0,3.0,68490.12
15658067,2,32,2,1,48,636,3,120568.41,190160.04,0,1,1,0.9471,3742.05,3544.1,0.634,0.0625,1.45,120568.41
15642816,1,25,4,3,27,850,7,43658.33,3025.49,1,1,0,0.0576,1509.75,86.96,14.4254,0.2593,4.05,21829.16
15693088,1,27,4,3,37,628,9,0.0,34689.77,1,1,0,0.1617,200.0,32.34,0.0,0.2432,4.35,0.0
15793883,1,4,4,3,28,798,3,0.0,2305.27,0,1,0,0.0452,200.0,9.04,0.0,0.1071,1.45,0.0
15665283,1,32,7,1,57,610,7,72092.95,113228.82,1,0,1,0.9927,2462.79,2444.81,0.6367,0.1228,3.05,18023.24
15680421,1,27,3,2,42,591,10,0.0,171099.22,0,0,0,0.3886,150.0,58.29,0.0,0.2381,1.5,0.0
15695148,3,27,4,3,37,614,9,0.0,62023.1,1,1,0,0.1366,200.0,27.32,0.0,0.2432,4.35,0.0
15636592,1,7,3,2,35,651,0,181821.96,36923.67,1,0,1,0.5024,5604.66,2815.78,4.9241,0.0,2.0,90910.98
15772618,1,2,1,3,25,665,7,90920.75,112256.57,1,0,0,0.0774,2802.62,216.92,0.8099,0.28,3.05,90920.75
15724453,1,1,1,2,23,570,2,0.0,198830.98,0,0,0,0.4572,75.0,34.29,0.0,0.087,0.3,0.0
15565878,3,2,4,3,29,631,3,0.0,197963.46,1,1,0,0.0273,200.0,5.46,0.0,0.1034,3.45,0.0
15609160,1,7,3,3,32,586,1,0.0,31635.99,0,0,0,0.0291,150.0,4.36,0.0,0.0312,0.15,0.0
15678460,1,8,2,3,30,691,9,0.0,49594.02,0,1,0,0.3383,125.0,42.29,0.0,0.3,2.35,0.0
15662571,1,7,4,3,35,639,8,0.0,170483.9,0,1,0,0.046,200.0,9.2,0.0,0.2286,2.2,0.0
15606849,1,23,2,3,27,698,1,94920.71,40339.9,1,1,0,0.0851,2972.62,252.97,2.353,0.037,3.15,94920.71
15670738,2,13,4,2,45,733,2,113939.36,3218.71,0,1,0,0.6051,3618.18,2189.36,35.3881,0.0444,1.3,56969.68
15662641,1,5,2,3,19,850,8,0.0,68569.89,1,1,0,0.169,125.0,21.12,0.0,0.4211,4.2,0.0
15727539,1,27,4,3,31,618,4,0.0,29176.04,0,1,0,0.0787,200.0,15.74,0.0,0.129,1.6,0.0
15651020,1,21,3,3,25,473,6,110666.42,46758.42,0,0,0,0.1779,3469.99,617.31,2.3667,0.24,0.9,55333.21
15673877,1,6,6,1,39,490,1,0.0,171060.01,0,1,1,0.8938,275.0,245.8,0.0,0.0256,1.15,0.0
15760865,2,34,2,1,48,754,7,141819.02,93550.53,0,1,1,0.9287,4379.57,4067.31,1.5159,0.1458,2.05,141819.02
15705009,1,32,2,1,56,649,8,156974.26,89405.26,0,1,1,0.9163,4834.23,4429.6,1.7557,0.1429,2.2,156974.26
15657540,1,11,4,1,50,578,5,151215.34,169804.4,0,1,0,0.7862,4736.46,3723.8,0.8905,0.1,1.75,75607.67
15707441,3,3,2,3,26,690,8,116318.23,83253.05,1,1,0,0.1244,3614.55,449.65,1.3971,0.3077,4.2,116318.23
15694765,2,12,2,1,49,610,6,113882.33,195813.81,0,1,1,0.9343,3541.47,3308.8,0.5816,0.1224,1.9,113882.33
15649086,1,7,4,3,42,596,7,0.0,121568.37,1,1,0,0.052,200.0,10.4,0.0,0.1667,4.05,0.0
15650488,1,31,2,2,48,492,6,127253.98,92144.09,1,1,1,0.6038,3942.62,2380.55,1.381,0.125,3.9,127253.98
15760924,3,6,1,2,41,575,2,100062.39,126307.25,0,0,0,0.408,3076.87,1255.36,0.7922,0.0488,0.3,100062.39
15700263,1,16,2,1,66,569,2,0.0,130784.2,0,1,1,0.9372,125.0,117.15,0.0,0.0303,1.3,0.0
15806922,3,28,2,3,41,674,4,126605.14,166694.93,1,1,0,0.3493,3923.15,1370.36,0.7595,0.0976,3.6,126605.14
15637522,1,26,1,3,31,507,0,106942.08,44001.11,1,0,0,0.2148,3283.26,705.24,2.4304,0.0,2.0,106942.08
15636548,3,6,3,3,44,457,7,0.0,185992.36,0,0,0,0.1816,150.0,27.24,0.0,0.1591,1.05,0.0
15566891,2,27,2,1,41,584,3,88594.93,178997.89,0,1,0,0.787,2782.85,2190.1,0.4949,0.0732,1.45,88594.93
15627185,2,4,4,3,29,744,6,123737.04,141558.04,0,1,0,0.1847,3912.11,722.57,0.8741,0.2069,1.9,61868.52
15754012,1,28,4,3,35,687,1,110752.15,47921.22,1,1,0,0.2041,3522.56,718.95,2.3111,0.0286,3.15,55376.08
15627514,3,33,3,3,46,688,3,0.0,104902.68,1,0,0,0.2099,150.0,31.48,0.0,0.0652,2.45,0.0
15661433,1,6,2,2,34,519,5,0.0,68479.6,0,1,0,0.4874,125.0,60.92,0.0,0.1471,1.75,0.0
15610653,3,28,4,3,38,733,5,0.0,1271.51,1,1,0,0.1321,200.0,26.42,0.0,0.1316,3.75,0.0
15667002,3,7,4,3,43,666,5,0.0,29346.1,0,1,0,0.1425,200.0,28.5,0.0,0.1163,1.75,0.0
15709199,3,26,2,2,40,511,1,0.0,184118.73,1,1,0,0.5483,125.0,68.54,0.0,0.025,3.15,0.0
15710087,2,33,6,1,54,705,3,125889.3,96013.5,0,1,1,0.9933,4051.68,4024.53,1.3111,0.0556,1.45,41963.1
15679884,1,11,6,1,48,544,10,78314.63,103713.93,1,1,1,0.973,2624.44,2553.58,0.7551,0.2083,4.5,26104.88
15784180,1,26,2,2,36,564,7,206329.65,46632.87,1,1,1,0.5816,6314.89,3672.74,4.4245,0.1944,4.05,206329.65
15808849,1,8,1,3,40,702,7,145536.9,135334.24,1,0,0,0.3269,4441.11,1451.8,1.0754,0.175,3.05,145536.9
15751549,2,7,3,3,31,658,2,77082.65,13482.28,0,0,0,0.1058,2462.48,260.53,5.7169,0.0645,0.3,38541.32
15588235,1,22,2,3,24,654,8,145081.73,130075.07,1,1,0,0.1288,4477.45,576.7,1.1154,0.3333,4.2,145081.73
15640418,2,27,2,1,41,649,4,115897.73,143544.48,0,1,0,0.7967,3601.93,2869.66,0.8074,0.0976,1.6,115897.73
15721116,3,2,4,3,24,597,0,108058.07,187826.11,1,1,0,0.2079,3441.74,715.54,0.5753,0.0,3.0,54029.04
15599084,1,9,2,3,33,782,7,191523.09,167058.75,1,1,0,0.2406,5870.69,1412.49,1.1464,0.2121,4.05,191523.09
15773394,1,7,4,3,38,644,3,0.0,79928.41,1,1,0,0.044,200.0,8.8,0.0,0.0789,3.45,0.0
15625713,3,28,1,3,39,679,7,91187.9,6075.36,1,0,0,0.3408,2810.64,957.87,15.007,0.1795,3.05,91187.9
15766417,1,38,4,3,60,678,2,0.0,43821.56,1,1,0,0.1378,200.0,27.56,0.0,0.0333,3.3,0.0
15622578,1,10,1,3,34,806,5,113958.55,32125.98,1,0,0,0.1811,3493.76,632.72,3.5471,0.1471,2.75,113958.55
15799924,3,7,1,2,43,668,1,147167.25,141679.73,0,0,0,0.567,4490.02,2545.84,1.0387,0.0233,0.15,147167.25
15618363,2,2,2,3,29,659,9,82916.48,84133.48,1,1,0,0.1719,2612.49,449.09,0.9855,0.3103,4.35,82916.48
15637138,1,7,4,3,34,660,1,0.0,9692.58,0,1,0,0.0474,200.0,9.48,0.0,0.0294,1.15,0.0
15781665,1,27,1,2,37,601,5,0.0,20708.6,0,0,0,0.6216,75.0,46.62,0.0,0.1351,0.75,0.0
15804853,1,34,2,1,48,781,0,57098.96,85644.06,0,1,1,0.8605,1837.97,1581.57,0.6667,0.0,1.0,57098.96
15651627,2,7,2,1,39,628,1,115341.19,107674.3,1,1,1,0.6604,3585.24,2367.69,1.0712,0.0256,3.15,115341.19
15680685,1,9,1,3,30,751,3,165257.2,134822.05,0,0,0,0.231,5032.72,1162.56,1.2257,0.1,0.45,165257.2
15808930,1,26,2,2,37,531,1,0.0,4606.97,0,1,0,0.5436,125.0,67.95,0.0,0.027,1.15,0.0
15570970,1,27,4,3,42,647,9,0.0,51362.82,1,1,0,0.1854,200.0,37.08,0.0,0.2143,4.35,0.0
15679961,3,13,2,2,46,708,7,68799.72,39704.14,1,1,0,0.3583,2188.99,784.32,1.7328,0.1522,4.05,68799.72
15705458,3,6,4,3,39,550,2,116120.19,195638.13,1,1,0,0.1832,3683.61,674.84,0.5935,0.0513,3.3,58060.1
15750396,1,8,4,3,33,670,1,0.0,86413.11,1,1,0,0.0296,200.0,5.92,0.0,0.0303,3.15,0.0
15679928,1,27,3,3,31,592,2,84102.11,116385.24,1,0,0,0.1819,2673.06,486.23,0.7226,0.0645,2.3,42051.06
15711181,1,32,3,2,50,589,4,0.0,182076.97,1,0,0,0.4441,150.0,66.61,0.0,0.08,2.6,0.0
15698324,1,28,2,2,33,725,4,0.0,67879.8,1,1,0,0.3686,125.0,46.08,0.0,0.1212,3.6,0.0
15807433,1,26,3,3,43,570,9,0.0,11417.26,1,0,0,0.2439,150.0,36.58,0.0,0.2093,3.35,0.0
15636590,1,11,4,3,46,575,1,0.0,65998.26,1,1,0,0.1553,200.0,31.06,0.0,0.0217,3.15,0.0
15628950,2,1,2,2,25,501,6,104013.79,114774.35,0,1,0,0.4082,3245.41,1324.78,0.9062,0.24,1.9,104013.79
15617206,2,6,4,3,42,431,8,120822.86,126153.24,0,1,0,0.3488,3824.69,1334.05,0.9577,0.1905,2.2,60411.43
15603741,3,8,2,3,40,719,4,128389.12,176091.31,1,1,0,0.2574,3976.67,1023.59,0.7291,0.1,3.6,128389.12
15742607,2,10,2,2,36,850,7,102800.72,87352.43,1,1,0,0.3737,3209.02,1199.21,1.1768,0.1944,4.05,102800.72
15747821,2,26,2,2,31,554,6,135470.9,107074.81,0,1,0,0.6198,4189.13,2596.42,1.2652,0.1935,1.9,135470.9
15612043,1,6,2,3,36,418,7,90145.04,69157.93,1,1,0,0.1906,2829.35,539.27,1.3034,0.1944,4.05,90145.04
15809558,3,8,2,3,31,715,7,0.0,149970.59,1,1,0,0.1646,125.0,20.58,0.0,0.2258,4.05,0.0
15803750,3,29,1,2,33,750,3,161801.47,153288.97,1,0,1,0.426,4929.04,2099.77,1.0555,0.0909,2.45,161801.47
15704681,2,9,3,3,37,766,2,99660.13,147700.78,1,0,0,0.2251,3139.8,706.77,0.6747,0.0541,2.3,49830.06
15667392,3,27,4,3,38,652,6,123081.84,188657.97,1,1,0,0.2798,3892.46,1089.11,0.6524,0.1579,3.9,61540.92
15738889,1,7,1,3,42,658,8,102870.93,103764.55,1,0,1,0.3158,3161.13,998.28,0.9914,0.1905,3.2,102870.93
15598838,1,27,2,3,37,659,1,151105.68,140934.57,1,1,0,0.3102,4658.17,1444.96,1.0722,0.027,3.15,151105.68
15579109,2,6,2,3,35,574,5,163856.76,15118.2,1,1,0,0.2845,5040.7,1434.08,10.8377,0.1429,3.75,163856.76
15799042,1,7,2,2,38,611,7,0.0,63202.0,1,1,0,0.4081,125.0,51.01,0.0,0.1842,4.05,0.0
15697042,3,8,2,3,35,738,8,127290.61,16081.62,0,1,0,0.2825,3943.72,1114.1,7.9148,0.2286,2.2,127290.61
15696605,1,11,1,1,49,571,4,180614.04,523.0,0,0,0,0.8143,5493.42,4473.29,344.6833,0.0816,0.6,180614.04
15802274,1,28,2,1,44,686,7,55053.62,181757.19,0,1,0,0.8046,1776.61,1429.46,0.3029,0.1591,2.05,55053.62
15596808,3,8,2,3,33,679,4,96110.22,1173.23,0,1,0,0.2624,3008.31,789.38,81.8496,0.1212,1.6,96110.22
15705403,3,32,1,2,46,617,3,106521.49,86587.37,1,0,0,0.6323,3270.64,2068.03,1.2302,0.0652,2.45,106521.49
15732903,1,8,4,3,39,673,7,82255.51,109545.56,0,1,0,0.2374,2667.67,633.3,0.7509,0.1795,2.05,41127.75
15581968,1,29,4,3,33,745,1,0.0,174431.01,1,1,0,0.0467,200.0,9.34,0.0,0.0303,3.15,0.0
15683892,2,23,2,2,26,677,3,102395.79,119368.99,0,1,0,0.5956,3196.87,1904.06,0.8578,0.1154,1.45,102395.79
15595447,3,7,2,2,39,613,8,118201.41,23315.59,0,1,0,0.4114,3671.04,1510.27,5.0694,0.2051,2.2,118201.41
15569249,1,31,5,1,55,576,6,44582.07,67539.85,1,0,1,0.9768,1562.46,1526.21,0.6601,0.1091,2.9,14860.69
15656188,3,27,4,3,30,584,5,0.0,185201.58,1,1,0,0.1111,200.0,22.22,0.0,0.1667,3.75,0.0
15689661,1,2,3,3,22,663,6,0.0,131827.15,1,0,0,0.015,150.0,2.25,0.0,0.2727,2.9,0.0
15644934,1,1,2,3,26,466,9,105522.06,10842.46,0,1,0,0.21,3290.66,691.04,9.7314,0.3462,2.35,105522.06
15721793,2,31,2,1,50,510,7,123936.54,23768.01,1,1,0,0.855,3843.1,3285.85,5.2142,0.14,4.05,123936.54
15687413,3,27,4,3,38,619,6,0.0,117616.29,1,1,0,0.1015,200.0,20.3,0.0,0.1579,3.9,0.0
15761286,2,38,4,2,66,696,7,119499.42,174027.3,1,1,0,0.4723,3784.98,1787.65,0.6867,0.1061,4.05,59749.71
15658240,1,26,3,2,44,554,9,135814.7,115091.38,0,0,0,0.5258,4224.44,2221.21,1.18,0.2045,1.35,67907.35
15706232,1,12,2,1,52,595,9,0.0,106340.66,1,1,1,0.7519,125.0,93.99,0.0,0.1731,4.35,0.0
15583394,2,7,4,3,39,659,8,106259.63,198103.32,1,1,0,0.059,3387.79,199.88,0.5364,0.2051,4.2,53129.82
15715643,1,7,4,3,44,662,8,0.0,175314.87,1,1,0,0.0894,200.0,17.88,0.0,0.1818,4.2,0.0
15644856,3,6,2,3,38,556,2,115463.16,150679.65,0,1,0,0.3095,3588.89,1110.76,0.7663,0.0526,1.3,115463.16
15785488,3,28,4,3,39,701,9,0.0,110043.88,1,1,0,0.1328,200.0,26.56,0.0,0.2308,4.35,0.0
15711571,3,7,2,2,42,587,5,120233.83,194890.33,0,1,0,0.5222,3732.01,1948.86,0.6169,0.119,1.75,120233.83
15778604,1,31,3,2,47,571,7,0.0,112366.98,0,0,0,0.4104,150.0,61.56,0.0,0.1489,1.05,0.0
15751180,1,26,2,1,40,539,7,81132.21,167289.82,0,1,0,0.7404,2558.97,1894.66,0.485,0.175,2.05,81132.21
15748360,2,27,4,3,34,644,10,122196.99,182099.71,1,1,0,0.1913,3865.91,739.55,0.671,0.2941,4.5,61098.5
15770039,2,6,2,1,39,572,4,112290.22,49373.97,0,1,1,0.7318,3493.71,2556.7,2.2742,0.1026,1.6,112290.22
15685096,1,34,4,2,50,753,4,0.0,861.4,1,1,0,0.3695,200.0,73.9,0.0,0.08,3.6,0.0
15669501,1,8,4,3,35,706,5,0.0,81718.37,1,1,0,0.0361,200.0,7.22,0.0,0.1429,3.75,0.0
15622631,1,7,2,2,44,588,8,154409.74,49324.03,0,1,1,0.5956,4757.29,2833.44,3.1305,0.1818,2.2,154409.74
15586699,1,10,3,3,32,825,9,0.0,9751.03,0,0,0,0.0232,150.0,3.48,0.0,0.2812,1.35,0.0
15702377,3,12,2,1,48,627,1,132759.8,78899.22,0,1,0,0.8103,4107.79,3328.54,1.6826,0.0208,1.15,132759.8
15577170,1,16,3,2,60,532,5,76705.87,13889.73,1,0,0,0.4723,2451.18,1157.69,5.5221,0.0833,2.75,38352.94
15769451,1,29,4,3,44,764,1,0.0,11467.38,1,1,0,0.2542,200.0,50.84,0.0,0.0227,3.15,0.0
15811877,1,28,4,3,36,700,4,0.0,130789.15,0,1,0,0.1416,200.0,28.32,0.0,0.1111,1.6,0.0
15648725,1,7,4,3,41,660,3,0.0,108665.89,1,1,0,0.0441,200.0,8.82,0.0,0.0732,3.45,0.0
15752801,2,1,4,3,29,518,9,125961.74,160303.08,0,1,1,0.2643,3978.85,1051.61,0.7858,0.3103,2.35,62980.87
15808175,1,26,2,1,39,557,7,49572.73,115287.99,0,1,1,0.6976,1612.18,1124.66,0.43,0.1795,2.05,49572.73
15681342,1,27,4,3,35,639,1,103015.12,139094.12,1,1,0,0.2102,3290.45,691.65,0.7406,0.0286,3.15,51507.56
15589210,1,21,1,2,24,557,4,0.0,20515.72,0,0,0,0.4262,75.0,31.97,0.0,0.1667,0.6,0.0
15696826,1,27,1,3,32,633,1,104001.38,36642.65,1,0,0,0.1534,3195.04,490.12,2.8382,0.0312,2.15,104001.38
15614962,3,32,2,2,50,623,2,87116.71,104382.11,1,1,0,0.5611,2738.5,1536.57,0.8346,0.04,3.3,87116.71
15689061,1,17,4,3,68,611,5,82547.11,146448.01,1,1,0,0.1167,2676.41,312.34,0.5637,0.0735,3.75,41273.56
15640074,3,32,1,1,47,666,5,0.0,166650.9,0,0,1,0.9401,75.0,70.51,0.0,0.1064,0.75,0.0
15776156,1,1,2,3,27,521,4,121325.84,164223.7,1,1,1,0.2051,3764.78,772.16,0.7388,0.1481,3.6,121325.84
15739548,1,4,2,3,28,775,9,111167.7,149331.01,0,1,0,0.1838,3460.03,635.95,0.7444,0.3214,2.35,111167.7
15662854,2,13,3,1,48,681,5,139714.4,73066.72,0,0,0,0.6571,4341.43,2852.75,1.9121,0.1042,0.75,69857.2
15687688,2,26,4,3,32,564,10,139875.2,15378.23,0,1,0,0.1189,4396.26,522.72,9.0951,0.3125,2.5,69937.6
15715750,2,27,1,1,44,646,2,113063.83,53072.49,0,0,1,0.862,3466.91,2988.48,2.1303,0.0455,0.3,113063.83
15571121,1,33,1,2,50,670,8,138340.06,3159.15,1,0,0,0.6468,4225.2,2732.86,43.7764,0.16,3.2,138340.06
15726466,1,9,2,2,43,751,1,114974.24,125920.54,0,1,0,0.611,3574.23,2183.85,0.9131,0.0233,1.15,114974.24
15660390,1,26,4,3,33,544,6,0.0,124113.04,1,1,0,0.0722,200.0,14.44,0.0,0.1818,3.9,0.0
15663942,1,27,3,3,38,639,5,0.0,93716.38,0,0,0,0.185,150.0,27.75,0.0,0.1316,0.75,0.0
15638610,2,37,2,1,65,635,5,117325.54,155799.86,0,1,1,0.9639,3644.77,3513.19,0.753,0.0769,1.75,117325.54
15644446,1,23,1,3,28,672,6,0.0,8814.69,1,0,0,0.2467,75.0,18.5,0.0,0.2143,2.9,0.0
15585892,1,27,1,2,35,639,8,0.0,164453.98,0,0,0,0.6258,75.0,46.94,0.0,0.2286,1.2,0.0
15609356,1,23,3,3,25,697,1,0.0,87803.32,0,0,0,0.061,150.0,9.15,0.0,0.04,0.15,0.0
15803378,3,10,4,3,44,850,8,0.0,183617.32,1,1,0,0.0933,200.0,18.66,0.0,0.1818,4.2,0.0
15599440,1,29,4,3,34,748,8,0.0,53584.03,0,1,0,0.097,200.0,19.4,0.0,0.2353,2.2,0.0
15692408,3,26,4,3,35,463,2,0.0,1950.93,1,1,0,0.112,200.0,22.4,0.0,0.0571,3.3,0.0
15683168,1,26,1,2,30,572,6,0.0,175025.27,1,0,0,0.4522,75.0,33.92,0.0,0.2,2.9,0.0
15790254,3,14,2,1,50,741,1,78737.61,13018.96,1,1,0,0.6643,2487.13,1652.2,6.0475,0.02,3.15,78737.61
15767729,3,2,4,3,25,646,5,182876.88,42537.59,1,1,1,0.3225,5686.31,1833.83,4.2991,0.2,3.75,91438.44
15768600,2,15,2,1,50,805,9,130023.38,62989.82,0,1,1,0.9404,4025.7,3785.77,2.0642,0.18,2.35,130023.38
15699839,1,7,2,3,36,637,2,152606.82,71692.8,1,1,0,0.1805,4703.2,848.93,2.1286,0.0556,3.3,152606.82
15786237,1,2,4,3,28,651,7,0.0,823.96,0,1,0,0.0462,200.0,9.24,0.0,0.25,2.05,0.0
15694530,1,3,2,3,28,672,4,167268.98,169469.3,1,1,0,0.1505,5143.07,774.03,0.987,0.1429,3.6,167268.98
15796813,1,11,4,1,54,493,3,167831.88,150159.95,0,1,1,0.9083,5234.96,4754.91,1.1177,0.0556,1.45,83915.94
15605791,2,1,4,3,29,524,9,144287.6,32063.3,0,1,0,0.214,4528.63,969.13,4.4999,0.3103,2.35,72143.8
15714087,2,32,2,1,45,624,5,151855.33,68794.15,0,1,0,0.8834,4680.66,4134.9,2.2074,0.1111,1.75,151855.33
15711446,3,31,6,1,51,569,3,0.0,75084.96,0,1,1,0.9776,275.0,268.84,0.0,0.0588,1.45,0.0
15588123,1,23,3,3,27,677,2,0.0,114685.92,1,0,0,0.0736,150.0,11.04,0.0,0.0741,2.3,0.0
15748552,2,6,1,2,37,464,4,155994.15,143665.44,0,0,0,0.5134,4754.82,2441.12,1.0858,0.1081,0.6,155994.15
15618410,2,3,1,2,26,718,7,147527.03,51099.56,0,0,0,0.5393,4500.81,2427.29,2.887,0.2692,1.05,147527.03
15672432,1,32,2,1,53,594,4,0.0,5408.74,0,1,1,0.9426,125.0,117.82,0.0,0.0755,1.6,0.0
15610042,1,6,2,3,33,574,8,100267.03,103006.27,0,1,0,0.1954,3133.01,612.19,0.9734,0.2424,2.2,100267.03
15580914,3,11,3,1,48,478,0,83287.05,44147.95,1,0,1,0.7133,2648.61,1889.25,1.8865,0.0,2.0,41643.52
15583680,3,7,1,2,41,615,4,0.0,149278.96,1,0,0,0.5831,75.0,43.73,0.0,0.0976,2.6,0.0
15813718,3,12,3,3,45,651,4,0.0,193009.21,0,0,0,0.167,150.0,25.05,0.0,0.0889,0.6,0.0
15767264,2,11,1,1,53,465,1,117438.17,74898.8,0,0,1,0.9359,3598.15,3367.51,1.5679,0.0189,0.15,117438.17
15686461,1,31,4,2,56,558,7,121235.05,116253.1,1,1,0,0.5146,3837.05,1974.55,1.0428,0.125,4.05,60617.52
15678882,2,6,1,2,37,540,3,129965.18,19374.08,0,0,0,0.6481,3973.96,2575.52,6.7079,0.0811,0.45,129965.18
15789611,2,11,1,1,46,568,8,150836.92,64516.8,0,0,1,0.8741,4600.11,4020.96,2.3379,0.1739,1.2,150836.92
15668679,1,7,4,3,31,630,0,0.0,34475.14,1,1,0,0.1519,200.0,30.38,0.0,0.0,3.0,0.0
15631685,2,16,1,2,60,523,1,163894.35,57061.71,1,0,0,0.6437,4991.83,3213.24,2.8722,0.0167,2.15,163894.35
15655658,1,33,4,3,48,678,2,0.0,32301.88,1,1,0,0.1651,200.0,33.02,0.0,0.0417,3.3,0.0
15753591,1,6,4,3,38,438,2,0.0,136859.55,0,1,0,0.102,200.0,20.4,0.0,0.0526,1.3,0.0
15617348,1,6,3,3,44,544,1,0.0,69244.24,0,0,0,0.1195,150.0,17.92,0.0,0.0227,0.15,0.0
15704581,2,7,3,3,34,595,2,87967.42,156309.52,1,0,0,0.0773,2789.02,215.59,0.5628,0.0588,2.3,43983.71
15738487,1,3,4,3,26,678,3,0.0,4989.33,0,1,0,0.0503,200.0,10.06,0.0,0.1154,1.45,0.0
15648069,1,30,4,3,36,850,6,0.0,190194.95,1,1,0,0.1146,200.0,22.92,0.0,0.1667,3.9,0.0
15737627,2,22,4,3,20,589,2,121093.29,3529.72,0,1,0,0.1186,3832.8,454.57,34.2971,0.1,1.3,60546.64
15731586,3,29,3,3,31,785,2,121691.54,81778.72,0,0,0,0.2086,3800.75,792.84,1.488,0.0645,0.3,60845.77
15757467,3,11,4,3,57,563,6,0.0,39297.48,1,1,0,0.099,200.0,19.8,0.0,0.1053,3.9,0.0
15597709,1,27,4,2,39,602,6,154121.32,176614.86,0,1,1,0.4187,4823.64,2019.66,0.8726,0.1538,1.9,77060.66
15720529,1,2,4,3,29,591,6,0.0,108684.65,1,1,0,0.0418,200.0,8.36,0.0,0.2069,3.9,0.0
15596797,3,7,4,3,43,643,1,0.0,145764.4,1,1,0,0.1013,200.0,20.26,0.0,0.0233,3.15,0.0
15681755,1,27,4,3,32,605,5,0.0,42135.28,1,1,0,0.0862,200.0,17.24,0.0,0.1562,3.75,0.0
15815271,2,9,6,1,43,755,6,165048.5,16929.41,0,1,1,0.9874,5226.46,5160.61,9.7486,0.1395,1.9,55016.17
15682860,3,9,3,3,38,769,6,0.0,104393.78,0,0,0,0.0705,150.0,10.58,0.0,0.1579,0.9,0.0
15621546,1,27,2,3,33,620,9,127638.35,192717.57,1,1,0,0.276,3954.15,1091.35,0.6623,0.2727,4.35,127638.35
15705918,1,8,4,3,31,725,8,0.0,59650.42,1,1,0,0.0332,200.0,6.64,0.0,0.2581,4.2,0.0
15684512,2,40,4,3,72,818,8,135290.42,63729.72,1,1,0,0.1065,4258.71,453.55,2.1228,0.1111,4.2,67645.21
15671769,1,37,6,1,71,624,4,170252.05,73679.59,1,1,1,0.9538,5382.56,5133.89,2.3107,0.0563,3.6,56750.68
15642934,2,27,4,2,35,669,4,108269.2,174969.92,0,1,0,0.4662,3448.08,1607.49,0.6188,0.1143,1.6,54134.6
15594305,1,28,4,3,32,712,1,0.0,1703.58,0,1,0,0.094,200.0,18.8,0.0,0.0312,1.15,0.0
15789201,2,27,2,1,35,603,9,145623.36,163181.62,0,1,0,0.7178,4493.7,3225.58,0.8924,0.2571,2.35,145623.36
15706762,1,27,4,3,41,597,4,145809.53,52319.26,1,1,0,0.3254,4574.29,1488.47,2.7869,0.0976,3.6,72904.76
15766183,2,17,4,3,76,580,2,130334.84,51672.08,1,1,0,0.0619,4110.05,254.41,2.5223,0.0263,3.3,65167.42
15777994,1,28,4,3,39,718,3,0.0,145355.11,1,1,0,0.1159,200.0,23.18,0.0,0.0769,3.45,0.0
15568162,3,11,2,1,53,527,8,0.0,51711.57,1,1,0,0.6804,125.0,85.05,0.0,0.1509,4.2,0.0
15680643,3,28,4,3,42,729,1,0.0,149535.97,1,1,0,0.1003,200.0,20.06,0.0,0.0238,3.15,0.0
15761854,1,24,1,3,24,746,4,0.0,94105.0,1,0,0,0.3085,75.0,23.14,0.0,0.1667,2.6,0.0
15730793,2,33,2,1,54,699,3,111009.32,155905.79,1,1,1,0.8838,3455.28,3053.78,0.712,0.0556,3.45,111009.32
15692137,1,34,2,1,46,759,2,0.0,138380.11,1,1,0,0.7632,125.0,95.4,0.0,0.0435,3.3,0.0
15608595,1,29,1,3,39,748,3,157371.54,97734.3,1,0,0,0.3,4796.15,1438.84,1.6102,0.0769,2.45,157371.54
15709459,3,38,2,2,63,698,5,0.0,173576.71,1,1,0,0.402,125.0,50.25,0.0,0.0794,3.75,0.0
15775750,1,8,2,3,37,686,9,134560.62,27596.39,0,1,0,0.3261,4161.82,1357.17,4.8758,0.2432,2.35,134560.62
15585855,1,8,2,2,40,679,1,0.0,16897.19,1,1,0,0.4666,125.0,58.32,0.0,0.025,3.15,0.0
15752139,2,8,4,3,36,682,5,72373.62,36895.99,0,1,0,0.1552,2371.21,368.01,1.9615,0.1389,1.75,36186.81
15768295,1,29,1,3,34,778,7,109564.1,113046.81,1,0,0,0.1991,3361.92,669.36,0.9692,0.2059,3.05,109564.1
15766906,1,24,4,3,25,742,4,132116.13,129933.5,0,1,0,0.152,4163.48,632.85,1.0168,0.16,1.6,66058.06
15725776,2,2,1,2,24,649,7,101195.23,133091.32,0,0,0,0.5082,3110.86,1580.94,0.7603,0.2917,1.05,101195.23
15682576,1,19,3,3,67,763,1,149436.73,106282.74,1,0,0,0.3389,4633.1,1570.16,1.406,0.0149,2.15,74718.37
15704081,2,7,4,3,30,595,9,130682.11,57862.88,1,1,0,0.0906,4120.46,373.31,2.2584,0.3,4.35,65341.06
15719940,2,32,3,1,51,628,10,115280.49,12628.61,0,0,1,0.8884,3608.41,3205.71,9.1278,0.1961,1.5,57640.24
15672894,1,27,3,3,36,625,8,129944.39,198914.8,0,0,0,0.2059,4048.33,833.55,0.6533,0.2222,1.2,64972.2
15667451,1,8,4,3,36,733,5,0.0,109127.54,1,1,0,0.0361,200.0,7.22,0.0,0.1389,3.75,0.0
15636767,3,27,2,2,32,665,10,0.0,22487.45,1,1,0,0.3621,125.0,45.26,0.0,0.3125,4.5,0.0
15571415,2,15,2,1,56,805,6,151802.29,46791.09,0,1,1,0.9462,4679.07,4427.34,3.2442,0.1071,1.9,151802.29
15575605,1,8,4,3,38,725,6,0.0,158697.28,1,1,0,0.034,200.0,6.8,0.0,0.1579,3.9,0.0
15649160,1,26,2,3,38,554,3,138731.95,194138.36,1,1,0,0.3279,4286.96,1405.69,0.7146,0.0789,3.45,138731.95
15615832,3,28,1,3,35,675,8,155621.08,35177.31,1,0,0,0.1358,4743.63,644.18,4.4238,0.2286,3.2,155621.08
15600975,1,31,2,1,54,556,4,150005.38,157015.5,0,1,1,0.9559,4625.16,4421.19,0.9553,0.0741,1.6,150005.38
15690772,3,32,4,3,48,635,2,0.0,136551.25,1,1,0,0.2151,200.0,43.02,0.0,0.0417,3.3,0.0
15565714,1,12,3,2,47,601,1,64430.06,96517.97,1,0,0,0.5588,2082.9,1163.92,0.6675,0.0213,2.15,32215.03
15763108,2,12,2,1,53,600,7,106261.63,93629.66,0,1,1,0.9425,3312.85,3122.36,1.1349,0.1321,2.05,106261.63
15723884,3,9,3,3,40,758,3,0.0,96097.65,0,0,0,0.0557,150.0,8.36,0.0,0.075,0.45,0.0
15644453,2,27,2,1,41,606,4,132670.53,156476.36,0,1,1,0.8087,4105.12,3319.81,0.8479,0.0976,1.6,132670.53
15655464,1,37,1,2,67,640,3,0.0,42964.63,1,0,0,0.4809,75.0,36.07,0.0,0.0448,2.45,0.0
15783883,2,29,2,1,38,753,1,117314.92,122021.33,0,1,1,0.8026,3644.45,2925.04,0.9614,0.0263,1.15,117314.92
15787693,3,6,2,2,38,559,3,145874.35,56311.39,0,1,1,0.4105,4501.23,1847.75,2.5904,0.0789,1.45,145874.35
15664793,3,34,3,1,50,754,7,146777.44,150685.52,1,0,0,0.6688,4553.32,3045.26,0.9741,0.14,3.05,73388.72
15642391,2,12,1,1,51,621,4,109978.83,177740.58,0,0,1,0.9584,3374.36,3233.99,0.6188,0.0784,0.6,109978.83
15756538,1,27,1,2,37,654,5,0.0,71492.28,1,0,0,0.4998,75.0,37.48,0.0,0.1351,2.75,0.0
15668830,3,2,2,3,24,650,8,108881.73,104492.83,0,1,0,0.2873,3391.45,974.36,1.042,0.3333,2.2,108881.73
15796569,3,30,1,2,44,831,10,0.0,47729.33,1,0,0,0.4864,75.0,36.48,0.0,0.2273,3.5,0.0
15677112,1,6,4,3,39,519,2,112957.26,97593.16,0,1,0,0.2739,3588.72,982.95,1.1574,0.0513,1.3,56478.63
15815040,2,26,1,1,42,552,8,103362.14,186869.58,1,0,1,0.7424,3175.86,2357.76,0.5531,0.1905,3.2,103362.14
15590434,3,6,1,2,41,577,4,89015.61,135227.23,1,0,0,0.3719,2745.47,1021.04,0.6583,0.0976,2.6,89015.61
15597536,3,11,1,1,45,576,5,133618.01,135244.87,0,0,0,0.6501,4083.54,2654.71,0.988,0.1111,0.75,133618.01
15723989,1,7,4,3,40,646,5,93680.43,179473.26,1,1,0,0.1724,3010.41,518.99,0.522,0.125,3.75,46840.22
15767358,2,33,4,1,45,711,1,97486.15,50610.62,0,1,0,0.7645,3124.58,2388.74,1.9262,0.0222,1.15,48743.08
15594812,3,30,3,3,37,806,2,137794.18,75232.02,1,0,0,0.2507,4283.83,1073.96,1.8316,0.0541,2.3,68897.09
15688210,1,28,1,2,39,670,8,101928.51,89205.54,0,0,0,0.4422,3132.86,1385.35,1.1426,0.2051,1.2,101928.51
15681509,3,23,3,3,28,679,9,0.0,61761.77,1,0,0,0.059,150.0,8.85,0.0,0.3214,3.35,0.0
15572390,3,30,4,3,39,850,6,0.0,103921.43,0,1,0,0.1183,200.0,23.66,0.0,0.1538,1.9,0.0
15801441,2,28,1,2,35,670,2,79585.96,198802.9,1,0,0,0.4225,2462.58,1040.44,0.4003,0.0571,2.3,79585.96
15783859,1,23,2,3,24,733,3,161884.99,9617.24,1,1,0,0.1265,4981.55,630.17,16.831,0.125,3.45,161884.99
15575243,1,29,4,3,39,764,1,129068.54,187905.12,1,1,0,0.2337,4072.06,951.64,0.6869,0.0256,3.15,64534.27
15773421,1,28,4,3,42,673,4,0.0,121440.8,0,1,0,0.1712,200.0,34.24,0.0,0.0952,1.6,0.0
15788776,2,12,6,1,49,588,6,132623.76,36292.94,0,1,1,0.9853,4253.71,4191.18,3.6542,0.1224,1.9,44207.92
15765257,3,6,2,3,31,564,5,121461.87,20432.09,1,1,1,0.2481,3768.86,935.05,5.9444,0.1613,3.75,121461.87
15661412,1,8,2,3,32,715,8,175307.32,187051.23,0,1,0,0.2994,5384.22,1612.04,0.9372,0.25,2.2,175307.32
15636478,1,7,2,3,31,621,7,136658.61,148689.13,1,1,0,0.0851,4224.76,359.53,0.9191,0.2258,4.05,136658.61
15603683,3,24,3,3,23,796,3,146584.19,125445.8,0,0,0,0.1713,4547.53,778.99,1.1685,0.1304,0.45,73292.1
15651868,1,8,1,2,34,672,6,0.0,22736.06,0,0,0,0.4689,75.0,35.17,0.0,0.1765,0.9,0.0
15815443,3,31,2,1,46,527,10,131414.76,54947.51,0,1,0,0.7331,4067.44,2981.84,2.3916,0.2174,2.5,131414.76
15682686,1,28,3,3,38,722,3,0.0,167984.72,1,0,0,0.1336,150.0,20.04,0.0,0.0789,2.45,0.0
15697460,2,7,3,3,34,596,4,99441.21,4802.27,1,0,0,0.126,3133.24,394.79,20.7028,0.1176,2.6,49720.6
15748432,1,29,4,3,32,746,4,0.0,72909.75,1,1,0,0.0796,200.0,15.92,0.0,0.125,3.6,0.0
15698271,1,21,4,3,26,523,4,0.0,185488.81,0,1,0,0.1014,200.0,20.28,0.0,0.1538,1.6,0.0
15808662,1,7,4,3,44,624,3,0.0,88407.51,0,1,0,0.1902,200.0,38.04,0.0,0.0682,1.45,0.0
15690372,3,6,4,3,38,553,1,181110.13,184544.59,0,1,0,0.2808,5633.3,1581.83,0.9814,0.0263,1.15,90555.06
15781875,3,10,4,3,33,850,3,100476.46,136539.13,1,1,0,0.0541,3214.29,173.89,0.7359,0.0909,3.45,50238.23
15801473,2,7,4,3,33,599,2,51949.95,85045.92,0,1,0,0.1394,1758.5,245.13,0.6108,0.0606,1.3,25974.98
15704509,1,6,1,3,35,492,8,121063.49,85421.48,0,0,0,0.2305,3706.9,854.44,1.4172,0.2286,1.2,121063.49
15694666,3,13,2,2,48,707,8,88441.64,119903.2,1,1,1,0.4378,2778.25,1216.32,0.7376,0.1667,4.2,88441.64
15731166,1,29,2,3,30,743,1,127023.39,138780.89,1,1,0,0.1091,3935.7,429.38,0.9153,0.0333,3.15,127023.39
15728523,1,6,2,3,41,522,5,144147.68,14789.9,1,1,0,0.3271,4449.43,1455.41,9.7457,0.122,3.75,144147.68
15788442,3,33,1,1,57,681,2,173306.13,131964.66,1,0,0,0.6559,5274.18,3459.33,1.3133,0.0351,2.3,173306.13
15689781,1,35,1,1,49,826,0,0.0,178709.98,0,0,1,0.9234,75.0,69.26,0.0,0.0,0.0,0.0
15764226,2,22,2,2,28,630,8,106425.75,20344.84,1,1,0,0.5469,3317.77,1814.49,5.2308,0.2857,4.2,106425.75
15809837,2,36,4,2,66,430,6,135392.31,172852.06,1,1,1,0.5331,4261.77,2271.95,0.7833,0.0909,3.9,67696.16
15805212,1,40,3,3,67,806,1,0.0,103945.58,1,0,0,0.1213,150.0,18.2,0.0,0.0149,2.15,0.0
15716082,3,8,1,2,39,703,6,152685.4,183656.12,0,0,0,0.3633,4655.56,1691.36,0.8314,0.1538,0.9,152685.4
15643056,2,29,1,2,38,755,1,82083.52,10333.78,1,0,0,0.5229,2537.51,1326.86,7.9425,0.0263,2.15,82083.52
15654859,3,37,4,1,63,612,2,131629.17,122109.58,0,1,1,0.893,4148.88,3704.95,1.078,0.0317,1.3,65814.59
15761158,1,33,4,3,54,719,7,0.0,125041.52,1,1,0,0.1915,200.0,38.3,0.0,0.1296,4.05,0.0
15577515,2,31,1,1,55,554,0,108477.27,140003.0,1,0,1,0.8883,3329.32,2957.43,0.7748,0.0,2.0,108477.27
15723827,1,8,1,3,30,683,4,114779.35,183171.47,0,0,0,0.2219,3518.38,780.73,0.6266,0.1333,0.6,114779.35
15646594,1,9,2,3,41,749,5,57568.94,61128.29,1,1,0,0.3385,1852.07,626.93,0.9418,0.122,3.75,57568.94
15712877,3,8,4,3,36,724,1,0.0,52462.25,0,1,0,0.0688,200.0,13.76,0.0,0.0278,1.15,0.0
15598802,3,9,3,3,30,770,8,0.0,50839.85,1,0,0,0.025,150.0,3.75,0.0,0.2667,3.2,0.0
15699340,1,8,4,3,37,680,4,0.0,61240.87,0,1,0,0.056,200.0,11.2,0.0,0.1081,1.6,0.0
15691150,1,28,2,3,32,699,4,110559.46,127429.56,1,1,0,0.1868,3441.78,642.92,0.8676,0.125,3.6,110559.46
15608688,1,6,4,3,34,442,4,0.0,68343.08,0,1,0,0.0434,200.0,8.68,0.0,0.1176,1.6,0.0
15737998,1,11,1,1,46,529,8,0.0,126511.94,0,0,1,0.8769,75.0,65.77,0.0,0.1739,1.2,0.0
15735837,3,6,4,3,36,574,3,0.0,8559.66,1,1,0,0.0399,200.0,7.98,0.0,0.0833,3.45,0.0
15659100,1,7,1,3,33,605,9,128152.82,147822.81,0,0,0,0.1892,3919.58,741.58,0.8669,0.2727,1.35,128152.82
15609070,2,11,6,1,45,515,7,120961.5,39288.11,1,1,1,0.9795,3903.84,3823.81,3.0788,0.1556,4.05,40320.5
15650313,2,17,2,2,65,632,6,129472.33,85179.48,1,1,0,0.5979,4009.17,2397.08,1.52,0.0923,3.9,129472.33
15627699,1,6,2,3,32,558,10,105000.23,190019.61,0,1,0,0.2598,3275.01,850.85,0.5526,0.3125,2.5,105000.23
15591010,2,11,4,1,55,434,8,109339.17,96405.88,0,1,1,0.9188,3480.18,3197.59,1.1341,0.1455,2.2,54669.58
15798895,1,31,2,1,59,525,6,55328.4,83342.73,0,1,1,0.9211,1784.85,1644.03,0.6639,0.1017,1.9,55328.4
15745375,2,2,2,3,23,640,3,72012.76,161333.13,0,1,0,0.2487,2285.38,568.37,0.4464,0.1304,1.45,72012.76
15775235,1,28,1,2,36,690,6,110480.48,81292.33,0,0,0,0.3661,3389.41,1240.86,1.359,0.1667,0.9,110480.48
15780088,3,7,2,2,34,607,9,132439.99,177747.72,0,1,0,0.4283,4098.2,1755.26,0.7451,0.2647,2.35,132439.99
15649379,1,35,4,3,46,850,3,0.0,187980.21,1,1,0,0.1249,200.0,24.98,0.0,0.0652,3.45,0.0
15713983,2,9,4,3,34,780,5,94108.54,177235.21,0,1,0,0.1015,3023.26,306.86,0.531,0.1471,1.75,47054.27
15709252,2,22,1,2,28,616,10,105173.99,29835.37,1,0,1,0.5565,3230.22,1797.62,3.525,0.3571,3.5,105173.99
15699238,3,27,4,3,40,618,8,0.0,80204.38,0,1,0,0.1824,200.0,36.48,0.0,0.2,2.2,0.0
15732884,1,3,1,3,29,676,7,131959.86,189268.81,0,0,0,0.2278,4033.8,918.9,0.6972,0.2414,1.05,131959.86
15587297,1,6,4,3,33,507,7,0.0,85411.01,1,1,0,0.0365,200.0,7.3,0.0,0.2121,4.05,0.0
15684722,1,6,3,3,34,490,5,122952.9,154360.97,0,0,0,0.1685,3838.59,646.8,0.7965,0.1471,0.75,61476.45
15621244,1,8,2,3,36,678,0,107379.68,84460.18,1,1,0,0.1447,3346.39,484.22,1.2713,0.0,3.0,107379.68
15744273,2,7,4,3,30,637,6,122641.56,65618.01,0,1,0,0.2362,3879.25,916.28,1.869,0.2,1.9,61320.78
15682540,1,27,4,3,33,602,8,0.0,112928.74,1,1,0,0.0856,200.0,17.12,0.0,0.2424,4.2,0.0
15636521,3,29,2,3,30,744,1,124037.28,142210.94,1,1,0,0.1512,3846.12,581.53,0.8722,0.0333,3.15,124037.28
15785339,1,32,3,1,50,640,9,117565.03,82559.77,0,0,0,0.7999,3676.95,2941.19,1.424,0.18,1.35,58782.52
15638983,1,28,1,2,38,684,5,133189.4,127388.06,0,0,0,0.4428,4070.68,1802.5,1.0455,0.1316,0.75,133189.4
15654625,2,6,4,3,39,495,8,120252.02,10160.23,1,1,0,0.1628,3807.56,619.87,11.8344,0.2051,4.2,60126.01
15697310,2,21,1,2,28,559,3,152264.81,64242.31,0,0,0,0.466,4642.94,2163.61,2.3701,0.1071,0.45,152264.81
15678210,1,8,4,3,38,684,5,105069.98,198355.28,1,1,0,0.0657,3352.1,220.23,0.5297,0.1316,3.75,52534.99
15575438,1,7,2,3,42,613,7,115076.06,79323.61,1,1,0,0.2246,3577.28,803.46,1.4507,0.1667,4.05,115076.06
15632789,1,9,4,3,30,794,8,0.0,24113.91,1,1,0,0.0275,200.0,5.5,0.0,0.2667,4.2,0.0
15621423,1,28,5,1,42,736,7,117280.23,41921.06,0,0,1,0.9842,3743.41,3684.26,2.7976,0.1667,1.05,39093.41
15573520,2,13,3,2,49,692,6,110540.43,107472.99,1,0,0,0.5841,3466.21,2024.61,1.0285,0.1224,2.9,55270.22
15740458,3,8,2,3,36,703,7,135095.47,143859.66,0,1,0,0.2286,4177.86,955.06,0.9391,0.1944,2.05,135095.47
15762799,2,3,4,3,23,720,0,187861.18,104120.17,1,1,0,0.112,5835.84,653.61,1.8043,0.0,3.0,93930.59
15686885,2,9,3,2,44,777,3,124655.59,79792.3,1,0,0,0.4473,3889.67,1739.85,1.5622,0.0682,2.45,62327.8
15565996,1,7,4,3,44,653,8,0.0,154639.72,1,1,0,0.0953,200.0,19.06,0.0,0.1818,4.2,0.0
15662152,1,26,1,2,38,552,9,134105.01,57850.1,0,0,0,0.4578,4098.15,1876.13,2.3181,0.2368,1.35,134105.01
15711742,1,28,2,2,34,708,4,0.0,62868.33,1,1,0,0.3686,125.0,46.08,0.0,0.1176,3.6,0.0
15701885,1,27,3,3,40,647,9,0.0,92357.21,1,0,0,0.1575,150.0,23.62,0.0,0.225,3.35,0.0
15774262,2,12,4,3,52,597,8,83693.34,161083.53,1,1,0,0.2567,2710.8,695.86,0.5196,0.1538,4.2,41846.67
15567839,1,6,1,3,42,501,9,114631.23,91429.74,1,0,0,0.2456,3513.94,863.02,1.2537,0.2143,3.35,114631.23
15644400,1,8,2,2,44,709,9,128601.98,117031.2,0,1,0,0.6164,3983.06,2455.16,1.0989,0.2045,2.35,128601.98
15797246,2,27,4,3,34,621,2,91258.52,44857.4,0,1,0,0.1621,2937.76,476.21,2.0344,0.0588,1.3,45629.26
15778290,1,19,2,3,70,799,8,70416.75,36483.52,1,1,0,0.1335,2237.5,298.71,1.93,0.1143,4.2,70416.75
15708714,1,28,4,3,33,675,6,0.0,34045.61,0,1,0,0.0872,200.0,17.44,0.0,0.1818,1.9,0.0
15586183,1,26,4,3,35,561,5,0.0,59981.62,0,1,0,0.1493,200.0,29.86,0.0,0.1429,1.75,0.0
15761733,1,28,4,3,42,707,10,0.0,152944.39,1,1,0,0.3124,200.0,62.48,0.0,0.2381,4.5,0.0
15773934,1,8,2,3,33,670,6,88294.6,66979.06,0,1,0,0.2554,2773.84,708.44,1.3182,0.1818,1.9,88294.6
15705343,3,27,2,2,32,649,7,0.0,28797.32,0,1,0,0.4957,125.0,61.96,0.0,0.2188,2.05,0.0
15593959,1,1,2,3,28,524,1,93577.3,51670.82,1,1,0,0.1145,2932.32,335.75,1.811,0.0357,3.15,93577.3
15664615,2,28,2,2,30,689,5,136650.89,41865.72,1,1,1,0.6062,4224.53,2560.91,3.264,0.1667,3.75,136650.89
15671014,3,36,2,3,72,573,8,98765.84,96015.53,1,1,0,0.1268,3087.98,391.56,1.0286,0.1111,4.2,98765.84
15657778,1,7,3,3,33,657,1,84309.57,103914.4,0,0,0,0.0999,2679.29,267.66,0.8113,0.0303,0.15,42154.78
15585192,3,8,1,2,39,686,10,136258.06,89199.51,0,0,0,0.3667,4162.74,1526.48,1.5275,0.2564,1.5,136258.06
15592914,1,23,4,3,29,683,9,0.0,48849.89,1,1,0,0.0599,200.0,11.98,0.0,0.3103,4.35,0.0
15770995,2,34,2,1,47,753,1,131160.85,197444.69,0,1,0,0.937,4059.83,3804.06,0.6643,0.0213,1.15,131160.85
15570990,3,26,3,2,30,520,4,145222.99,145160.96,0,0,0,0.4471,4506.69,2014.94,1.0004,0.1333,0.6,72611.5
15596165,2,1,4,3,25,547,4,98141.57,52309.8,1,1,0,0.1062,3144.25,333.92,1.8761,0.16,3.6,49070.78
15788131,1,12,2,1,47,653,6,0.0,50695.93,0,1,1,0.8855,125.0,110.69,0.0,0.1277,1.9,0.0
15800773,3,22,2,3,28,648,9,102282.61,157891.11,1,1,0,0.2337,3193.48,746.32,0.6478,0.3214,4.35,102282.61
15690153,1,27,3,2,37,639,4,116121.84,181850.74,1,0,0,0.3601,3633.66,1308.48,0.6386,0.1081,2.6,58060.92
15638989,1,23,1,2,25,711,5,190066.54,51345.39,0,0,1,0.5563,5777.0,3213.75,3.7017,0.2,0.75,190066.54
15623210,2,31,5,1,55,484,8,149349.58,137519.92,0,0,1,0.9942,4705.49,4678.2,1.086,0.1455,1.2,49783.19
15652658,1,8,4,3,36,721,1,155176.83,49653.37,1,1,0,0.1519,4855.3,737.52,3.1251,0.0278,3.15,77588.41
15684440,2,6,2,3,32,548,2,98986.28,55867.38,1,1,0,0.2792,3094.59,864.01,1.7718,0.0625,3.3,98986.28
15730287,1,8,6,1,41,679,8,147726.98,172749.4,0,1,1,0.981,4706.81,4617.38,0.8551,0.1951,2.2,49242.33
15720353,1,6,4,3,41,553,1,0.0,90607.31,0,1,0,0.0712,200.0,14.24,0.0,0.0244,1.15,0.0
15767231,1,9,1,3,36,757,7,144852.06,130861.95,0,0,0,0.3001,4420.56,1326.61,1.1069,0.1944,1.05,144852.06
15761554,1,12,1,1,54,581,4,89299.81,5558.47,0,0,1,0.9138,2753.99,2516.6,16.0626,0.0741,0.6,89299.81
15706637,3,8,3,3,40,718,9,0.0,121537.91,0,0,0,0.1327,150.0,19.9,0.0,0.225,1.35,0.0
15690492,1,7,4,3,41,625,6,97663.16,57128.78,0,1,0,0.2499,3129.89,782.16,1.7095,0.1463,1.9,48831.58
15694237,3,9,2,2,39,744,4,95161.75,19409.77,0,1,0,0.3889,2979.85,1158.86,4.9025,0.1026,1.6,95161.75
15729771,2,9,1,2,31,799,9,154586.92,88604.89,1,0,1,0.4668,4712.61,2199.85,1.7447,0.2903,3.35,154586.92
15609823,3,29,3,3,34,751,8,127095.14,479.54,0,0,0,0.257,3962.85,1018.45,264.484,0.2353,1.2,63547.57
15793366,2,9,4,3,35,781,7,92526.15,173837.54,1,1,0,0.0741,2975.78,220.51,0.5323,0.2,4.05,46263.08
15614813,2,34,2,1,46,777,0,107362.8,487.3,0,1,0,0.912,3345.88,3051.44,219.8706,0.0,1.0,107362.8
15566495,3,23,2,2,24,704,2,0.0,35600.25,0,1,1,0.5109,125.0,63.86,0.0,0.0833,1.3,0.0
15707602,1,31,4,2,47,539,2,127286.04,166929.43,1,1,1,0.6264,4018.58,2517.24,0.7625,0.0426,3.3,63643.02
15635244,1,23,4,3,29,716,6,0.0,98998.61,1,1,0,0.0867,200.0,17.34,0.0,0.2069,3.9,0.0
15805627,1,8,4,3,37,670,2,0.0,54229.74,1,1,0,0.0392,200.0,7.84,0.0,0.0541,3.3,0.0
15607986,1,6,2,3,40,555,10,139930.18,105720.09,1,1,0,0.1357,4322.91,586.62,1.3236,0.25,4.5,139930.18
15799785,2,28,2,3,30,679,4,77949.69,121151.46,1,1,0,0.2529,2463.49,623.02,0.6434,0.1333,3.6,77949.69
15699963,1,6,2,3,38,571,1,121405.04,154844.22,1,1,0,0.1914,3767.15,721.03,0.784,0.0263,3.15,121405.04
15624595,3,26,2,3,35,512,5,124580.69,18785.48,1,1,0,0.2348,3862.42,906.9,6.6314,0.1429,3.75,124580.69
15629750,1,8,2,3,35,697,5,133087.76,64771.61,0,1,0,0.3256,4117.63,1340.7,2.0547,0.1429,1.75,133087.76
15651460,3,6,2,2,34,424,7,0.0,16250.61,1,1,0,0.3998,125.0,49.98,0.0,0.2059,4.05,0.0
15753550,1,28,4,3,43,684,7,0.0,131093.99,0,1,0,0.2484,200.0,49.68,0.0,0.1628,2.05,0.0
15594133,3,18,2,1,62,697,7,0.0,129188.18,0,1,1,0.938,125.0,117.25,0.0,0.1129,2.05,0.0
15772329,2,12,2,1,45,580,8,103741.14,47428.73,0,1,1,0.9013,3237.23,2917.72,2.1873,0.1778,2.2,103741.14
15591552,1,27,2,3,32,600,7,98877.95,132973.21,0,1,0,0.28,3091.34,865.58,0.7436,0.2188,2.05,98877.95
15750921,1,6,4,3,37,521,5,105843.26,84908.2,1,1,0,0.1749,3375.3,590.34,1.2465,0.1351,3.75,52921.63
15701687,3,7,5,1,44,664,7,77526.66,57338.56,0,0,1,0.983,2550.8,2507.44,1.3521,0.1591,1.05,25842.22
15728906,1,17,4,3,77,634,5,0.0,161579.85,1,1,0,0.0144,200.0,2.88,0.0,0.0649,3.75,0.0
15670029,1,26,4,3,33,445,7,0.0,122625.68,0,1,0,0.0929,200.0,18.58,0.0,0.2121,2.05,0.0
15763579,2,28,4,3,36,702,2,105264.88,52909.87,1,1,0,0.2667,3357.95,895.57,1.9895,0.0556,3.3,52632.44
15728010,1,6,3,3,37,485,5,0.0,170226.47,1,0,0,0.0476,150.0,7.14,0.0,0.1351,2.75,0.0
15663194,2,27,2,1,40,582,3,110150.43,191757.65,1,1,1,0.7373,3429.51,2528.58,0.5744,0.075,3.45,110150.43
15736510,3,32,6,1,57,605,2,0.0,66652.75,0,1,1,0.9874,275.0,271.54,0.0,0.0351,1.3,0.0
15745804,1,2,4,3,25,628,7,0.0,195977.75,1,1,0,0.0259,200.0,5.18,0.0,0.28,4.05,0.0
15631451,3,22,4,3,28,604,6,0.0,69056.26,1,1,0,0.0912,200.0,18.24,0.0,0.2143,3.9,0.0
15746995,2,8,2,2,31,724,9,138166.3,12920.43,0,1,0,0.5045,4269.99,2154.21,10.6928,0.2903,2.35,138166.3
15730673,2,6,2,1,40,567,7,122265.24,138552.74,0,1,0,0.7543,3792.96,2861.03,0.8824,0.175,2.05,122265.24
15734649,3,34,2,1,55,779,0,133295.98,22832.71,0,1,1,0.9332,4123.88,3848.4,5.8377,0.0,1.0,133295.98
15701081,1,9,1,2,36,785,2,0.0,61811.1,1,0,0,0.3936,75.0,29.52,0.0,0.0556,2.3,0.0
15632503,1,26,2,3,32,563,0,148326.09,191604.27,0,1,1,0.3306,4574.78,1512.42,0.7741,0.0,1.0,148326.09
15585928,2,30,2,3,31,821,2,68927.57,25445.0,1,1,0,0.2992,2192.83,656.09,2.7088,0.0645,3.3,68927.57
15648681,1,34,7,1,47,747,5,139914.6,129964.56,1,0,1,0.9929,4497.44,4465.51,1.0766,0.1064,2.75,34978.65
15747757,2,32,1,1,58,600,8,118723.11,6209.51,0,0,1,0.9704,3636.69,3529.04,19.1165,0.1379,1.2,118723.11
15718921,3,7,2,3,32,625,7,106957.28,134794.02,1,1,0,0.1201,3333.72,400.38,0.7935,0.2188,4.05,106957.28
15571081,1,29,2,2,41,773,7,190238.93,57549.65,1,1,0,0.5061,5832.17,2951.66,3.3056,0.1707,4.05,190238.93
15734578,1,33,1,1,53,726,1,113537.73,28367.21,1,0,0,0.7756,3481.13,2699.96,4.0023,0.0189,2.15,113537.73
15579583,3,27,2,3,40,641,4,101090.27,51703.09,1,1,0,0.3018,3157.71,953.0,1.9552,0.1,3.6,101090.27
15622729,1,32,4,3,46,649,2,0.0,66602.7,1,1,0,0.1467,200.0,29.34,0.0,0.0435,3.3,0.0
15662189,3,6,2,3,33,434,3,0.0,2739.71,1,1,0,0.3212,125.0,40.15,0.0,0.0909,3.45,0.0
15692718,1,28,3,3,38,738,7,0.0,69227.42,0,0,0,0.1937,150.0,29.06,0.0,0.1842,1.05,0.0
15762716,3,39,2,1,60,762,10,168920.75,31445.03,0,1,1,0.908,5192.62,4714.9,5.3718,0.1667,2.5,168920.75
15724851,2,6,2,2,31,507,9,111589.67,150037.19,0,1,0,0.4573,3472.69,1588.06,0.7437,0.2903,2.35,111589.67
15587266,2,22,1,3,27,606,6,172310.33,111448.92,1,0,0,0.2866,5244.31,1503.02,1.5461,0.2222,2.9,172310.33
15675926,2,7,2,2,34,655,7,118028.35,51226.32,0,1,1,0.6424,3665.85,2354.94,2.304,0.2059,2.05,118028.35
15706268,2,13,2,1,51,697,1,147910.3,53581.14,1,1,0,0.7936,4562.31,3620.65,2.7604,0.0196,3.15,147910.3
15581871,2,6,4,3,42,504,7,131287.36,149697.78,1,1,0,0.1935,4138.62,800.82,0.877,0.1667,4.05,65643.68
15666166,1,37,2,3,74,653,0,121276.32,160348.31,1,1,0,0.0731,3763.29,275.1,0.7563,0.0,3.0,121276.32
15671582,3,7,2,3,38,660,6,109869.32,154641.91,1,1,0,0.201,3421.08,687.64,0.7105,0.1579,3.9,109869.32
15680901,1,27,4,3,34,652,6,97435.85,104331.76,1,1,0,0.1582,3123.08,494.07,0.9339,0.1765,3.9,48717.92
15642336,1,27,3,3,42,669,9,0.0,135630.32,0,0,0,0.3263,150.0,48.94,0.0,0.2143,1.35,0.0
15653147,1,7,2,3,35,594,2,133853.27,65361.66,1,1,0,0.1812,4140.6,750.28,2.0479,0.0571,3.3,133853.27
15571284,2,9,4,3,32,756,0,109528.16,56176.31,1,1,0,0.2571,3485.84,896.21,1.9497,0.0,3.0,54764.08
15591360,1,27,3,3,33,642,4,84607.34,60059.47,1,0,0,0.1428,2688.22,383.88,1.4087,0.1212,2.6,42303.67
15810485,2,6,1,2,37,486,1,101438.0,51364.56,0,0,0,0.5608,3118.14,1748.65,1.9748,0.027,0.15,101438.0
15611973,1,15,4,3,55,804,7,0.0,118752.6,1,1,0,0.091,200.0,18.2,0.0,0.1273,4.05,0.0
15735572,1,12,2,2,59,629,9,113657.83,116848.79,1,1,1,0.5591,3534.73,1976.27,0.9727,0.1525,4.35,113657.83
15567860,3,27,4,2,44,581,7,189318.16,45026.23,0,1,1,0.5678,5879.54,3338.4,4.2045,0.1591,2.05,94659.08
15795690,1,7,2,3,31,667,3,99513.91,189657.26,1,1,0,0.1677,3110.42,521.62,0.5247,0.0968,3.45,99513.91
15706464,3,7,3,3,35,667,4,97585.32,57213.46,0,0,0,0.1934,3077.56,595.2,1.7056,0.1143,0.6,48792.66
15725028,1,3,4,3,29,679,3,0.0,63687.06,1,1,0,0.0306,200.0,6.12,0.0,0.1034,3.45,0.0
15751167,1,28,4,3,43,680,4,0.0,58761.33,1,1,0,0.1566,200.0,31.32,0.0,0.093,3.6,0.0
15633944,3,7,2,3,32,644,3,136659.74,14187.78,1,1,0,0.2135,4224.79,901.99,9.6315,0.0938,3.45,136659.74
15672637,1,26,2,3,30,571,4,85755.86,145115.95,0,1,0,0.3317,2697.68,894.82,0.5909,0.1333,1.6,85755.86
15680895,3,27,2,2,35,627,7,0.0,187718.26,0,1,0,0.6368,125.0,79.6,0.0,0.2,2.05,0.0
15793825,1,6,4,3,39,536,4,0.0,27150.35,0,1,0,0.069,200.0,13.8,0.0,0.1026,1.6,0.0
15611318,3,7,2,2,33,599,4,51690.89,111622.76,0,1,1,0.4287,1675.73,718.39,0.4631,0.1212,1.6,51690.89
15768474,3,9,4,3,34,744,3,0.0,27244.35,0,1,0,0.0568,200.0,11.36,0.0,0.0882,1.45,0.0
15716276,1,28,2,3,34,709,2,111669.68,57029.66,0,1,0,0.3059,3475.09,1063.03,1.9581,0.0588,1.3,111669.68
15623668,2,7,3,3,31,653,2,154741.45,25183.01,0,0,0,0.1578,4792.24,756.22,6.1444,0.0645,0.3,77370.73
15696361,2,7,1,2,31,648,7,125681.51,129980.93,1,0,0,0.4064,3845.45,1562.79,0.9669,0.2258,3.05,125681.51
15607988,2,27,2,2,37,663,8,155303.71,118716.63,0,1,0,0.5479,4784.11,2621.21,1.3082,0.2162,2.2,155303.71
15637891,2,27,1,1,43,613,4,140681.68,20134.07,1,0,0,0.792,4295.45,3402.0,6.9869,0.093,2.6,140681.68
15789865,1,2,1,3,28,620,9,71902.52,190208.23,1,0,0,0.1641,2232.08,366.28,0.378,0.3214,3.35,71902.52
15627190,1,12,2,2,51,661,6,146606.6,68021.9,1,1,0,0.5335,4523.2,2413.13,2.1553,0.1176,3.9,146606.6
15788224,2,12,1,1,45,669,1,123949.75,110881.56,0,0,0,0.9014,3793.49,3419.45,1.1178,0.0222,0.15,123949.75
15702149,2,29,2,3,33,767,1,144753.21,132480.75,1,1,0,0.3297,4467.6,1472.97,1.0926,0.0303,3.15,144753.21
15708236,1,36,2,3,72,491,6,91285.22,7032.95,1,1,0,0.1329,2863.56,380.57,12.9778,0.0833,3.9,91285.22
15568469,1,7,4,3,43,653,0,0.0,27862.58,0,1,0,0.2483,200.0,49.66,0.0,0.0,1.0,0.0
15764444,2,13,4,3,58,679,8,125850.53,87008.17,1,1,0,0.3468,3975.52,1378.71,1.4464,0.1379,4.2,62925.26
15794204,1,3,2,3,28,687,7,108116.66,27411.19,1,1,0,0.124,3368.5,417.69,3.9441,0.25,4.05,108116.66
15807546,1,30,4,3,38,837,2,0.0,46395.21,1,1,0,0.0482,200.0,9.64,0.0,0.0526,3.3,0.0
15782159,1,5,4,3,28,850,8,67639.56,194245.29,1,1,0,0.0188,2229.19,41.91,0.3482,0.2857,4.2,33819.78
15618703,3,32,1,1,53,663,6,150200.23,151317.27,1,0,1,0.7871,4581.01,3605.71,0.9926,0.1132,2.9,150200.23
15793317,3,21,2,3,22,547,7,141287.15,118142.79,0,1,0,0.335,4363.61,1461.81,1.1959,0.3182,2.05,141287.15
15740487,1,27,6,1,41,627,6,0.0,138700.75,1,1,1,0.9134,275.0,251.18,0.0,0.1463,3.9,0.0
15722479,1,8,3,3,37,707,1,0.0,6035.51,1,0,0,0.0427,150.0,6.4,0.0,0.027,2.15,0.0
15688264,1,27,4,2,43,629,0,0.0,41263.69,1,1,0,0.4331,200.0,86.62,0.0,0.0,3.0,0.0
15583067,1,28,1,3,36,687,4,97157.96,63185.05,1,0,0,0.2353,2989.74,703.49,1.5376,0.1111,2.6,97157.96
15686670,1,27,4,3,36,588,2,0.0,92536.0,0,1,1,0.2429,200.0,48.58,0.0,0.0556,1.3,0.0
15593345,2,26,4,3,33,502,6,125241.17,158736.07,1,1,0,0.231,3957.24,914.12,0.789,0.1818,3.9,62620.58
15811690,2,14,1,1,54,793,2,128966.13,18633.4,0,0,1,0.9564,3943.98,3772.02,6.9209,0.037,0.3,128966.13
15734008,2,13,2,1,59,727,5,152581.06,71830.1,0,1,1,0.9525,4702.43,4479.06,2.1242,0.0847,1.75,152581.06
15771856,3,27,4,3,32,632,1,0.0,19525.65,0,1,0,0.1073,200.0,21.46,0.0,0.0312,1.15,0.0
15762045,2,26,4,3,37,474,5,142688.57,110953.33,1,1,0,0.2431,4480.66,1089.25,1.286,0.1351,3.75,71344.28
15778142,2,30,4,3,31,850,1,130089.56,4466.21,1,1,0,0.0635,4102.69,260.52,29.121,0.0323,3.15,65044.78
15689268,1,7,2,3,36,584,9,0.0,105818.51,1,1,0,0.2308,125.0,28.85,0.0,0.25,4.35,0.0
15721507,1,28,1,3,32,713,1,117094.02,149558.83,0,0,1,0.1945,3587.82,697.83,0.7829,0.0312,0.15,117094.02
15750476,3,4,4,3,24,742,8,0.0,4070.28,0,1,0,0.0305,200.0,6.1,0.0,0.3333,2.2,0.0
15810723,1,27,6,1,39,607,10,0.0,132741.13,0,1,1,0.894,275.0,245.85,0.0,0.2564,2.5,0.0
15787229,3,29,4,3,34,761,2,0.0,61251.25,0,1,0,0.1392,200.0,27.84,0.0,0.0588,1.3,0.0
15570508,1,12,2,1,49,600,7,90218.9,91347.76,0,1,0,0.7035,2831.57,1992.01,0.9876,0.1429,2.05,90218.9
15617065,3,7,2,1,42,650,4,194532.66,171045.31,0,1,1,0.7147,5960.98,4260.31,1.1373,0.0952,1.6,194532.66
15689786,2,15,1,1,56,850,1,169743.83,155850.4,0,0,1,0.9349,5167.31,4830.92,1.0891,0.0179,0.15,169743.83
15648876,1,26,2,2,34,501,5,0.0,27380.99,0,1,0,0.519,125.0,64.88,0.0,0.1471,1.75,0.0
15802106,1,6,2,2,34,418,8,155973.88,154208.96,0,1,0,0.4093,4804.22,1966.37,1.0114,0.2353,2.2,155973.88
15773869,3,14,2,2,59,797,4,129321.44,93624.55,1,1,0,0.4499,4004.64,1801.69,1.3813,0.0678,3.6,129321.44
15711635,2,29,4,2,42,788,6,138650.49,64746.07,0,1,0,0.3851,4359.51,1678.85,2.1414,0.1429,1.9,69325.24
15795527,3,8,4,2,43,699,2,136487.86,82815.93,0,1,0,0.3991,4294.64,1713.99,1.6481,0.0465,1.3,68243.93
15759133,1,2,4,3,18,616,6,0.0,27308.58,1,1,0,0.017,200.0,3.4,0.0,0.3333,3.9,0.0
15679394,1,27,2,2,41,651,4,38617.2,104876.8,1,1,0,0.5001,1283.52,641.89,0.3682,0.0976,3.6,38617.2
15801072,1,22,4,3,28,654,7,0.0,151316.37,0,1,0,0.1027,200.0,20.54,0.0,0.25,2.05,0.0
15646082,1,28,2,3,34,676,8,82909.14,91817.38,0,1,1,0.3443,2612.27,899.4,0.903,0.2353,2.2,82909.14
15796111,2,33,1,1,54,708,8,145151.4,125311.17,1,0,1,0.872,4429.54,3862.56,1.1583,0.1481,3.2,145151.4
15670646,3,26,2,2,42,499,0,147187.84,14868.94,1,1,1,0.4852,4540.64,2203.12,9.8983,0.0,3.0,147187.84
15578722,1,8,4,3,39,689,4,0.0,196112.45,0,1,0,0.056,200.0,11.2,0.0,0.1026,1.6,0.0
15815095,3,15,3,1,54,850,7,108185.81,24093.4,0,0,1,0.9151,3395.57,3107.29,4.4901,0.1296,1.05,54092.9
15730360,1,6,4,3,30,502,4,0.0,66263.87,1,1,0,0.0382,200.0,7.64,0.0,0.1333,3.6,0.0
15763194,1,7,3,3,34,643,7,0.0,100304.13,1,0,0,0.0446,150.0,6.69,0.0,0.2059,3.05,0.0
15720725,1,4,4,3,28,762,2,0.0,167909.52,0,1,0,0.0462,200.0,9.24,0.0,0.0714,1.3,0.0
15567834,1,13,2,2,49,719,5,105918.1,16246.59,1,1,0,0.5622,3302.54,1856.69,6.519,0.102,3.75,105918.1
15720644,1,4,4,3,27,789,6,0.0,103603.65,0,1,0,0.0466,200.0,9.32,0.0,0.2222,1.9,0.0
15811742,3,6,4,3,42,553,7,0.0,7680.23,0,1,0,0.072,200.0,14.4,0.0,0.1667,2.05,0.0
15813363,3,1,3,3,25,448,2,0.0,95215.73,0,0,0,0.0477,150.0,7.16,0.0,0.08,0.3,0.0
15717629,2,7,3,3,42,632,6,59972.26,148172.94,1,0,0,0.1189,1949.17,231.76,0.4047,0.1429,2.9,29986.13
15713160,3,2,4,3,25,669,7,157228.61,124382.9,0,1,0,0.1122,4916.86,551.67,1.2641,0.28,2.05,78614.3
15568878,3,7,4,3,34,654,5,0.0,159311.46,0,1,0,0.0395,200.0,7.9,0.0,0.1471,1.75,0.0
15809800,1,28,3,3,38,726,4,0.0,6787.48,0,0,0,0.176,150.0,26.4,0.0,0.1053,0.6,0.0
15736420,1,2,3,3,21,596,4,210433.08,197297.77,1,0,1,0.0929,6462.99,600.41,1.0666,0.1905,2.6,105216.54
15757933,2,28,2,2,30,733,1,102452.71,21556.95,0,1,0,0.5232,3198.58,1673.5,4.7524,0.0333,1.15,102452.71
15623072,3,26,4,3,35,529,5,0.0,56518.0,0,1,0,0.1526,200.0,30.52,0.0,0.1429,1.75,0.0
15683993,1,26,4,2,37,493,8,142987.46,158840.99,0,1,0,0.4274,4489.62,1918.86,0.9002,0.2162,2.2,71493.73
15570947,3,22,4,3,29,615,7,143330.56,126396.01,1,1,0,0.2215,4499.92,996.73,1.134,0.2414,4.05,71665.28
15797767,1,32,1,1,49,600,6,0.0,148087.88,1,0,1,0.9083,75.0,68.12,0.0,0.1224,2.9,0.0
15731989,1,7,4,3,36,666,4,120165.4,33701.5,0,1,0,0.2162,3804.96,822.63,3.5655,0.1111,1.6,60082.7
15591035,3,12,1,1,54,644,6,0.0,84622.37,1,0,0,0.8214,75.0,61.6,0.0,0.1111,2.9,0.0
15586479,1,28,2,2,36,692,4,0.0,185580.89,0,1,1,0.6243,125.0,78.04,0.0,0.1111,1.6,0.0
15605872,1,18,2,3,73,707,6,66573.17,62768.8,1,1,0,0.0364,2122.2,77.25,1.0606,0.0822,3.9,66573.17
15666012,1,7,4,3,40,603,4,102833.46,38829.11,1,1,0,0.1752,3285.0,575.53,2.6483,0.1,3.6,51416.73
15641733,1,28,2,3,34,671,5,164757.56,110748.88,0,1,0,0.327,5067.73,1657.15,1.4877,0.1471,1.75,164757.56
15593178,3,26,2,3,36,568,10,153610.61,54083.8,1,1,1,0.182,4733.32,861.46,2.8402,0.2778,4.5,153610.61
15649183,3,27,5,1,35,598,8,0.0,88658.73,1,0,0,0.6965,225.0,156.71,0.0,0.2286,3.2,0.0
15736399,3,7,4,3,42,606,10,0.0,177938.52,0,1,0,0.1104,200.0,22.08,0.0,0.2381,2.5,0.0
15751137,2,30,2,2,36,850,3,169025.83,174235.06,0,1,0,0.5202,5195.77,2702.84,0.9701,0.0833,1.45,169025.83
15757188,3,22,4,3,26,644,4,153455.72,82696.84,1,1,0,0.197,4803.67,946.32,1.8556,0.1538,3.6,76727.86
15726167,1,7,4,3,37,655,4,0.0,142415.97,1,1,0,0.0352,200.0,7.04,0.0,0.1081,3.6,0.0
15624850,1,10,4,3,30,850,10,153972.89,62811.03,0,1,0,0.1365,4819.19,657.82,2.4513,0.3333,2.5,76986.45
15717700,3,8,3,3,34,683,9,114609.55,25339.29,1,0,0,0.1249,3588.29,448.18,4.5228,0.2647,3.35,57304.78
15716347,2,7,3,3,37,663,7,143625.83,176487.05,1,0,0,0.184,4458.77,820.41,0.8138,0.1892,3.05,71812.91
15696287,2,28,2,1,38,682,1,116520.28,49833.5,1,1,1,0.7083,3620.61,2564.48,2.3381,0.0263,3.15,116520.28
15638871,1,17,4,3,77,639,6,80926.02,55829.25,1,1,0,0.0388,2627.78,101.96,1.4495,0.0779,3.9,40463.01
15765093,1,3,2,3,23,704,6,166594.78,155823.2,1,1,0,0.1031,5122.84,528.16,1.0691,0.2609,3.9,166594.78
15592999,1,28,2,2,40,691,0,115465.98,60622.61,1,1,0,0.4279,3588.98,1535.72,1.9046,0.0,3.0,115465.98
15641715,1,7,4,3,34,599,8,0.0,174196.68,1,1,0,0.0228,200.0,4.56,0.0,0.2353,4.2,0.0
15607746,1,26,2,2,36,573,1,0.0,56905.38,1,1,0,0.3647,125.0,45.59,0.0,0.0278,3.15,0.0
15625311,2,27,2,2,41,589,7,92618.62,101178.85,1,1,0,0.5976,2903.56,1735.17,0.9154,0.1707,4.05,92618.62
15573077,2,22,2,2,25,620,8,141825.88,73857.94,1,1,1,0.509,4379.78,2229.31,1.9202,0.32,4.2,141825.88
15735106,3,2,4,3,28,647,6,149594.02,102325.19,0,1,0,0.2363,4687.82,1107.73,1.4619,0.2143,1.9,74797.01
15672912,3,28,3,2,39,737,7,130051.66,55356.39,0,0,1,0.4406,4051.55,1785.11,2.3493,0.1795,1.05,65025.83
15589881,1,27,4,3,41,634,7,0.0,131284.93,1,1,0,0.1355,200.0,27.1,0.0,0.1707,4.05,0.0
15660144,1,7,3,3,38,660,4,0.0,88080.43,0,0,0,0.0591,150.0,8.86,0.0,0.1053,0.6,0.0
15664083,2,27,1,2,37,666,2,158468.76,93266.01,1,0,0,0.4689,4829.06,2264.35,1.6991,0.0541,2.3,158468.76
15690898,1,8,1,2,44,696,8,161889.79,75562.47,0,0,0,0.6047,4931.69,2982.19,2.1424,0.1818,1.2,161889.79
15808023,1,25,2,3,29,836,9,133681.78,153747.73,1,1,0,0.3251,4135.45,1344.43,0.8695,0.3103,4.35,133681.78
15676909,3,27,4,3,34,667,5,0.0,163830.64,0,1,0,0.1303,200.0,26.06,0.0,0.1471,1.75,0.0
15764922,3,2,2,2,20,596,3,187294.46,103456.47,0,1,0,0.3533,5743.83,2029.3,1.8104,0.15,1.45,187294.46
15766734,1,6,2,2,31,430,5,0.0,95655.16,0,1,0,0.439,125.0,54.88,0.0,0.1613,1.75,0.0
15795079,3,17,4,3,67,596,6,0.0,138350.74,1,1,0,0.063,200.0,12.6,0.0,0.0896,3.9,0.0
15757434,1,2,1,3,28,599,7,119706.22,31190.42,0,0,0,0.2372,3666.19,869.62,3.8378,0.25,1.05,119706.22
15673747,1,21,1,3,22,519,8,0.0,167553.06,1,0,0,0.3399,75.0,25.49,0.0,0.3636,3.2,0.0
15808386,2,33,1,1,45,721,7,138523.2,59604.45,0,0,1,0.9222,4230.7,3901.55,2.324,0.1556,1.05,138523.2
15603565,3,32,4,1,56,603,5,90778.76,162223.67,0,1,1,0.9582,2923.36,2801.16,0.5596,0.0893,1.75,45389.38
15744044,2,11,2,1,47,572,4,99353.42,196549.85,0,1,1,0.9393,3105.6,2917.09,0.5055,0.0851,1.6,99353.42
15577771,2,26,2,1,40,453,1,111524.49,120373.84,1,1,1,0.7115,3470.73,2469.42,0.9265,0.025,3.15,111524.49
15769548,1,27,2,3,37,668,7,128645.67,92149.64,0,1,0,0.3482,3984.37,1387.36,1.396,0.1892,2.05,128645.67
15802071,2,9,1,1,35,762,1,117458.51,178361.48,1,0,1,0.6515,3598.76,2344.59,0.6585,0.0286,2.15,117458.51
15677395,1,27,3,2,39,633,9,129189.15,170998.83,0,0,0,0.471,4025.67,1896.09,0.7555,0.2308,1.35,64594.58
15632010,3,7,4,3,33,647,7,121260.19,77216.48,0,1,0,0.248,3837.81,951.78,1.5704,0.2121,2.05,60630.1
15779492,3,14,1,1,56,796,6,94231.13,121164.6,0,0,1,0.9323,2901.93,2705.47,0.7777,0.1071,0.9,94231.13
15694677,1,8,4,3,39,733,1,0.0,141841.31,1,1,0,0.038,200.0,7.6,0.0,0.0256,3.15,0.0
15704315,1,6,2,3,34,556,8,163757.06,104000.06,1,1,0,0.1132,5037.71,570.27,1.5746,0.2353,4.2,163757.06
15742009,3,11,4,3,58,489,4,0.0,191419.32,1,1,0,0.2457,200.0,49.14,0.0,0.069,3.6,0.0
15766663,1,2,4,3,22,639,4,0.0,28188.96,0,1,0,0.0375,200.0,7.5,0.0,0.1818,1.6,0.0
15742297,1,8,2,3,35,715,2,141005.47,60407.93,1,1,0,0.177,4355.16,770.86,2.3342,0.0571,3.3,141005.47
15688059,2,30,4,3,42,807,9,105356.09,130489.37,1,1,0,0.2436,3360.68,818.66,0.8074,0.2143,4.35,52678.04
15752344,3,8,4,3,34,714,5,0.0,193040.32,0,1,0,0.0497,200.0,9.94,0.0,0.1471,1.75,0.0
15698749,2,22,2,2,23,626,6,85897.95,109742.8,0,1,0,0.3768,2701.94,1018.09,0.7827,0.2609,1.9,85897.95
15631693,1,8,4,3,36,697,7,0.0,74760.32,1,1,0,0.0381,200.0,7.62,0.0,0.1944,4.05,0.0
15604536,2,30,1,3,31,850,4,164672.66,61936.1,1,0,0,0.3242,5015.18,1625.92,2.6587,0.129,2.6,164672.66
15802869,2,33,4,2,45,737,2,99169.67,78650.95,1,1,0,0.4642,3175.09,1473.88,1.2609,0.0444,3.3,49584.84
15635598,1,5,3,3,29,812,6,0.0,168023.6,0,0,0,0.0408,150.0,6.12,0.0,0.2069,0.9,0.0
15592326,1,7,3,3,36,583,8,0.0,5571.59,1,0,0,0.0441,150.0,6.62,0.0,0.2222,3.2,0.0
15736533,2,28,2,1,37,730,5,124053.03,118591.67,0,1,0,0.7222,3846.59,2778.01,1.046,0.1351,1.75,124053.03
15647191,1,8,4,3,36,677,4,0.0,7824.31,0,1,0,0.0496,200.0,9.92,0.0,0.1111,1.6,0.0
15622507,2,29,3,2,40,748,3,103499.09,38153.19,0,0,0,0.4101,3254.97,1334.86,2.7127,0.075,0.45,51749.54
15765487,2,29,2,2,38,753,9,151766.71,180829.99,1,1,0,0.5914,4678.0,2766.57,0.8393,0.2368,4.35,151766.71
15646521,3,27,2,2,36,634,1,0.0,143960.72,1,1,0,0.3712,125.0,46.4,0.0,0.0278,3.15,0.0
15746258,1,2,2,3,29,622,7,101486.96,8788.35,1,1,0,0.1119,3169.61,354.68,11.5466,0.2414,4.05,101486.96
15692430,2,8,4,3,36,699,2,123601.56,103557.85,0,1,0,0.2242,3908.05,876.18,1.1935,0.0556,1.3,61800.78
15625501,2,6,2,1,38,570,1,127201.58,147168.28,0,1,1,0.6661,3941.05,2625.13,0.8643,0.0263,1.15,127201.58
15640521,2,6,2,2,33,552,3,144962.74,58844.84,0,1,1,0.615,4473.88,2751.44,2.4634,0.0909,1.45,144962.74
15790630,1,32,1,1,48,619,4,0.0,18094.96,0,0,1,0.9278,75.0,69.58,0.0,0.0833,0.6,0.0
15664720,3,8,1,3,33,714,8,122017.19,162515.17,0,0,0,0.2397,3735.52,895.4,0.7508,0.2424,1.2,122017.19
15750055,3,6,4,3,32,503,9,100262.88,157921.25,1,1,0,0.0809,3207.89,259.52,0.6349,0.2812,4.35,50131.44
15644878,3,28,1,2,43,685,6,117302.62,68701.73,0,0,0,0.6184,3594.08,2222.58,1.7074,0.1395,0.9,117302.62
15754578,1,27,4,3,35,606,0,135984.15,186778.89,0,1,0,0.2628,4279.52,1124.66,0.728,0.0,1.0,67992.08
15705379,1,8,4,3,38,678,3,0.0,66561.6,0,1,0,0.0778,200.0,15.56,0.0,0.0789,1.45,0.0
15761047,2,8,3,3,31,724,2,160997.54,64831.36,1,0,0,0.1734,4979.93,863.52,2.4833,0.0645,2.3,80498.77
15671293,2,29,2,1,37,779,2,128389.63,6589.16,1,1,1,0.6951,3976.69,2764.2,19.482,0.0541,3.3,128389.63
15687527,3,7,4,3,35,638,1,0.0,165370.66,0,1,0,0.0479,200.0,9.58,0.0,0.0286,1.15,0.0
15647898,3,32,6,1,50,610,5,130554.51,184758.17,0,1,1,0.9779,4191.64,4099.0,0.7066,0.1,1.75,43518.17
15671534,2,32,2,1,57,646,6,90212.0,13911.27,0,1,1,0.9663,2831.36,2735.94,6.4843,0.1053,1.9,90212.0
15591248,1,22,2,3,29,628,9,71996.29,34857.46,1,1,0,0.1812,2284.89,414.02,2.0654,0.3103,4.35,71996.29
15676156,1,26,4,3,32,528,4,85615.66,156192.43,0,1,0,0.197,2768.47,545.39,0.5481,0.125,1.6,42807.83
15812918,1,21,3,3,27,432,6,62339.81,53874.67,0,0,0,0.1706,2020.19,344.64,1.1571,0.2222,0.9,31169.9
15604130,3,32,1,1,47,622,6,142319.03,100183.05,0,0,0,0.7599,4344.57,3301.44,1.4206,0.1277,0.9,142319.03
15700549,1,13,4,3,54,721,5,0.0,4493.12,1,1,0,0.1254,200.0,25.08,0.0,0.0926,3.75,0.0
15715519,3,7,4,3,36,614,5,0.0,130610.78,0,1,0,0.0553,200.0,11.06,0.0,0.1389,1.75,0.0
15707042,1,22,2,3,24,634,2,87413.19,63340.65,0,1,0,0.2914,2747.4,800.59,1.38,0.0833,1.3,87413.19
15605276,1,24,4,3,29,742,4,0.0,180066.59,1,1,0,0.0839,200.0,16.78,0.0,0.1379,3.6,0.0
15630592,1,31,2,1,45,516,4,0.0,95273.73,0,1,1,0.8867,125.0,110.84,0.0,0.0889,1.6,0.0
15636626,1,8,2,3,35,718,3,97560.16,53511.74,1,1,0,0.1715,3051.8,523.38,1.8231,0.0857,3.45,97560.16
15740411,2,7,4,3,30,636,8,141787.31,109685.61,1,1,0,0.0563,4453.62,250.74,1.2927,0.2667,4.2,70893.66
15593834,3,8,1,3,36,691,7,129934.64,75664.56,0,0,1,0.299,3973.04,1187.94,1.7172,0.1944,1.05,129934.64
15804235,1,28,4,3,37,698,2,166178.02,71972.95,1,1,0,0.2714,5185.34,1407.3,2.3089,0.0541,3.3,83089.01
15679801,3,28,4,3,39,712,5,163097.55,23702.42,1,1,0,0.2697,5092.93,1373.56,6.8808,0.1282,3.75,81548.77
15673907,1,2,3,3,20,659,8,0.0,112572.02,0,0,0,0.0526,150.0,7.89,0.0,0.4,1.2,0.0
15636562,3,6,3,3,44,573,8,0.0,62424.46,0,0,0,0.2336,150.0,35.04,0.0,0.1818,1.2,0.0
15702571,2,29,6,1,35,778,1,151958.19,131238.37,1,1,1,0.9668,4833.75,4673.27,1.1579,0.0286,3.15,50652.73
15627365,1,13,4,3,46,732,0,0.0,184350.78,1,1,0,0.2628,200.0,52.56,0.0,0.0,3.0,0.0
15748499,2,6,1,2,33,550,4,118400.91,13999.64,1,0,1,0.4797,3627.03,1739.89,8.4568,0.1212,2.6,118400.91
15598614,3,4,4,3,20,790,8,0.0,168152.76,0,1,0,0.02,200.0,4.0,0.0,0.4,2.2,0.0
15668889,2,27,8,1,43,665,2,116322.27,35640.12,0,1,1,0.9958,3839.67,3823.54,3.2637,0.0465,1.3,29080.57
15800049,3,28,2,2,43,728,5,0.0,120088.17,1,1,0,0.5429,125.0,67.86,0.0,0.1163,3.75,0.0
15583724,3,22,4,3,29,645,4,0.0,74346.11,1,1,0,0.0884,200.0,17.68,0.0,0.1379,3.6,0.0
15622083,2,7,4,3,30,647,6,143138.91,2955.46,0,1,0,0.1773,4494.17,796.82,48.4156,0.2,1.9,71569.46
15645571,3,7,3,3,32,596,4,0.0,146504.35,1,0,0,0.0337,150.0,5.06,0.0,0.125,2.6,0.0
15598266,1,7,2,3,40,610,9,0.0,149602.54,1,1,0,0.3236,125.0,40.45,0.0,0.225,4.35,0.0
15667934,1,6,2,3,36,512,0,129804.17,53020.9,0,1,0,0.3399,4019.13,1366.1,2.4481,0.0,1.0,129804.17
15569682,2,9,2,1,37,768,9,108308.11,41788.25,0,1,1,0.6985,3374.24,2356.91,2.5918,0.2432,2.35,108308.11
15772941,2,7,1,2,30,666,3,110153.27,74849.46,1,0,0,0.4032,3379.6,1362.65,1.4716,0.1,2.45,110153.27
15586174,2,28,2,2,30,700,4,116377.48,134417.31,1,1,0,0.5253,3616.32,1899.65,0.8658,0.1333,3.6,116377.48
15803682,2,27,4,3,37,651,10,117791.06,75837.58,1,1,0,0.2751,3733.73,1027.15,1.5532,0.2703,4.5,58895.53
15627328,3,21,4,3,26,542,2,0.0,54869.54,1,1,0,0.0642,200.0,12.84,0.0,0.0769,3.3,0.0
15717065,1,28,2,2,35,686,8,105419.73,35356.46,0,1,0,0.3748,3287.59,1232.19,2.9815,0.2286,2.2,105419.73
15602456,2,35,4,2,47,850,4,99219.47,122141.13,1,1,0,0.4301,3176.58,1366.25,0.8123,0.0851,3.6,49609.74
15721569,2,32,1,1,55,658,8,119327.93,119439.66,1,0,0,0.877,3654.84,3205.29,0.9991,0.1455,3.2,119327.93
15573798,1,26,4,3,36,448,6,83947.12,81999.53,0,1,0,0.3342,2718.41,908.49,1.0237,0.1667,1.9,41973.56
15638272,3,7,2,3,32,609,4,99883.16,120594.85,1,1,0,0.1548,3121.49,483.21,0.8282,0.125,3.6,99883.16
15799859,1,13,2,1,50,704,4,165438.26,120770.75,0,1,1,0.7774,5088.15,3955.53,1.3698,0.08,1.6,165438.26
15599152,1,8,1,3,31,698,1,156111.24,134790.74,0,0,0,0.153,4758.34,728.03,1.1582,0.0323,0.15,156111.24
15737909,1,9,4,2,44,759,2,111095.58,100137.7,0,1,0,0.4004,3532.87,1414.56,1.1094,0.0455,1.3,55547.79
15646190,1,33,1,1,56,677,0,119963.45,158325.87,0,0,1,0.9264,3673.9,3403.5,0.7577,0.0,0.0,119963.45
15711249,3,1,4,3,22,544,4,0.0,70007.67,0,1,0,0.039,200.0,7.8,0.0,0.1818,1.6,0.0
15671987,3,6,2,3,35,567,8,153137.74,88659.07,0,1,0,0.2895,4719.13,1366.19,1.7272,0.2286,2.2,153137.74
15812766,3,6,1,2,40,490,6,156111.08,190889.13,0,0,0,0.4443,4758.33,2114.13,0.8178,0.15,0.9,156111.08
15778589,1,7,4,3,34,626,7,113014.7,56646.28,1,1,0,0.1517,3590.44,544.67,1.9951,0.2059,4.05,56507.35
15750104,2,8,4,2,43,718,5,132615.73,32999.1,0,1,0,0.4345,4178.47,1815.55,4.0186,0.1163,1.75,66307.87
15784526,1,7,1,2,44,616,5,102016.38,178235.37,1,0,1,0.6024,3135.49,1888.82,0.5724,0.1136,2.75,102016.38
15646563,1,29,1,2,35,772,9,0.0,25448.31,1,0,0,0.465,75.0,34.88,0.0,0.2571,3.35,0.0
15744423,1,6,4,3,32,561,5,0.0,84871.99,0,1,0,0.0463,200.0,9.26,0.0,0.1562,1.75,0.0
15593694,1,15,3,3,49,814,8,0.0,157822.54,0,0,0,0.3062,150.0,45.93,0.0,0.1633,1.2,0.0
15785367,1,32,1,1,56,651,4,0.0,84383.22,0,0,1,0.9684,75.0,72.63,0.0,0.0714,0.6,0.0
15687765,2,26,2,1,42,538,4,80380.24,119216.46,0,1,0,0.6987,2536.41,1772.19,0.6742,0.0952,1.6,80380.24
15789014,1,22,2,3,26,600,6,108909.12,82547.01,0,1,0,0.1949,3392.27,661.15,1.3193,0.2308,1.9,108909.12
15703177,1,27,2,3,35,654,2,90865.8,86764.46,1,1,0,0.2194,2850.97,625.5,1.0473,0.0571,3.3,90865.8
15660263,1,7,4,3,40,622,4,99799.76,197372.13,0,1,0,0.0977,3193.99,312.05,0.5056,0.1,1.6,49899.88
15776545,1,3,1,2,28,682,10,200724.96,82872.64,1,0,1,0.5214,6096.75,3178.85,2.4221,0.3571,3.5,200724.96
15683276,3,27,4,3,37,610,10,140363.95,129563.86,1,1,0,0.2599,4410.92,1146.4,1.0833,0.2703,4.5,70181.98
15599272,1,29,2,3,36,795,1,151844.64,135388.89,1,1,0,0.2246,4680.34,1051.2,1.1215,0.0278,3.15,151844.64
15589541,1,21,3,3,27,557,2,0.0,4497.55,1,0,0,0.0522,150.0,7.83,0.0,0.0741,2.3,0.0
15608804,2,15,2,1,49,824,8,133231.48,67885.37,1,1,0,0.757,4121.94,3120.31,1.9626,0.1633,4.2,133231.48
15645820,1,3,4,3,27,698,7,0.0,111471.55,0,1,0,0.0516,200.0,10.32,0.0,0.2593,2.05,0.0
15659031,1,27,4,3,36,630,8,126598.99,134407.93,1,1,0,0.3436,3997.97,1373.7,0.9419,0.2222,4.2,63299.5
15790113,2,37,2,1,71,609,6,113317.1,108258.22,0,1,1,0.9397,3524.51,3311.98,1.0467,0.0845,1.9,113317.1
15652289,1,13,4,3,47,694,4,0.0,197528.62,0,1,0,0.2131,200.0,42.62,0.0,0.0851,1.6,0.0
15605341,1,33,2,2,58,681,8,93173.88,139761.25,1,1,0,0.5671,2920.22,1656.06,0.6667,0.1379,4.2,93173.88
15697844,3,28,2,2,32,721,10,0.0,136119.96,0,1,1,0.4844,125.0,60.55,0.0,0.3125,2.5,0.0
15652048,2,6,4,3,44,563,7,105007.31,197812.16,1,1,0,0.2505,3350.22,839.23,0.5308,0.1591,4.05,52503.66
15587038,3,27,2,2,32,654,2,0.0,51972.92,1,1,1,0.436,125.0,54.5,0.0,0.0625,3.3,0.0
15660528,3,2,4,3,27,659,4,0.0,99341.87,0,1,0,0.0433,200.0,8.66,0.0,0.1481,1.6,0.0
15700300,2,28,1,1,44,674,4,131593.85,171345.02,1,0,1,0.8094,4022.82,3256.07,0.768,0.0909,2.6,131593.85
15642001,2,6,2,1,44,576,9,119530.52,119056.68,0,1,1,0.8613,3710.92,3196.22,1.004,0.2045,2.35,119530.52
15580366,2,11,4,2,54,566,4,118614.6,172601.62,1,1,0,0.5285,3758.44,1986.34,0.6872,0.0741,3.6,59307.3
15657228,2,6,3,3,37,545,9,95829.13,104936.88,1,0,0,0.1906,3024.87,576.54,0.9132,0.2432,3.35,47914.56
15729377,1,9,4,3,36,798,1,0.0,159044.1,1,1,0,0.0229,200.0,4.58,0.0,0.0278,3.15,0.0
15686913,1,9,2,2,38,757,0,0.0,83263.06,0,1,0,0.5627,125.0,70.34,0.0,0.0,1.0,0.0
15631267,1,12,4,2,50,641,6,153590.73,130910.78,1,1,0,0.3909,4807.72,1879.34,1.1732,0.12,3.9,76795.37
15632275,1,3,2,2,29,718,2,0.0,126336.72,0,1,0,0.3906,125.0,48.82,0.0,0.069,1.3,0.0
15715907,1,18,2,1,64,699,9,113109.52,27980.8,0,1,1,0.898,3518.29,3159.42,4.0423,0.1406,2.35,113109.52
15764841,1,27,2,3,35,623,0,130557.24,47880.71,1,1,0,0.242,4041.72,978.1,2.7267,0.0,3.0,130557.24
15748649,1,7,2,2,40,644,8,93183.19,73882.49,0,1,0,0.4651,2920.5,1358.32,1.2612,0.2,2.2,93183.19
15771409,1,12,2,1,58,586,7,151933.63,162960.05,0,1,1,0.9155,4683.01,4287.3,0.9323,0.1207,2.05,151933.63
15779207,2,6,4,3,30,500,2,125495.64,68807.47,1,1,0,0.1472,3964.87,583.63,1.8238,0.0667,3.3,62747.82
15814116,1,27,4,3,42,583,7,0.0,144039.05,0,1,0,0.2114,200.0,42.28,0.0,0.1667,2.05,0.0
15665087,2,22,2,2,26,595,8,118547.72,151192.18,1,1,0,0.587,3681.43,2161.0,0.7841,0.3077,4.2,118547.72
15611189,3,8,1,2,43,670,1,97792.21,120225.62,0,0,0,0.5434,3008.77,1634.97,0.8134,0.0233,0.15,97792.21
15729718,1,7,5,1,41,610,6,0.0,56118.81,0,0,1,0.8087,225.0,181.96,0.0,0.1463,0.9,0.0
15733602,3,40,3,3,72,814,2,0.0,130853.03,1,0,0,0.0461,150.0,6.92,0.0,0.0278,2.3,0.0
15620103,1,27,2,3,40,660,8,167181.01,185156.94,1,1,0,0.3449,5140.43,1772.93,0.9029,0.2,4.2,167181.01
15770406,2,7,1,2,35,580,9,121355.19,35671.45,1,0,0,0.3804,3715.66,1413.44,3.4019,0.2571,3.35,121355.19
15800554,1,40,4,3,81,850,1,0.0,59568.24,1,1,0,0.0184,200.0,3.68,0.0,0.0123,3.15,0.0
15611409,3,8,3,3,35,676,0,0.0,139911.58,0,0,0,0.0503,150.0,7.54,0.0,0.0,0.0,0.0
15646535,1,11,2,1,46,578,5,113226.47,56770.76,0,1,0,0.6823,3521.79,2402.92,1.9944,0.1087,1.75,113226.47
15575430,1,26,2,3,33,579,1,118392.75,157564.75,1,1,0,0.1288,3676.78,473.57,0.7514,0.0303,3.15,118392.75
15711299,2,33,1,1,52,711,8,145262.54,131473.31,1,0,0,0.8806,4432.88,3903.59,1.1049,0.1538,3.2,145262.54
15642063,1,8,1,2,40,692,6,163505.16,90424.09,0,0,0,0.5494,4980.15,2736.09,1.8082,0.15,0.9,163505.16
15706602,3,29,3,3,33,760,1,118114.28,156660.21,1,0,0,0.1614,3693.43,596.12,0.7539,0.0303,2.15,59057.14
15592773,2,32,5,1,51,630,0,108449.23,88372.69,0,0,1,0.9852,3478.48,3427.0,1.2272,0.0,0.0,36149.74
15786539,1,10,4,3,32,808,1,0.0,46200.71,1,1,0,0.0186,200.0,3.72,0.0,0.0312,3.15,0.0
15737542,2,27,2,2,36,611,10,103294.56,160548.12,0,1,0,0.6217,3223.84,2004.26,0.6434,0.2778,2.5,103294.56
15590234,1,28,2,1,42,697,1,0.0,1262.83,0,1,1,0.8037,125.0,100.46,0.0,0.0238,1.15,0.0
15773776,1,27,2,2,38,655,6,0.0,188639.28,1,1,0,0.556,125.0,69.5,0.0,0.1579,3.9,0.0
15728082,3,2,4,3,28,601,6,0.0,14665.28,0,1,0,0.0551,200.0,11.02,0.0,0.2143,1.9,0.0
15609987,1,9,2,2,42,755,2,119919.12,156868.21,0,1,0,0.4702,3722.57,1750.35,0.7645,0.0476,1.3,119919.12
15735330,1,6,2,2,37,553,1,0.0,30461.55,0,1,0,0.5106,125.0,63.83,0.0,0.027,1.15,0.0
15649430,1,3,4,3,28,723,4,0.0,123885.88,1,1,0,0.0366,200.0,7.32,0.0,0.1429,3.6,0.0
15768777,3,26,4,3,34,507,4,0.0,60688.38,1,1,0,0.0826,200.0,16.52,0.0,0.1176,3.6,0.0
15777893,1,9,4,3,43,777,1,0.0,21785.91,0,1,0,0.1543,200.0,30.86,0.0,0.0233,1.15,0.0
15791326,1,6,1,2,34,566,3,0.0,188135.69,0,0,0,0.5077,75.0,38.08,0.0,0.0882,0.45,0.0
15615176,1,3,4,3,26,732,7,0.0,154364.66,0,1,0,0.0258,200.0,5.16,0.0,0.2692,2.05,0.0
15735221,1,28,4,3,42,697,10,0.0,61312.15,0,1,0,0.2534,200.0,50.68,0.0,0.2381,2.5,0.0
15617991,1,1,2,3,29,555,4,128744.04,47454.93,1,1,0,0.1735,3987.32,691.8,2.7129,0.1379,3.6,128744.04
15658504,2,37,3,2,62,584,9,137727.34,121102.9,1,0,0,0.4864,4281.82,2082.68,1.1373,0.1452,3.35,68863.67
15785705,2,28,2,1,44,705,10,106731.58,137419.87,0,1,1,0.904,3326.95,3007.56,0.7767,0.2273,2.5,106731.58
15801817,1,28,2,3,38,688,7,123544.21,157664.02,1,1,0,0.2945,3831.33,1128.33,0.7836,0.1842,4.05,123544.21
15752578,1,27,4,2,37,626,2,133968.96,148689.65,0,1,0,0.3532,4219.07,1490.18,0.901,0.0541,1.3,66984.48
15781574,3,17,2,3,76,636,9,126534.6,39789.62,1,1,0,0.0195,3921.04,76.46,3.18,0.1184,4.35,126534.6
15792107,3,28,2,2,35,719,8,0.0,165162.4,1,1,0,0.393,125.0,49.12,0.0,0.2286,4.2,0.0
15569917,3,8,3,3,30,706,6,87609.68,137674.55,0,0,1,0.2749,2778.29,763.75,0.6363,0.2,0.9,43804.84
15721504,3,8,4,3,41,731,3,0.0,101371.72,0,1,0,0.0895,200.0,17.9,0.0,0.0732,1.45,0.0
15757306,3,13,6,1,49,738,3,0.0,65066.48,1,1,1,0.9424,275.0,259.16,0.0,0.0612,3.45,0.0
15647295,1,6,4,3,34,426,9,0.0,107876.91,0,1,0,0.0846,200.0,16.92,0.0,0.2647,2.35,0.0
15642098,3,27,4,2,36,622,0,108960.0,111180.3,0,1,1,0.5769,3468.8,2001.15,0.98,0.0,1.0,54480.0
15696120,3,28,4,3,30,701,2,0.0,115650.63,0,1,0,0.166,200.0,33.2,0.0,0.0667,1.3,0.0
15675176,1,11,2,2,51,512,6,144953.31,165035.17,1,1,0,0.5582,4473.6,2497.16,0.8783,0.1176,3.9,144953.31
15700046,1,7,4,3,41,635,4,103544.88,193746.55,0,1,0,0.171,3306.35,565.39,0.5344,0.0976,1.6,51772.44
15782089,1,8,2,2,33,685,6,0.0,58458.26,0,1,0,0.5297,125.0,66.21,0.0,0.1818,1.9,0.0
15706394,1,12,3,3,53,609,7,0.0,52332.85,1,0,0,0.2053,150.0,30.8,0.0,0.1321,3.05,0.0
15759387,2,7,2,2,38,598,1,101487.18,75959.1,1,1,1,0.5533,3169.62,1753.75,1.3361,0.0263,3.15,101487.18
15623369,1,13,2,1,52,708,10,105355.81,123.07,0,1,1,0.8662,3285.67,2846.05,849.1643,0.1923,2.5,105355.81
15732943,3,6,2,3,36,574,4,77967.5,167066.95,0,1,1,0.2806,2464.02,691.4,0.4667,0.1111,1.6,77967.5
15750545,1,7,7,1,44,629,5,0.0,117572.59,0,0,1,0.975,300.0,292.5,0.0,0.1136,0.75,0.0
15809909,3,31,4,3,54,422,4,0.0,7166.71,1,1,0,0.3425,200.0,68.5,0.0,0.0741,3.6,0.0
15642448,3,2,2,3,28,656,8,120047.77,137173.39,1,1,0,0.1374,3726.43,512.01,0.8751,0.2857,4.2,120047.77
15791944,1,8,6,1,32,697,7,175464.85,116442.42,0,1,1,0.9636,5538.95,5337.33,1.5069,0.2188,2.05,58488.28
15768342,1,13,6,1,52,718,8,79475.3,32421.32,1,1,1,0.9805,2659.26,2607.4,2.4513,0.1538,4.2,26491.77
15567919,2,7,3,3,37,586,8,167735.69,104665.79,1,0,0,0.1668,5182.07,864.37,1.6026,0.2162,3.2,83867.84
15674750,3,26,4,3,37,481,8,0.0,44215.86,0,1,0,0.1554,200.0,31.08,0.0,0.2162,2.2,0.0
15778345,1,29,2,3,33,749,1,74385.98,20164.47,0,1,0,0.2323,2356.58,547.43,3.6888,0.0303,1.15,74385.98
15687634,2,11,2,1,49,561,5,94754.0,26691.31,1,1,0,0.768,2967.62,2279.13,3.5499,0.102,3.75,94754.0
15666096,3,3,1,3,27,676,4,0.0,107955.67,1,0,0,0.2903,75.0,21.77,0.0,0.1481,2.6,0.0
15581700,2,7,2,2,43,615,3,86920.86,150048.37,1,1,0,0.529,2732.63,1445.56,0.5793,0.0698,3.45,86920.86
15656417,1,27,4,3,39,582,1,132077.48,192255.15,0,1,0,0.2736,4162.32,1138.81,0.687,0.0256,1.15,66038.74
15649101,1,7,1,2,40,601,10,127847.86,173245.68,0,0,0,0.4414,3910.44,1726.07,0.738,0.25,1.5,127847.86
15781975,1,8,1,2,34,708,3,0.0,121457.88,1,0,1,0.4014,75.0,30.1,0.0,0.0882,2.45,0.0
15700511,2,8,4,3,42,708,9,176702.36,104804.74,1,1,0,0.1205,5501.07,662.88,1.686,0.2143,4.35,88351.18
15770255,2,29,1,2,33,797,10,83555.58,69767.14,0,0,0,0.3979,2581.67,1027.25,1.1976,0.303,1.5,83555.58
15643574,1,3,4,3,26,682,8,0.0,178373.43,0,1,0,0.0409,200.0,8.18,0.0,0.3077,2.2,0.0
15595010,3,28,3,3,39,694,9,0.0,99924.04,0,0,0,0.2752,150.0,41.28,0.0,0.2308,1.35,0.0
15580579,1,26,2,2,40,490,1,0.0,49594.19,1,1,1,0.6324,125.0,79.05,0.0,0.025,3.15,0.0
15748532,3,10,2,3,42,828,10,0.0,186071.14,1,1,0,0.296,125.0,37.0,0.0,0.2381,4.5,0.0
15773789,3,27,2,2,38,594,7,96858.35,77511.45,0,1,0,0.4084,3030.75,1237.76,1.2496,0.1842,2.05,96858.35
15600027,3,6,4,3,33,579,1,0.0,54816.57,1,1,0,0.0397,200.0,7.94,0.0,0.0303,3.15,0.0
15620832,1,28,3,3,35,723,0,0.0,61290.99,1,0,0,0.2561,150.0,38.42,0.0,0.0,2.0,0.0
15568819,2,27,6,1,42,619,8,132796.04,191821.35,1,1,1,0.9799,4258.88,4173.28,0.6923,0.1905,4.2,44265.35
15748691,3,29,1,3,30,794,1,154970.54,156768.45,1,0,0,0.1718,4724.12,811.6,0.9885,0.0333,2.15,154970.54
15583552,2,8,2,1,44,674,3,88902.21,73731.32,0,1,0,0.7923,2792.07,2212.16,1.2057,0.0682,1.45,88902.21
15588019,1,1,2,3,28,418,7,98738.92,122190.22,0,1,0,0.3377,3087.17,1042.54,0.8081,0.25,2.05,98738.92
15713250,1,6,4,3,33,502,8,0.0,123509.01,1,1,0,0.0239,200.0,4.78,0.0,0.2424,4.2,0.0
15569595,1,33,2,1,50,678,6,0.0,8199.5,0,1,0,0.9124,125.0,114.05,0.0,0.12,1.9,0.0
15794868,2,7,4,3,40,599,10,137456.28,14113.11,1,1,0,0.1464,4323.69,632.99,9.7389,0.25,4.5,68728.14
15576680,1,3,3,3,29,736,4,0.0,51705.01,0,0,0,0.0511,150.0,7.66,0.0,0.1379,0.6,0.0
15613699,1,36,2,1,60,430,7,73937.02,161937.62,0,1,1,0.9494,2343.11,2224.55,0.4566,0.1167,2.05,73937.02
15609758,1,31,2,1,45,537,7,158621.04,120892.96,0,1,1,0.6908,4883.63,3373.61,1.3121,0.1556,2.05,158621.04
15762392,3,8,2,3,30,683,1,113257.2,65035.02,1,1,0,0.1458,3522.72,513.61,1.7415,0.0333,3.15,113257.2
15693382,1,10,1,3,31,828,9,0.0,164257.37,1,0,0,0.2124,75.0,15.93,0.0,0.2903,3.35,0.0
15791769,1,23,2,3,29,691,9,116536.43,51987.99,0,1,0,0.3075,3621.09,1113.49,2.2416,0.3103,2.35,116536.43
15712483,3,22,4,3,28,608,4,0.0,10899.63,0,1,1,0.091,200.0,18.2,0.0,0.1429,1.6,0.0
15636454,1,38,2,1,60,691,6,101070.69,177355.8,0,1,1,0.9285,3157.12,2931.39,0.5699,0.1,1.9,101070.69
15710138,3,8,3,3,39,718,6,0.0,63889.1,1,0,0,0.046,150.0,6.9,0.0,0.1538,2.9,0.0
15571571,2,28,6,1,31,680,3,127331.46,176433.6,1,1,0,0.854,4094.94,3497.08,0.7217,0.0968,3.45,42443.82
15638751,3,30,4,3,41,838,5,0.0,81313.51,0,1,0,0.0821,200.0,16.42,0.0,0.122,1.75,0.0
15598574,3,28,3,3,31,695,5,0.0,13998.88,1,0,0,0.1076,150.0,16.14,0.0,0.1613,2.75,0.0
15796787,1,13,2,1,46,681,0,105969.42,5771.56,0,1,0,0.7267,3304.08,2401.07,18.3574,0.0,1.0,105969.42
15615670,1,9,2,3,36,762,5,119547.46,42693.65,1,1,0,0.2145,3711.42,796.1,2.8001,0.1389,3.75,119547.46
15705506,3,9,3,3,38,751,7,0.0,90839.61,0,0,0,0.0768,150.0,11.52,0.0,0.1842,1.05,0.0
15599535,3,3,2,3,28,678,5,138668.18,54144.01,1,1,0,0.2143,4285.05,918.29,2.5611,0.1786,3.75,138668.18
15768449,1,27,4,3,37,634,7,51582.5,184312.88,1,1,0,0.1669,1747.48,291.65,0.2799,0.1892,4.05,25791.25
15725002,1,9,4,3,37,749,7,0.0,20306.79,0,1,0,0.0602,200.0,12.04,0.0,0.1892,2.05,0.0
15611682,3,7,2,3,37,590,6,169902.92,128256.18,1,1,0,0.2199,5222.09,1148.34,1.3247,0.1622,3.9,169902.92
15749964,1,22,4,3,27,610,4,87262.4,182720.07,0,1,0,0.1402,2817.87,395.07,0.4776,0.1481,1.6,43631.2
15678779,1,6,3,3,33,502,7,0.0,4082.52,1,0,0,0.0345,150.0,5.18,0.0,0.2121,3.05,0.0
15752601,1,26,3,3,40,578,7,0.0,102233.73,0,0,0,0.2059,150.0,30.88,0.0,0.175,1.05,0.0
15758477,1,26,4,3,32,547,2,0.0,132002.83,0,1,0,0.1459,200.0,29.18,0.0,0.0625,1.3,0.0
15629133,1,21,4,3,27,579,9,0.0,126838.7,0,1,0,0.0388,200.0,7.76,0.0,0.3333,2.35,0.0
15604963,1,7,3,3,39,661,5,0.0,181461.46,0,0,0,0.0759,150.0,11.38,0.0,0.1282,0.75,0.0
15796413,1,14,4,3,46,794,6,0.0,195325.74,0,1,0,0.1586,200.0,31.72,0.0,0.1304,1.9,0.0
15812470,1,18,3,3,61,719,5,0.0,29132.43,1,0,0,0.185,150.0,27.75,0.0,0.082,2.75,0.0
15587443,1,38,4,3,69,728,1,0.0,131804.86,1,1,0,0.1277,200.0,25.54,0.0,0.0145,3.15,0.0
15689692,2,2,2,3,19,598,3,150348.37,173784.04,1,1,0,0.1967,4635.45,911.79,0.8651,0.1579,3.45,150348.37
15779586,2,35,4,2,46,822,3,115074.02,26249.86,0,1,0,0.5164,3652.22,1886.01,4.3836,0.0652,1.45,57537.01
15667588,3,28,2,2,40,670,3,0.0,182650.15,1,1,0,0.5474,125.0,68.42,0.0,0.075,3.45,0.0
15624423,1,5,2,3,28,850,8,99986.98,196582.55,0,1,0,0.1285,3124.61,401.51,0.5086,0.2857,2.2,99986.98
15591107,2,38,1,1,68,723,3,110357.0,141977.54,0,0,1,0.9533,3385.71,3227.6,0.7773,0.0441,0.45,110357.0
15748986,2,8,4,3,42,705,8,166685.92,55313.51,1,1,0,0.1594,5200.58,828.97,3.0134,0.1905,4.2,83342.96
15793896,3,8,2,3,40,677,7,95312.8,62944.75,1,1,0,0.219,2984.38,653.58,1.5142,0.175,4.05,95312.8
15620570,1,8,2,1,43,736,4,202443.47,72375.03,0,1,0,0.8258,6198.3,5118.56,2.7971,0.093,1.6,202443.47
15727811,2,32,1,1,47,661,0,109493.62,188324.01,0,0,1,0.9445,3359.81,3173.34,0.5814,0.0,0.0,109493.62
15707681,2,6,3,3,38,501,9,88977.39,133403.07,1,0,0,0.1881,2819.32,530.31,0.667,0.2368,3.35,44488.7
15702030,1,21,2,3,29,516,2,104982.57,157378.5,0,1,0,0.2953,3274.48,966.95,0.6671,0.069,1.3,104982.57
15673238,2,31,4,1,59,517,8,154110.99,101240.08,0,1,1,0.8889,4823.33,4287.46,1.5222,0.1356,2.2,77055.5
15604196,1,9,2,2,32,766,6,185714.28,102502.5,1,1,0,0.3998,5696.43,2277.43,1.8118,0.1875,3.9,185714.28
15769356,2,21,4,3,23,520,3,116022.53,37577.66,1,1,0,0.1077,3680.68,396.41,3.0875,0.1304,3.45,58011.26
15665590,1,11,4,3,46,541,6,0.0,83456.67,1,1,0,0.1174,200.0,23.48,0.0,0.1304,3.9,0.0
15572361,2,29,2,2,34,790,2,164011.48,199420.41,0,1,0,0.4028,5045.34,2032.26,0.8224,0.0588,1.3,164011.48
15667460,1,9,4,3,31,797,9,0.0,24748.89,1,1,0,0.0271,200.0,5.42,0.0,0.2903,4.35,0.0
15654760,1,10,2,3,40,811,1,101514.89,121765.0,1,1,0,0.2283,3170.45,723.81,0.8337,0.025,3.15,101514.89
15632669,3,28,4,3,32,722,4,0.0,113666.48,1,1,0,0.0798,200.0,15.96,0.0,0.125,3.6,0.0
15613673,1,3,2,3,28,675,9,0.0,134110.93,0,1,0,0.3469,125.0,43.36,0.0,0.3214,2.35,0.0
15698522,2,7,4,3,39,660,9,134599.33,183095.87,0,1,0,0.2476,4237.98,1049.32,0.7351,0.2308,2.35,67299.66
15741633,3,6,2,3,32,566,10,147511.26,159891.03,1,1,0,0.0734,4550.34,333.99,0.9226,0.3125,4.5,147511.26
15674583,1,4,2,3,25,768,0,78396.08,8316.19,1,1,0,0.0943,2476.88,233.57,9.4258,0.0,3.0,78396.08
15665374,3,27,3,3,31,610,5,0.0,63736.36,0,0,0,0.1479,150.0,22.18,0.0,0.1613,0.75,0.0
15588854,1,28,2,3,31,715,3,110581.29,94715.24,1,1,0,0.1682,3442.44,579.02,1.1675,0.0968,3.45,110581.29
15810716,2,9,4,3,42,750,8,151836.36,68695.38,0,1,0,0.3235,4755.09,1538.27,2.2103,0.1905,2.2,75918.18
15776921,2,11,3,2,45,431,5,83624.55,36899.62,0,0,0,0.5187,2658.74,1379.09,2.2662,0.1111,0.75,41812.28
15569394,1,3,4,3,24,704,2,148197.15,182775.08,0,1,0,0.2472,4645.91,1148.47,0.8108,0.0833,1.3,74098.58
15788215,3,26,1,2,30,535,5,122924.75,62390.59,0,0,1,0.4431,3762.74,1667.27,1.9702,0.1667,0.75,122924.75
15641007,1,27,2,3,38,614,4,72594.0,76042.48,1,1,0,0.3077,2302.82,708.58,0.9546,0.1053,3.6,72594.0
15594651,1,9,1,3,38,748,4,115221.36,70956.75,1,0,0,0.2196,3531.64,775.55,1.6238,0.1053,2.6,115221.36
15575146,2,11,4,2,51,492,8,117808.74,67311.12,1,1,0,0.4457,3734.26,1664.36,1.7502,0.1569,4.2,58904.37
15608916,1,6,2,3,40,573,7,147754.68,110454.46,1,1,0,0.2419,4557.64,1102.49,1.3377,0.175,4.05,147754.68
15666297,3,33,5,1,53,706,3,0.0,88479.02,0,0,1,0.978,225.0,220.05,0.0,0.0566,0.45,0.0
15598586,1,8,2,3,31,680,10,113292.17,122639.73,1,1,0,0.0839,3523.77,295.64,0.9238,0.3226,4.5,113292.17
15665014,3,6,4,3,36,458,5,0.0,79723.78,0,1,0,0.0543,200.0,10.86,0.0,0.1389,1.75,0.0
15701738,2,7,2,1,44,612,2,115163.38,97677.52,1,1,1,0.7277,3579.9,2605.09,1.179,0.0455,3.3,115163.38
15650591,2,15,2,1,50,809,10,118098.62,100720.02,1,1,1,0.7773,3667.96,2851.11,1.1725,0.2,4.5,118098.62
15652667,1,7,4,3,39,590,9,0.0,104730.52,1,1,0,0.0326,200.0,6.52,0.0,0.2308,4.35,0.0
15679622,1,7,2,3,35,602,8,0.0,22499.29,1,1,0,0.2826,125.0,35.33,0.0,0.2286,4.2,0.0
15730150,3,6,2,2,37,540,0,120825.7,28257.89,0,1,0,0.3608,3749.77,1352.92,4.2757,0.0,1.0,120825.7
15813192,1,1,3,3,25,494,6,0.0,109988.09,1,0,0,0.0256,150.0,3.84,0.0,0.24,2.9,0.0
15606554,1,4,1,3,29,797,1,0.0,149991.32,1,0,0,0.149,75.0,11.18,0.0,0.0345,2.15,0.0
15611794,2,16,4,3,61,526,6,133845.28,45180.8,1,1,0,0.3346,4215.36,1410.46,2.9624,0.0984,3.9,66922.64
15672357,3,7,4,3,38,631,7,0.0,181605.85,0,1,0,0.0797,200.0,15.94,0.0,0.1842,2.05,0.0
15711759,1,21,2,3,29,576,5,108541.04,126469.09,1,1,0,0.1878,3381.23,634.99,0.8582,0.1724,3.75,108541.04
15615296,1,6,2,1,39,405,10,0.0,160810.85,0,1,1,0.8627,125.0,107.84,0.0,0.2564,2.5,0.0
15699294,1,6,3,3,30,555,1,0.0,88146.86,0,0,0,0.033,150.0,4.95,0.0,0.0333,0.15,0.0
15788634,3,29,1,3,37,750,2,113817.06,88333.74,0,0,0,0.3328,3489.51,1161.31,1.2885,0.0541,0.3,113817.06
15660871,1,2,2,3,28,665,8,137300.23,90174.83,0,1,0,0.1724,4244.01,731.67,1.5226,0.2857,2.2,137300.23
15618258,3,7,2,2,37,640,5,158024.38,81298.09,0,1,0,0.3618,4865.73,1760.42,1.9437,0.1351,1.75,158024.38
15722535,1,26,1,3,33,457,7,127837.54,60013.17,1,0,0,0.1893,3910.13,740.19,2.1301,0.2121,3.05,127837.54
15711977,1,8,2,3,36,695,4,161533.0,100940.91,0,1,0,0.2958,4970.99,1470.42,1.6003,0.1111,1.6,161533.0
15690169,1,7,4,3,31,645,7,161171.7,12599.94,0,1,1,0.2379,5035.15,1197.86,12.7905,0.2258,2.05,80585.85
15790689,3,7,2,3,32,647,9,80958.36,128590.73,1,1,0,0.0962,2553.75,245.67,0.6296,0.2812,4.35,80958.36
15665181,3,5,3,3,25,808,7,0.0,23180.37,1,0,0,0.0133,150.0,2.0,0.0,0.28,3.05,0.0
15633608,1,7,4,3,33,641,2,146193.6,55796.83,1,1,1,0.158,4585.81,724.56,2.6201,0.0606,3.3,73096.8
15805261,3,3,3,3,29,700,8,0.0,152097.02,1,0,0,0.0162,150.0,2.43,0.0,0.2759,3.2,0.0
15740356,2,2,1,3,26,660,4,115021.76,162443.05,1,0,0,0.3337,3525.65,1176.51,0.7081,0.1538,2.6,115021.76
15808223,3,7,2,3,41,615,1,126773.43,55551.26,1,1,0,0.2927,3928.2,1149.78,2.2821,0.0244,3.15,126773.43
15769980,2,28,2,2,40,705,3,92889.91,109496.69,1,1,0,0.6166,2911.7,1795.35,0.8483,0.075,3.45,92889.91
15675450,1,13,4,3,48,718,9,0.0,72105.63,1,1,0,0.1624,200.0,32.48,0.0,0.1875,4.35,0.0
15776494,1,19,2,2,61,754,5,146622.35,41815.22,1,1,1,0.3914,4523.67,1770.56,3.5064,0.082,3.75,146622.35
15592412,2,13,2,1,45,713,4,131038.14,74005.04,0,1,1,0.902,4056.14,3658.64,1.7706,0.0889,1.6,131038.14
15777452,1,32,1,1,46,587,6,88820.29,70224.34,0,0,0,0.6817,2739.61,1867.59,1.2648,0.1304,0.9,88820.29
15692258,3,6,1,3,31,569,1,115406.97,145528.22,0,0,0,0.1898,3537.21,671.36,0.793,0.0323,0.15,115406.97
15791045,1,26,1,3,38,568,3,132951.92,124486.28,1,0,0,0.335,4063.56,1361.29,1.068,0.0789,2.45,132951.92
15807889,2,17,2,1,74,634,5,108891.7,10078.02,0,1,0,0.769,3391.75,2608.26,10.8038,0.0676,1.75,108891.7
15602043,2,34,3,1,46,770,5,141788.63,164967.21,0,0,0,0.6879,4403.66,3029.28,0.8595,0.1087,0.75,70894.32
15807335,3,38,2,3,64,676,4,116954.32,91149.48,1,1,0,0.3267,3633.63,1187.11,1.2831,0.0625,3.6,116954.32
15629985,2,33,3,1,47,723,10,90450.0,103379.31,0,0,1,0.8517,2863.5,2438.84,0.8749,0.2128,1.5,45225.0
15679453,2,27,2,1,39,614,8,125997.22,128049.34,1,1,1,0.7188,3904.92,2806.86,0.984,0.2051,4.2,125997.22
15637315,3,27,4,3,41,601,3,0.0,54342.83,0,1,0,0.2437,200.0,48.74,0.0,0.0732,1.45,0.0
15691513,1,17,8,1,60,592,9,0.0,13614.01,1,1,1,0.9677,350.0,338.7,0.0,0.15,4.35,0.0
15622289,3,27,3,3,36,605,9,0.0,35521.63,1,0,0,0.0834,150.0,12.51,0.0,0.25,3.35,0.0
15715184,3,29,4,3,31,752,4,144637.86,40496.72,0,1,0,0.1862,4539.14,845.19,3.5715,0.129,1.6,72318.93
15702801,1,23,1,3,29,677,3,86616.35,91903.9,0,0,1,0.3498,2673.49,935.19,0.9425,0.1034,0.45,86616.35
15719931,1,10,4,3,31,850,8,0.0,178667.7,0,1,0,0.0723,200.0,14.46,0.0,0.2581,2.2,0.0
15806081,2,32,4,1,48,608,2,127924.25,32202.61,0,1,0,0.7493,4037.73,3025.47,3.9724,0.0417,1.3,63962.12
15796336,3,29,4,3,34,786,9,0.0,117034.32,0,1,0,0.0671,200.0,13.42,0.0,0.2647,2.35,0.0
15647306,1,24,2,3,29,777,9,131240.61,163746.09,1,1,1,0.3236,4062.22,1314.53,0.8015,0.3103,4.35,131240.61
15742369,3,7,4,3,31,667,5,0.0,20346.69,1,1,0,0.0466,200.0,9.32,0.0,0.1613,3.75,0.0
15655859,3,10,4,3,35,848,5,120046.74,84710.65,0,1,0,0.1379,3801.4,524.21,1.4171,0.1429,1.75,60023.37
15675650,1,26,1,3,39,486,8,97819.36,120531.31,1,0,0,0.2864,3009.58,861.94,0.8116,0.2051,3.2,97819.36
15574119,3,37,2,2,64,598,1,62979.93,152273.57,1,1,0,0.4236,2014.4,853.3,0.4136,0.0156,3.15,62979.93
15754168,1,26,2,2,40,506,3,0.0,144345.58,1,1,0,0.6261,125.0,78.26,0.0,0.075,3.45,0.0
15763029,2,12,2,1,46,612,9,161450.03,96961.0,1,1,1,0.6817,4968.5,3387.03,1.6651,0.1957,4.35,161450.03
15765048,1,6,4,3,30,545,3,0.0,170307.43,0,1,0,0.0401,200.0,8.02,0.0,0.1,1.45,0.0
15786215,1,14,4,1,56,793,8,119496.25,29880.99,0,1,0,0.8838,3784.89,3345.09,3.9989,0.1429,2.2,59748.12
15707559,1,28,4,3,30,682,9,0.0,195104.91,1,1,0,0.0549,200.0,10.98,0.0,0.3,4.35,0.0
15582129,1,16,6,1,62,517,1,43772.66,187756.24,0,1,1,0.9919,1588.18,1575.32,0.2331,0.0161,1.15,14590.89
15687540,1,8,3,3,32,684,9,100249.41,67599.69,1,0,0,0.0671,3157.48,211.87,1.483,0.2812,3.35,50124.7
15787196,3,13,4,3,46,692,2,0.0,105983.09,1,1,0,0.0876,200.0,17.52,0.0,0.0435,3.3,0.0
15670898,1,39,3,1,60,740,5,108028.08,25980.42,0,0,1,0.9297,3390.84,3152.46,4.1579,0.0833,0.75,54014.04
15775433,2,17,4,3,71,666,1,53013.29,112222.64,1,1,0,0.1887,1790.4,337.85,0.4724,0.0141,3.15,26506.64
15700693,1,18,4,3,68,693,2,0.0,59864.96,1,1,0,0.055,200.0,11.0,0.0,0.0294,3.3,0.0
15677955,2,9,2,2,33,757,1,122088.67,42581.09,0,1,0,0.5451,3787.66,2064.65,2.8671,0.0303,1.15,122088.67
15570086,2,3,1,3,18,684,9,90544.0,4777.23,1,0,0,0.3265,2791.32,911.37,18.9493,0.5,3.35,90544.0
15794875,3,8,3,3,35,691,6,0.0,178038.17,1,0,0,0.0437,150.0,6.56,0.0,0.1714,2.9,0.0
15673591,1,10,7,1,44,842,3,141252.18,128521.16,1,0,1,0.9903,4537.57,4493.56,1.099,0.0682,2.45,35313.04
15631756,1,26,3,3,35,482,5,147813.05,109029.72,0,0,0,0.3215,4584.39,1473.88,1.3557,0.1429,0.75,73906.52
15757617,1,13,2,1,55,735,6,134140.68,2267.88,0,1,0,0.8859,4149.22,3675.79,59.122,0.1091,1.9,134140.68
15612729,1,38,4,3,63,681,7,0.0,55054.48,1,1,0,0.0829,200.0,16.58,0.0,0.1111,4.05,0.0
15637857,1,27,1,2,31,616,8,0.0,76456.17,1,0,0,0.3624,75.0,27.18,0.0,0.2581,3.2,0.0
15681007,1,30,8,1,35,850,2,128548.49,75478.95,0,1,1,0.9797,4206.45,4121.06,1.7031,0.0571,1.3,32137.12
15593622,1,7,3,3,43,635,10,122198.21,179144.54,1,0,0,0.2785,3815.95,1062.74,0.6821,0.2326,3.5,61099.1
15629273,2,7,2,1,42,638,8,145177.84,193471.74,0,1,1,0.7408,4480.34,3319.04,0.7504,0.1905,2.2,145177.84
15765846,3,30,2,3,31,820,2,94222.53,103570.8,0,1,0,0.2559,2951.68,755.33,0.9097,0.0645,1.3,94222.53
15596013,2,33,1,1,58,694,1,143212.22,102628.56,0,0,1,0.968,4371.37,4231.49,1.3954,0.0172,0.15,143212.22
15722473,1,8,4,3,41,713,3,0.0,55772.04,0,1,0,0.0912,200.0,18.24,0.0,0.0732,1.45,0.0
15774936,2,6,2,1,41,543,6,143350.41,192070.16,1,1,1,0.7442,4425.51,3293.46,0.7463,0.1463,3.9,143350.41
15685640,1,27,2,2,41,649,3,130931.83,144808.37,1,1,0,0.3964,4052.95,1606.59,0.9042,0.0732,3.45,130931.83
15566563,1,29,2,3,30,777,4,137851.31,5008.23,0,1,1,0.2375,4260.54,1011.88,27.5195,0.1333,1.6,137851.31
15768746,1,6,3,3,33,561,6,0.0,173680.39,0,0,0,0.0496,150.0,7.44,0.0,0.1818,0.9,0.0
15689952,3,8,1,2,41,724,5,0.0,115753.94,1,0,0,0.5036,75.0,37.77,0.0,0.122,2.75,0.0
15725906,3,32,2,1,51,665,8,0.0,38928.48,1,1,1,0.7021,125.0,87.76,0.0,0.1569,4.2,0.0
15634501,1,16,1,2,60,441,1,140614.15,174381.23,1,0,0,0.4783,4293.42,2053.54,0.8064,0.0167,2.15,140614.15
15571940,3,1,2,3,22,579,3,118680.57,49829.8,1,1,0,0.2333,3685.42,859.81,2.3817,0.1364,3.45,118680.57
15741643,2,9,2,2,35,777,7,122917.69,76169.68,1,1,0,0.3913,3812.53,1491.84,1.6137,0.2,4.05,122917.69
15806822,1,28,3,3,36,739,0,0.0,133465.57,0,0,0,0.2141,150.0,32.12,0.0,0.0,0.0,0.0
15701166,1,7,4,3,40,660,5,131754.11,38761.61,1,1,0,0.1638,4152.62,680.2,3.399,0.125,3.75,65877.05
15718531,1,26,4,3,35,554,8,0.0,176779.46,1,1,0,0.1616,200.0,32.32,0.0,0.2286,4.2,0.0
15628308,1,25,4,3,24,850,6,0.0,13159.9,1,1,0,0.0397,200.0,7.94,0.0,0.25,3.9,0.0
15585287,2,30,2,1,35,842,9,119948.09,48217.97,0,1,1,0.7448,3723.44,2773.22,2.4876,0.2571,2.35,119948.09
15781619,1,29,2,2,38,785,1,0.0,134964.85,0,1,1,0.6449,125.0,80.61,0.0,0.0263,1.15,0.0
15805162,1,1,4,3,25,550,0,0.0,184221.11,1,1,0,0.0681,200.0,13.62,0.0,0.0,3.0,0.0
15588535,3,29,3,3,39,750,6,0.0,19264.33,0,0,0,0.1837,150.0,27.56,0.0,0.1538,0.9,0.0
15775307,3,26,2,3,38,490,3,97266.1,92797.23,1,1,0,0.2448,3042.98,744.92,1.0481,0.0789,3.45,97266.1
15777616,2,2,2,2,28,605,10,113690.83,33114.24,0,1,0,0.5668,3535.72,2004.05,3.4332,0.3571,2.5,113690.83
15692291,3,26,4,2,42,563,6,99056.22,154347.95,0,1,1,0.5603,3171.69,1777.1,0.6418,0.1429,1.9,49528.11
15680843,1,8,4,3,34,675,8,0.0,184842.21,1,1,0,0.0289,200.0,5.78,0.0,0.2353,4.2,0.0
15606232,3,27,2,3,36,621,7,116338.68,155743.48,1,1,0,0.269,3615.16,972.48,0.747,0.1944,4.05,116338.68
15641585,1,10,1,3,40,850,6,97339.99,88815.25,1,0,0,0.2759,2995.2,826.38,1.096,0.15,2.9,97339.99
15684358,1,8,4,3,41,711,3,0.0,193747.57,1,1,0,0.046,200.0,9.2,0.0,0.0732,3.45,0.0
15806389,2,31,3,1,55,549,1,137592.31,116548.02,1,0,1,0.6969,4277.77,2981.18,1.1806,0.0182,2.15,68796.16
15641860,2,9,4,3,34,764,6,108760.27,166324.79,0,1,1,0.235,3462.81,813.76,0.6539,0.1765,1.9,54380.14
15814237,2,7,4,3,30,627,3,128770.88,40199.01,1,1,0,0.1157,4063.13,470.1,3.2033,0.1,3.45,64385.44
15808780,1,30,3,3,34,850,2,0.0,51919.04,0,0,0,0.0717,150.0,10.76,0.0,0.0588,0.3,0.0
15767064,3,27,2,3,36,614,1,44054.84,73329.08,1,1,0,0.3092,1446.65,447.3,0.6008,0.0278,3.15,44054.84
15751177,2,28,2,1,44,685,2,119657.53,145387.05,0,1,1,0.881,3714.73,3272.68,0.823,0.0455,1.3,119657.53
15613427,2,33,3,1,49,683,7,108797.63,140763.18,0,0,0,0.8267,3413.93,2822.3,0.7729,0.1429,1.05,54398.82
15647259,3,7,3,3,35,643,2,0.0,67979.35,0,0,0,0.0519,150.0,7.78,0.0,0.0571,0.3,0.0
15748660,2,31,2,1,49,561,1,102025.32,133051.64,0,1,1,0.958,3185.76,3051.96,0.7668,0.0204,1.15,102025.32
15726695,3,22,4,3,20,601,9,122446.61,86791.9,0,1,0,0.1216,3873.4,471.01,1.4108,0.45,2.35,61223.3
15757473,1,24,3,3,27,766,7,158786.67,47579.25,1,0,0,0.1488,4913.6,731.14,3.3372,0.2593,3.05,79393.34
15809509,1,3,2,3,29,699,3,125689.29,151623.71,1,1,0,0.1107,3895.68,431.25,0.8289,0.1034,3.45,125689.29
15715512,2,5,2,3,29,850,1,154640.41,164039.51,1,1,0,0.1661,4764.21,791.34,0.9427,0.0345,3.15,154640.41
15614168,2,34,2,1,50,792,4,146710.76,16528.4,0,1,1,0.9537,4526.32,4316.75,8.8757,0.08,1.6,146710.76
15679818,2,17,1,1,67,636,7,136709.35,66753.1,1,0,1,0.6594,4176.28,2753.84,2.048,0.1045,3.05,136709.35
15609928,2,10,3,3,43,850,5,129305.09,19244.58,1,0,0,0.3069,4029.15,1236.55,6.7187,0.1163,2.75,64652.54
15731246,3,7,4,3,40,628,10,0.0,103832.58,0,1,0,0.0813,200.0,16.26,0.0,0.25,2.5,0.0
15685243,1,38,3,3,63,736,10,0.0,502.7,1,0,0,0.2597,150.0,38.96,0.0,0.1587,3.5,0.0
15638730,1,23,3,3,21,711,0,82844.33,1408.68,1,0,0,0.3022,2635.33,796.4,58.7682,0.0,2.0,41422.16
15697034,3,22,3,3,22,583,2,0.0,5985.36,1,0,0,0.0704,150.0,10.56,0.0,0.0909,2.3,0.0
15699225,1,14,4,3,46,757,0,0.0,37460.05,0,1,0,0.2714,200.0,54.28,0.0,0.0,1.0,0.0
15677387,2,29,1,3,33,749,10,76692.22,30396.43,1,0,0,0.3017,2375.77,716.77,2.523,0.303,3.5,76692.22
15759184,1,8,2,3,34,705,7,117715.84,2498.67,0,1,0,0.2738,3656.48,1001.14,47.0926,0.2059,2.05,117715.84
15595991,1,12,2,2,54,585,8,87105.32,55346.14,1,1,0,0.5022,2738.16,1375.1,1.5738,0.1481,4.2,87105.32
15681332,1,26,2,1,43,437,6,0.0,148330.97,0,1,1,0.8698,125.0,108.72,0.0,0.1395,1.9,0.0
15756299,1,39,2,3,64,741,2,69311.16,59237.72,1,1,0,0.2448,2204.33,539.62,1.17,0.0312,3.3,69311.16
15750547,1,3,4,3,26,738,9,0.0,48644.94,1,1,0,0.0281,200.0,5.62,0.0,0.3462,4.35,0.0
15566380,3,27,4,3,33,586,10,66948.67,140759.03,1,1,0,0.1237,2208.46,273.19,0.4756,0.303,4.5,33474.34
15675963,1,32,4,3,57,627,9,0.0,107712.42,1,1,0,0.3031,200.0,60.62,0.0,0.1579,4.35,0.0
15674671,3,16,4,3,76,551,2,128410.71,181718.73,1,1,0,0.0963,4052.32,390.24,0.7066,0.0263,3.3,64205.36
15621466,2,7,1,2,38,606,3,99897.53,37054.65,0,0,0,0.5858,3071.93,1799.54,2.6959,0.0789,0.45,99897.53
15607176,1,3,2,3,22,674,3,0.0,173940.59,1,1,0,0.1456,125.0,18.2,0.0,0.1364,3.45,0.0
15570299,2,27,2,2,31,584,6,152622.34,99298.8,0,1,0,0.5102,4703.67,2399.81,1.537,0.1935,1.9,152622.34
15613197,1,7,4,3,40,590,8,0.0,62933.03,0,1,0,0.0863,200.0,17.26,0.0,0.2,2.2,0.0
15798885,1,12,4,2,56,585,4,138227.19,55287.84,1,1,0,0.3668,4346.82,1594.41,2.5001,0.0714,3.6,69113.6
15714883,1,21,1,3,25,508,2,111395.53,48197.06,1,0,0,0.1343,3416.87,458.89,2.3112,0.08,2.3,111395.53
15604497,2,6,2,1,44,458,7,84386.57,178642.73,0,1,0,0.7642,2656.6,2030.17,0.4724,0.1591,2.05,84386.57
15773949,1,28,4,3,36,692,3,0.0,8282.22,1,1,0,0.1023,200.0,20.46,0.0,0.0833,3.45,0.0
15774164,2,6,4,3,33,502,5,174673.65,33300.56,0,1,0,0.1438,5440.21,782.3,5.2452,0.1515,1.75,87336.82
15774127,1,11,4,3,46,518,3,0.0,76515.79,0,1,0,0.3208,200.0,64.16,0.0,0.0652,1.45,0.0
15619016,2,12,4,2,46,660,5,109019.65,33680.56,1,1,0,0.54,3470.59,1874.12,3.2368,0.1087,3.75,54509.82
15795759,2,33,2,1,52,698,1,107906.75,168886.39,0,1,1,0.963,3362.2,3237.8,0.6389,0.0192,1.15,107906.75
15798844,1,13,1,1,54,678,7,128914.97,191746.23,0,0,1,0.9134,3942.45,3601.03,0.6723,0.1296,1.05,128914.97
15717962,3,19,2,3,63,773,9,111179.83,93091.02,1,1,0,0.2607,3460.39,902.12,1.1943,0.1429,4.35,111179.83
15691504,2,32,1,1,52,619,8,124099.13,23904.52,0,0,0,0.9492,3797.97,3605.03,5.1912,0.1538,1.2,124099.13
15693893,2,13,1,1,59,684,9,122471.09,15807.07,1,0,0,0.8064,3749.13,3023.3,7.7474,0.1525,3.35,122471.09
15672499,1,7,4,3,34,635,3,134692.4,83773.02,1,1,0,0.1119,4240.77,474.54,1.6078,0.0882,3.45,67346.2
15750410,1,23,2,3,25,680,4,123816.5,90162.35,1,1,0,0.1032,3839.5,396.24,1.3732,0.16,3.6,123816.5
15568904,2,7,2,2,34,608,3,106288.54,36639.25,1,1,0,0.4059,3313.66,1345.01,2.9009,0.0882,3.45,106288.54
15649033,2,32,4,1,55,603,7,127723.25,139469.11,0,1,1,0.9455,4031.7,3811.97,0.9158,0.1273,2.05,63861.62
15780989,3,6,2,2,43,579,2,145843.82,198402.37,1,1,1,0.4995,4500.31,2247.9,0.7351,0.0465,3.3,145843.82
15771059,2,29,1,2,34,756,2,148200.72,194584.48,0,0,0,0.4821,4521.02,2179.58,0.7616,0.0588,0.3,148200.72
15687852,1,7,1,3,30,611,2,104145.65,159629.64,0,0,0,0.1318,3199.37,421.68,0.6524,0.0667,0.3,104145.65
15695280,2,1,1,2,24,532,8,142755.25,34231.48,0,0,0,0.5816,4357.66,2534.42,4.1702,0.3333,1.2,142755.25
15592751,2,38,2,1,63,684,3,81245.79,69643.31,0,1,1,0.9495,2562.37,2432.97,1.1666,0.0476,1.45,81245.79
15598338,2,27,3,3,33,647,3,168560.46,90270.16,0,0,0,0.2102,5206.81,1094.47,1.8673,0.0909,0.45,84280.23
15735784,1,7,2,2,38,583,8,0.0,47848.56,0,1,0,0.5966,125.0,74.58,0.0,0.2105,2.2,0.0
15629128,2,9,4,3,42,774,2,132193.94,162865.52,1,1,0,0.1767,4165.82,736.1,0.8117,0.0476,3.3,66096.97
15642870,1,13,1,2,58,677,9,0.0,168650.4,1,0,0,0.6212,75.0,46.59,0.0,0.1552,3.35,0.0
15637977,2,1,1,2,25,542,8,139330.1,54372.37,0,0,0,0.5554,4254.9,2363.17,2.5625,0.32,1.2,139330.1
15600792,3,2,3,3,29,613,0,0.0,133897.32,1,0,0,0.0759,150.0,11.38,0.0,0.0,2.0,0.0
15576131,1,7,4,3,40,666,5,0.0,147878.05,0,1,0,0.063,200.0,12.6,0.0,0.125,1.75,0.0
15686588,1,24,1,3,28,777,2,134571.5,118313.38,1,0,0,0.2092,4112.15,860.26,1.1374,0.0714,2.3,134571.5
15761018,2,12,4,1,50,581,2,143829.2,181224.24,0,1,1,0.7218,4514.88,3258.84,0.7936,0.04,1.3,71914.6
15616029,1,8,4,3,32,705,7,0.0,7921.57,0,1,0,0.047,200.0,9.4,0.0,0.2188,2.05,0.0
15761149,1,28,1,2,44,673,8,133444.97,5708.19,1,0,0,0.4807,4078.35,1960.46,23.3737,0.1818,3.2,133444.97
15802758,2,22,4,3,23,594,4,104753.84,56756.52,0,1,1,0.2636,3342.62,881.11,1.8456,0.1739,1.6,52376.92
15647838,2,32,2,1,51,648,2,116574.84,4121.04,0,1,1,0.9423,3622.25,3413.25,28.2809,0.0392,1.3,116574.84
15735968,1,7,3,3,41,605,10,0.0,97213.09,1,0,0,0.0446,150.0,6.69,0.0,0.2439,3.5,0.0
15581286,1,28,2,3,40,734,9,176914.8,12799.23,1,1,0,0.313,5432.44,1700.35,13.8212,0.225,4.35,176914.8
15625445,1,26,3,3,36,572,8,68348.18,50400.32,1,0,0,0.2144,2200.45,471.78,1.3561,0.2222,3.2,34174.09
15600173,1,27,4,3,33,595,9,0.0,41447.86,1,1,0,0.0788,200.0,15.76,0.0,0.2727,4.35,0.0
15635143,1,9,3,3,42,749,2,56726.83,185543.35,1,0,0,0.1478,1851.8,273.7,0.3057,0.0476,2.3,28363.42
15664849,3,11,1,1,46,573,3,65269.23,189988.65,1,0,1,0.8318,2033.08,1691.12,0.3435,0.0652,2.45,65269.23
15762455,3,7,1,3,33,624,6,66220.17,170819.01,1,0,0,0.3124,2061.61,644.05,0.3877,0.1818,2.9,66220.17
15797165,1,13,1,1,56,703,9,0.0,85547.33,0,0,1,0.96,75.0,72.0,0.0,0.1607,1.35,0.0
15788189,1,27,2,2,41,665,8,96147.55,137037.97,0,1,0,0.6022,3009.43,1812.28,0.7016,0.1951,2.2,96147.55
15780492,1,7,4,3,42,648,4,0.0,19283.14,0,1,0,0.0718,200.0,14.36,0.0,0.0952,1.6,0.0
15678497,3,15,2,1,48,850,2,0.0,169425.3,0,1,1,0.8743,125.0,109.29,0.0,0.0417,1.3,0.0
15588560,2,26,2,2,32,569,8,145330.43,132038.65,1,1,0,0.3796,4484.91,1702.47,1.1007,0.25,4.2,145330.43
15606003,1,21,4,3,21,566,3,0.0,3626.47,1,1,0,0.0202,200.0,4.04,0.0,0.1429,3.45,0.0
15611756,2,31,4,1,47,537,4,124192.28,50881.51,1,1,0,0.7029,3925.77,2759.42,2.4408,0.0851,3.6,62096.14
15789563,2,33,2,1,46,706,7,111288.18,149170.25,1,1,1,0.8378,3463.65,2901.85,0.746,0.1522,4.05,111288.18
15702416,1,8,1,1,43,734,7,107805.67,182505.68,0,0,0,0.6585,3309.17,2179.09,0.5907,0.1628,1.05,107805.67
15766288,2,27,2,1,36,586,5,103700.69,194072.56,0,1,1,0.7475,3236.02,2418.92,0.5343,0.1389,1.75,103700.69
15667633,1,27,4,3,38,612,1,0.0,9209.21,1,1,0,0.1389,200.0,27.78,0.0,0.0263,3.15,0.0
15622774,1,7,2,3,34,648,0,0.0,167931.81,1,1,0,0.1924,125.0,24.05,0.0,0.0,3.0,0.0
15755416,1,21,2,3,27,557,3,87739.08,123096.56,1,1,0,0.1438,2757.17,396.48,0.7128,0.1111,3.45,87739.08
15769915,3,22,2,3,20,643,0,133313.34,3965.69,1,1,0,0.1167,4124.4,481.32,33.6082,0.0,3.0,133313.34
15643908,1,31,2,1,49,433,10,0.0,87711.61,1,1,0,0.8048,125.0,100.6,0.0,0.2041,4.5,0.0
15627395,2,7,2,2,41,643,7,154902.66,49667.28,1,1,0,0.4652,4772.08,2219.97,3.1187,0.1707,4.05,154902.66
15679663,1,26,4,3,36,488,0,0.0,136675.22,0,1,0,0.1785,200.0,35.7,0.0,0.0,1.0,0.0
15651581,2,19,2,1,68,758,6,112595.85,35865.44,0,1,1,0.9342,3502.88,3272.39,3.1393,0.0882,1.9,112595.85
15596379,2,9,1,2,39,743,3,119695.75,26136.13,1,0,0,0.6454,3665.87,2365.95,4.5795,0.0769,2.45,119695.75
15746674,1,33,2,1,47,730,7,0.0,33373.26,0,1,1,0.9269,125.0,115.86,0.0,0.1489,2.05,0.0
15801256,3,14,3,3,49,746,7,0.0,10096.25,1,0,0,0.2283,150.0,34.24,0.0,0.1429,3.05,0.0
15663808,2,32,4,2,59,666,8,152614.51,188782.3,1,1,0,0.4417,4778.44,2110.64,0.8084,0.1356,4.2,76307.26
15598521,2,27,3,3,33,580,7,131647.01,79775.19,0,0,0,0.2085,4099.41,854.73,1.6502,0.2121,1.05,65823.5
15621457,1,5,3,3,27,850,6,96654.72,152740.16,0,0,0,0.1305,3049.64,397.98,0.6328,0.2222,0.9,48327.36
15764726,1,1,1,3,22,563,3,137583.04,5791.85,1,0,0,0.2339,4202.49,982.96,23.7505,0.1364,2.45,137583.04
15646374,2,24,4,3,28,766,3,62717.84,13182.43,1,1,0,0.1563,2081.54,325.34,4.7573,0.1071,3.45,31358.92
15716501,1,7,1,3,32,659,9,95377.13,187551.24,1,0,0,0.1392,2936.31,408.73,0.5085,0.2812,3.35,95377.13
15589948,3,2,4,3,28,607,1,135936.1,110560.14,1,1,0,0.1517,4278.08,648.98,1.2295,0.0357,3.15,67968.05
15811343,2,7,6,1,35,644,5,161591.11,63795.62,1,1,0,0.9756,5122.73,4997.74,2.5329,0.1429,3.75,53863.7
15659677,1,14,2,2,47,746,8,142382.03,62086.62,1,1,0,0.4597,4396.46,2021.05,2.2932,0.1702,4.2,142382.03
15594436,3,7,4,3,33,588,2,0.0,12483.56,1,1,0,0.0539,200.0,10.78,0.0,0.0606,3.3,0.0
15748995,3,8,3,3,30,691,9,0.0,10963.04,1,0,0,0.0389,150.0,5.84,0.0,0.3,3.35,0.0
15677062,1,27,2,3,38,666,6,127043.09,8247.0,1,1,0,0.3378,3936.29,1329.68,15.4029,0.1579,3.9,127043.09
15697201,3,32,2,1,46,640,3,0.0,156260.08,1,1,0,0.7745,125.0,96.81,0.0,0.0652,3.45,0.0
15666453,2,22,4,3,29,611,4,78885.88,26927.69,1,1,0,0.1448,2566.58,371.64,2.9294,0.1379,3.6,39442.94
15693771,3,32,2,1,45,651,8,95922.9,84782.42,0,1,1,0.6518,3002.69,1957.15,1.1314,0.1778,2.2,95922.9
15569867,1,21,4,3,29,529,8,0.0,19842.11,0,1,0,0.054,200.0,10.8,0.0,0.2759,2.2,0.0
15711602,1,28,2,3,36,676,3,91711.59,95393.43,1,1,0,0.2383,2876.35,685.43,0.9614,0.0833,3.45,91711.59
15717736,2,32,4,1,46,639,10,110031.09,133995.59,1,1,0,0.7065,3500.93,2473.41,0.8211,0.2174,4.5,55015.54
15750441,1,9,3,3,36,782,5,81210.72,108003.38,1,0,0,0.1475,2586.32,381.48,0.7519,0.1389,2.75,40605.36
15732791,2,7,2,2,32,641,5,122947.92,99154.86,1,1,0,0.4397,3813.44,1676.77,1.2399,0.1562,3.75,122947.92
15775104,1,28,2,2,38,697,1,182065.85,49503.5,0,1,0,0.5862,5586.98,3275.09,3.6778,0.0263,1.15,182065.85
15757607,1,12,2,1,45,623,0,0.0,196533.72,0,1,1,0.8656,125.0,108.2,0.0,0.0,1.0,0.0
15793070,3,26,4,2,41,494,2,69974.66,188426.13,0,1,1,0.4631,2299.24,1064.78,0.3714,0.0488,1.3,34987.33
15760456,1,28,4,2,38,731,10,123711.73,171340.68,0,1,1,0.5395,3911.35,2110.17,0.722,0.2632,2.5,61855.86
15665385,1,7,2,2,44,657,6,76495.04,79071.89,0,1,0,0.6244,2419.85,1510.95,0.9674,0.1364,1.9,76495.04
15612418,1,29,3,3,38,744,9,0.0,20940.76,0,0,0,0.2182,150.0,32.73,0.0,0.2368,1.35,0.0
15727138,3,14,4,3,46,774,9,0.0,34774.26,1,1,0,0.1319,200.0,26.38,0.0,0.1957,4.35,0.0
15732061,2,35,1,1,45,850,1,121874.89,6865.41,0,0,1,0.9079,3731.25,3387.6,17.7494,0.0222,0.15,121874.89
15776051,1,31,4,3,45,551,6,0.0,51143.43,1,1,0,0.1838,200.0,36.76,0.0,0.1333,3.9,0.0
15616530,1,7,1,2,36,638,6,188455.19,47031.4,0,0,1,0.5529,5728.66,3167.38,4.0069,0.1667,0.9,188455.19
15632344,1,29,4,2,42,792,0,99045.93,47160.01,0,1,0,0.3835,3171.38,1216.22,2.1002,0.0,1.0,49522.96
15744979,1,27,1,2,36,666,8,0.0,158666.99,1,0,0,0.4692,75.0,35.19,0.0,0.2222,3.2,0.0
15745433,2,28,3,3,30,716,2,205770.78,65464.66,0,0,0,0.3217,6323.12,2034.15,3.1432,0.0667,0.3,102885.39
15683657,1,27,2,3,31,594,0,79340.95,78255.86,0,1,0,0.2596,2505.23,650.36,1.0139,0.0,1.0,79340.95
15718572,2,12,4,2,57,600,9,138456.03,103548.25,1,1,0,0.3722,4353.68,1620.44,1.3371,0.1579,4.35,69228.02
15665783,1,11,4,3,49,565,7,0.0,89609.26,1,1,0,0.1273,200.0,25.46,0.0,0.1429,4.05,0.0
15652782,2,13,3,3,48,678,2,101099.9,193476.04,1,0,0,0.348,3183.0,1107.68,0.5225,0.0417,2.3,50549.95
15707025,3,27,4,3,31,648,5,0.0,5199.02,1,1,0,0.0941,200.0,18.82,0.0,0.1613,3.75,0.0
15647807,1,7,2,2,40,642,8,109219.83,52827.51,0,1,0,0.5327,3401.59,1812.03,2.0674,0.2,2.2,109219.83
15718281,2,18,4,2,67,706,1,123276.69,86507.88,1,1,1,0.5566,3898.3,2169.79,1.425,0.0149,3.15,61638.34
15660571,3,7,2,3,43,668,10,113034.31,100423.88,1,1,0,0.2792,3516.03,981.68,1.1256,0.2326,4.5,113034.31
15727857,3,7,4,3,41,635,1,0.0,175611.5,0,1,0,0.0554,200.0,11.08,0.0,0.0244,1.15,0.0
15639252,3,7,4,3,30,603,6,129548.5,19282.85,1,1,0,0.2369,4086.46,968.08,6.718,0.2,3.9,64774.25
15628144,1,37,1,3,72,635,4,74812.84,27448.33,1,0,0,0.1798,2319.39,417.03,2.7255,0.0556,2.6,74812.84
15683560,1,27,4,3,40,642,7,0.0,183963.34,0,1,0,0.176,200.0,35.2,0.0,0.175,2.05,0.0
15653275,3,34,4,1,54,785,1,0.0,45113.92,0,1,1,0.7685,200.0,153.7,0.0,0.0185,1.15,0.0
15622182,2,22,4,3,28,628,3,153538.13,110776.01,0,1,0,0.1283,4806.14,616.63,1.386,0.1071,1.45,76769.06
15613962,1,26,3,3,38,499,9,0.0,183042.2,1,0,0,0.1537,150.0,23.06,0.0,0.2368,3.35,0.0
15618437,3,6,3,3,34,567,10,0.0,161571.79,1,0,0,0.0166,150.0,2.49,0.0,0.2941,3.5,0.0
15783338,3,6,2,3,32,449,0,155619.36,166692.03,1,1,0,0.1651,4793.58,791.42,0.9336,0.0,3.0,155619.36
15764491,3,8,4,3,35,701,10,159693.9,71173.64,1,1,0,0.0968,4990.82,483.11,2.2437,0.2857,4.5,79846.95
15712960,3,7,1,3,37,613,3,171653.17,5353.12,1,0,0,0.2208,5224.6,1153.59,32.06,0.0811,2.45,171653.17
15688157,2,28,4,3,39,683,2,47685.47,86019.48,1,1,0,0.2253,1630.56,367.37,0.5544,0.0513,3.3,23842.74
15579287,1,7,3,3,35,581,4,0.0,86383.82,1,0,0,0.0506,150.0,7.59,0.0,0.1143,2.6,0.0
15570931,1,17,1,1,61,620,5,0.0,31641.52,0,0,1,0.9527,75.0,71.45,0.0,0.082,0.75,0.0
15615177,3,1,2,3,28,561,6,123692.0,70548.96,1,1,0,0.1464,3835.76,561.56,1.7533,0.2143,3.9,123692.0
15809906,2,1,4,3,26,558,1,148853.29,24411.02,1,1,0,0.1142,4665.6,532.81,6.0975,0.0385,3.15,74426.64
15652169,1,7,1,3,35,642,2,133161.95,122254.86,1,0,0,0.1842,4069.86,749.67,1.0892,0.0571,2.3,133161.95
15649450,2,5,4,3,24,805,6,143221.35,186035.72,0,1,0,0.0922,4496.64,414.59,0.7699,0.25,1.9,71610.68
15777179,1,8,3,3,35,687,9,0.0,73133.82,1,0,0,0.0367,150.0,5.51,0.0,0.2571,3.35,0.0
15803538,3,13,6,1,56,695,1,0.0,187734.49,0,1,1,0.9899,275.0,272.22,0.0,0.0179,1.15,0.0
15610936,1,6,4,3,33,562,6,0.0,111590.35,0,1,0,0.0482,200.0,9.64,0.0,0.1818,1.9,0.0
15590094,2,7,3,3,38,613,9,126265.88,15859.95,0,0,0,0.3108,3937.98,1223.92,7.9608,0.2368,1.35,63132.94
15572706,1,7,2,2,37,589,5,0.0,61324.87,0,1,0,0.5417,125.0,67.71,0.0,0.1351,1.75,0.0
15634564,3,7,2,3,31,593,8,112713.34,176868.89,1,1,0,0.1175,3506.4,412.0,0.6373,0.2581,4.2,112713.34
15684296,1,8,1,3,34,714,5,141173.03,98896.06,1,0,0,0.1394,4310.19,600.84,1.4275,0.1471,2.75,141173.03
15702293,3,27,4,3,35,588,7,0.0,108739.15,1,1,0,0.0802,200.0,16.04,0.0,0.2,4.05,0.0
15642099,3,8,4,3,39,679,6,0.0,12266.06,0,1,0,0.0637,200.0,12.74,0.0,0.1538,1.9,0.0
15773273,3,8,2,3,38,730,5,118866.36,163317.5,1,1,0,0.1927,3690.99,711.25,0.7278,0.1316,3.75,118866.36
15613337,1,15,4,3,47,833,2,0.0,182247.77,1,1,0,0.0601,200.0,12.02,0.0,0.0426,3.3,0.0
15800482,3,27,4,3,33,586,7,0.0,168261.4,1,1,0,0.1154,200.0,23.08,0.0,0.2121,4.05,0.0
15732644,3,31,4,1,54,567,5,92316.31,158590.66,0,1,1,0.9684,2969.49,2875.65,0.5821,0.0926,1.75,46158.16
15713426,2,7,2,2,30,637,1,122185.53,102566.46,0,1,1,0.4409,3790.57,1671.26,1.1913,0.0333,1.15,122185.53
15640789,1,8,2,2,38,711,4,123345.85,141827.83,0,1,0,0.3606,3825.38,1379.43,0.8697,0.1053,1.6,123345.85
15598892,1,10,3,3,30,828,4,73070.18,161671.15,0,0,0,0.0311,2342.11,72.84,0.452,0.1333,0.6,36535.09
15606436,3,6,3,3,38,500,7,0.0,192013.23,0,0,0,0.0856,150.0,12.84,0.0,0.1842,1.05,0.0
15751227,1,15,1,1,47,807,1,95120.59,127875.1,0,0,0,0.7562,2928.62,2214.62,0.7438,0.0213,0.15,95120.59
15812365,1,10,2,2,40,850,8,102800.65,60811.56,0,1,0,0.4425,3209.02,1419.99,1.6905,0.2,2.2,102800.65
15616088,1,39,1,2,70,782,7,97072.42,131177.22,1,0,0,0.4314,2987.17,1288.67,0.74,0.1,3.05,97072.42
15803886,3,7,2,3,31,629,6,132876.55,130862.11,1,1,0,0.2163,4111.3,889.27,1.0154,0.1935,3.9,132876.55
15587311,3,7,3,3,33,582,6,0.0,72970.93,1,0,0,0.0453,150.0,6.8,0.0,0.1818,2.9,0.0
15617401,1,1,4,3,22,468,2,0.0,28123.99,0,1,0,0.0516,200.0,10.32,0.0,0.0909,1.3,0.0
15775886,1,8,2,2,36,670,3,0.0,140754.19,0,1,1,0.4848,125.0,60.6,0.0,0.0833,1.45,0.0
15807305,1,10,1,2,39,805,2,0.0,166650.32,0,0,0,0.4967,75.0,37.25,0.0,0.0513,0.3,0.0
15761717,1,3,4,3,26,720,10,51962.91,45507.24,0,1,0,0.1094,1758.89,192.42,1.1418,0.3846,2.5,25981.46
15628008,3,24,1,3,29,781,6,98759.89,112202.64,0,0,0,0.3122,3037.8,948.4,0.8802,0.2069,0.9,98759.89
15583755,2,7,2,3,33,592,2,156570.86,37140.2,1,1,0,0.3039,4822.13,1465.45,4.2156,0.0606,3.3,156570.86
15661409,1,26,2,2,42,542,1,0.0,178256.58,1,1,1,0.5711,125.0,71.39,0.0,0.0238,3.15,0.0
15774250,1,6,2,2,42,532,1,159024.71,100982.93,0,1,1,0.5196,4895.74,2543.83,1.5748,0.0238,1.15,159024.71
15681476,1,26,1,2,39,520,1,73493.17,109626.13,1,0,1,0.4827,2279.8,1100.46,0.6704,0.0256,2.15,73493.17
15654870,1,34,4,3,45,759,8,0.0,99251.24,1,1,0,0.2267,200.0,45.34,0.0,0.1778,4.2,0.0
15790448,1,26,2,2,35,473,6,69617.36,143345.69,0,1,0,0.6468,2213.52,1431.7,0.4857,0.1714,1.9,69617.36
15785326,3,27,4,2,35,639,5,136526.26,59653.03,0,1,0,0.3777,4295.79,1622.52,2.2886,0.1429,1.75,68263.13
15592854,1,3,1,3,25,705,3,113736.27,196864.61,1,0,0,0.1549,3487.09,540.15,0.5777,0.12,2.45,113736.27
15617486,1,11,1,1,52,530,1,106723.28,109960.4,0,0,1,0.8945,3276.7,2931.01,0.9706,0.0192,0.15,106723.28
15806796,2,26,2,2,33,516,10,138847.9,127256.7,1,1,0,0.472,4290.44,2025.09,1.0911,0.303,4.5,138847.9
15644699,1,30,4,3,40,850,0,0.0,1099.95,0,1,0,0.21,200.0,42.0,0.0,0.0,1.0,0.0
15622305,2,29,4,3,33,746,2,107868.14,146192.4,1,1,0,0.1807,3436.04,620.89,0.7378,0.0606,3.3,53934.07
15608209,2,7,4,3,33,622,3,96926.12,48553.77,0,1,0,0.1384,3107.78,430.12,1.9962,0.0909,1.45,48463.06
15626898,1,9,1,3,30,743,7,77599.23,144407.1,0,0,0,0.1846,2402.98,443.59,0.5374,0.2333,1.05,77599.23
15644297,2,8,2,3,38,732,5,178787.54,195760.53,1,1,0,0.3129,5488.63,1717.39,0.9133,0.1316,3.75,178787.54
15731569,1,20,4,3,81,850,5,0.0,44827.47,1,1,0,0.0115,200.0,2.3,0.0,0.0617,3.75,0.0
15582149,2,30,4,3,34,850,3,129668.43,88743.99,1,1,0,0.0476,4090.05,194.69,1.4611,0.0882,3.45,64834.22
15802483,1,8,4,3,34,686,6,146178.13,88837.11,1,1,0,0.1317,4585.34,603.89,1.6454,0.1765,3.9,73089.06
15686999,1,26,4,3,40,556,8,0.0,62112.7,0,1,0,0.191,200.0,38.2,0.0,0.2,2.2,0.0
15772479,1,8,3,3,37,673,4,0.0,163563.07,0,0,0,0.0644,150.0,9.66,0.0,0.1081,0.6,0.0
15778884,1,30,4,3,38,809,2,154763.21,174800.31,1,1,0,0.1148,4842.9,555.96,0.8854,0.0526,3.3,77381.6
15623630,2,32,1,1,56,634,3,116251.24,42429.88,1,0,1,0.8989,3562.54,3202.37,2.7398,0.0536,2.45,116251.24
15774316,1,7,4,3,37,630,6,0.0,82647.65,1,1,0,0.0427,200.0,8.54,0.0,0.1622,3.9,0.0
15695097,2,26,3,3,30,564,0,100954.88,134175.15,0,0,0,0.1961,3178.65,623.33,0.7524,0.0,0.0,50477.44
15645404,1,32,4,1,51,625,4,124620.01,92243.94,0,1,1,0.8983,3938.6,3538.04,1.351,0.0784,1.6,62310.0
15750574,3,28,4,3,34,677,4,0.0,6175.53,1,1,0,0.083,200.0,16.6,0.0,0.1176,3.6,0.0
15636812,1,7,1,2,40,583,9,112701.04,29213.63,0,0,0,0.5095,3456.03,1760.85,3.8577,0.225,1.35,112701.04
15712068,3,12,1,2,45,592,8,84692.5,67214.02,1,0,0,0.5213,2615.78,1363.61,1.26,0.1778,3.2,84692.5
15652030,2,12,2,1,49,637,2,108204.52,169037.84,0,1,1,0.9274,3371.14,3126.4,0.6401,0.0408,1.3,108204.52
15577398,1,10,2,3,30,850,6,86449.39,188809.23,1,1,0,0.1437,2718.48,390.65,0.4579,0.2,3.9,86449.39
15756848,3,7,1,3,42,633,10,0.0,79408.17,1,0,0,0.3432,75.0,25.74,0.0,0.2381,3.5,0.0
15806929,2,9,2,3,36,751,5,73194.99,89222.66,1,1,0,0.2468,2320.85,572.79,0.8204,0.1389,3.75,73194.99
15656005,2,7,2,2,31,592,7,124593.23,86079.67,0,1,0,0.5457,3862.8,2107.93,1.4474,0.2258,2.05,124593.23
15722632,2,13,2,1,50,716,2,119655.77,12944.17,1,1,1,0.8537,3714.67,3171.21,9.2433,0.04,3.3,119655.77
15794356,2,7,4,3,42,641,3,121765.37,166516.84,1,1,0,0.2404,3852.96,926.25,0.7312,0.0714,3.45,60882.68
15659656,1,10,1,3,35,849,4,110837.73,126419.8,0,0,0,0.2592,3400.13,881.31,0.8767,0.1143,0.6,110837.73
15588341,3,12,1,2,47,647,10,99835.17,89103.05,1,0,0,0.4216,3070.06,1294.34,1.1204,0.2128,3.5,99835.17
15709142,2,27,4,3,30,608,2,91057.37,132973.17,0,1,0,0.1822,2931.72,534.16,0.6848,0.0667,1.3,45528.68
15627042,1,21,4,3,26,555,7,0.0,93122.41,0,1,0,0.0577,200.0,11.54,0.0,0.2692,2.05,0.0
15627517,3,1,1,3,27,497,7,149400.27,167522.19,0,0,0,0.2822,4557.01,1285.99,0.8918,0.2593,1.05,149400.27
15803032,2,7,1,2,38,599,9,89111.63,157239.6,0,0,0,0.5872,2748.35,1613.83,0.5667,0.2368,1.35,89111.63
15665129,2,6,3,3,33,545,1,132527.9,107429.71,1,0,0,0.1244,4125.84,513.25,1.2336,0.0303,2.15,66263.95
15628272,1,29,2,2,36,774,9,114997.42,75304.09,0,1,0,0.3539,3574.92,1265.16,1.5271,0.25,2.35,114997.42
15678206,1,11,2,2,46,464,6,161798.53,182944.47,0,1,0,0.631,4978.96,3141.72,0.8844,0.1304,1.9,161798.53
15678427,2,23,4,3,27,696,2,96129.32,5983.7,1,1,0,0.1054,3083.88,325.04,16.0625,0.0741,3.3,48064.66
15678067,3,12,3,3,45,667,3,0.0,163655.01,0,0,0,0.1348,150.0,20.22,0.0,0.0667,0.45,0.0
15793331,1,10,4,3,32,812,5,133050.97,89385.92,0,1,0,0.0843,4191.53,353.35,1.4885,0.1562,1.75,66525.48
15699532,1,11,3,2,51,516,8,120124.35,168773.54,1,0,0,0.56,3753.73,2102.09,0.7117,0.1569,3.2,60062.18
15605827,1,7,3,3,39,645,8,0.0,96864.36,0,0,0,0.1065,150.0,15.98,0.0,0.2051,1.2,0.0
15643635,3,7,1,3,32,664,5,133705.74,134455.84,0,0,0,0.2867,4086.17,1171.5,0.9944,0.1562,0.75,133705.74
15787710,3,26,4,3,39,427,9,0.0,28368.37,0,1,0,0.2303,200.0,46.06,0.0,0.2308,2.35,0.0
15614137,1,28,4,3,40,685,7,0.0,103898.59,0,1,0,0.163,200.0,32.6,0.0,0.175,2.05,0.0
15754494,1,27,2,3,33,585,4,152805.05,63239.65,0,1,0,0.2697,4709.15,1270.06,2.4162,0.1212,1.6,152805.05
15713440,2,21,6,1,21,519,1,151701.45,170138.68,1,1,1,0.9282,4826.04,4479.53,0.8916,0.0476,3.15,50567.15
15803479,1,38,3,3,67,708,1,0.0,3837.08,1,0,0,0.1702,150.0,25.53,0.0,0.0149,2.15,0.0
15709639,1,23,2,3,22,717,5,112465.06,92977.75,1,1,0,0.1398,3498.95,489.15,1.2096,0.2273,3.75,112465.06
15601719,2,1,2,2,24,465,6,156007.09,191368.37,0,1,0,0.4211,4805.21,2023.47,0.8152,0.25,1.9,156007.09
15772482,2,5,6,1,28,829,3,132405.52,104889.2,0,1,1,0.9472,4247.17,4022.92,1.2623,0.1071,1.45,44135.17
15591489,1,5,1,3,26,826,5,142662.68,60285.3,0,0,0,0.2369,4354.88,1031.67,2.3664,0.1923,0.75,142662.68
15629002,2,9,4,3,36,747,8,102603.3,180693.61,1,1,0,0.1459,3278.1,478.27,0.5678,0.2222,4.2,51301.65
15798053,3,8,4,3,32,707,9,0.0,126475.79,0,1,0,0.0228,200.0,4.56,0.0,0.2812,2.35,0.0
15753895,3,7,3,3,37,590,1,0.0,133535.99,0,0,0,0.0534,150.0,8.01,0.0,0.027,0.15,0.0
15595426,3,12,4,2,57,603,6,105000.85,87412.24,1,1,1,0.4503,3350.03,1508.52,1.2012,0.1053,3.9,52500.42
15645815,1,12,4,3,45,615,5,0.0,164886.64,1,1,0,0.1137,200.0,22.74,0.0,0.1111,3.75,0.0
15632848,1,27,2,2,36,634,1,69518.95,116238.39,0,1,0,0.4457,2210.57,985.25,0.5981,0.0278,1.15,69518.95
15703068,2,8,4,3,41,716,8,126145.54,138051.19,1,1,0,0.1919,3984.37,764.6,0.9138,0.1951,4.2,63072.77
15791513,1,7,2,3,41,647,4,138937.35,101617.64,1,1,1,0.2731,4293.12,1172.45,1.3672,0.0976,3.6,138937.35
15587210,2,27,2,1,44,591,10,113581.98,1985.41,0,1,0,0.8791,3532.46,3105.39,57.1795,0.2273,2.5,113581.98
15793803,1,6,1,3,34,574,1,112572.39,165626.6,0,0,0,0.1302,3452.17,449.47,0.6797,0.0294,0.15,112572.39
15787756,2,11,4,1,51,467,10,114514.71,177784.68,0,1,1,0.8982,3635.44,3265.35,0.6441,0.1961,2.5,57257.36
15723437,1,28,4,3,35,701,2,0.0,65765.22,1,1,0,0.0934,200.0,18.68,0.0,0.0571,3.3,0.0
15702715,1,29,4,3,34,747,10,0.0,50759.8,1,1,0,0.0996,200.0,19.92,0.0,0.2941,4.5,0.0
15809872,1,7,2,3,32,650,2,84906.45,163216.48,0,1,0,0.1747,2672.19,466.83,0.5202,0.0625,1.3,84906.45
15644295,3,28,2,3,39,731,2,126816.18,74850.93,1,1,0,0.2436,3929.49,957.22,1.6942,0.0513,3.3,126816.18
15778694,2,22,4,3,26,638,1,105249.76,23491.09,1,1,0,0.0981,3357.49,329.37,4.4802,0.0385,3.15,52624.88
15759555,3,6,4,3,41,569,2,0.0,134272.57,0,1,0,0.0879,200.0,17.58,0.0,0.0488,1.3,0.0
15631406,2,11,2,1,50,459,5,109387.9,155721.15,0,1,0,0.9359,3406.64,3188.27,0.7025,0.1,1.75,109387.9
15616676,2,2,2,2,23,632,3,122478.51,147230.77,0,1,1,0.5532,3799.36,2101.81,0.8319,0.1304,1.45,122478.51
15771154,1,38,4,3,73,683,8,137732.23,133210.44,1,1,0,0.2236,4331.97,968.63,1.0339,0.1096,4.2,68866.12
15669491,1,35,2,2,46,850,2,157866.77,18986.12,1,1,0,0.3909,4861.0,1900.16,8.3144,0.0435,3.3,157866.77
15697691,1,26,2,2,41,512,6,0.0,100507.81,1,1,0,0.5004,125.0,62.55,0.0,0.1463,3.9,0.0
15665180,1,27,2,3,31,616,3,136789.14,59346.4,0,1,1,0.3227,4228.67,1364.59,2.3049,0.0968,1.45,136789.14
15752588,1,7,4,3,36,664,1,0.0,95372.64,1,1,0,0.0442,200.0,8.84,0.0,0.0278,3.15,0.0
15743051,1,8,2,3,30,694,10,144684.03,31805.49,1,1,0,0.1207,4465.52,538.99,4.5489,0.3333,4.5,144684.03
15571873,1,2,2,3,24,655,9,107065.31,51959.82,1,1,0,0.1276,3336.96,425.8,2.0605,0.375,4.35,107065.31
15679743,1,27,1,3,33,607,8,91301.72,130824.57,1,0,0,0.1783,2814.05,501.75,0.6979,0.2424,3.2,91301.72
15769412,3,8,3,2,39,684,4,207034.96,157694.76,0,0,1,0.3547,6361.05,2256.26,1.3129,0.1026,0.6,103517.48
15775124,3,9,4,3,37,763,8,0.0,933.38,1,1,0,0.0483,200.0,9.66,0.0,0.2162,4.2,0.0
15732113,3,13,1,1,50,671,8,0.0,2560.11,1,0,0,0.76,75.0,57.0,0.0,0.16,3.2,0.0
15578141,3,7,2,2,38,592,3,0.0,12905.89,1,1,1,0.5099,125.0,63.74,0.0,0.0789,3.45,0.0
15595874,3,27,4,3,36,666,6,0.0,176692.87,0,1,0,0.1716,200.0,34.32,0.0,0.1667,1.9,0.0
15755642,1,7,4,3,34,667,5,0.0,102908.63,1,1,0,0.0346,200.0,6.92,0.0,0.1471,3.75,0.0
15576526,3,10,3,3,36,850,6,0.0,41291.05,1,0,0,0.0558,150.0,8.37,0.0,0.1667,2.9,0.0
15792489,3,7,4,3,42,622,9,0.0,119127.06,0,1,0,0.1027,200.0,20.54,0.0,0.2143,2.35,0.0
15733705,1,26,3,3,30,577,8,92472.1,126434.61,1,0,0,0.1178,2924.16,344.47,0.7314,0.2667,3.2,46236.05
15807221,3,1,3,3,21,555,1,0.0,103901.35,0,0,0,0.0473,150.0,7.1,0.0,0.0476,0.15,0.0
15573045,1,16,4,3,62,547,10,127738.75,85153.0,1,1,0,0.2609,4032.16,1051.99,1.5001,0.1613,4.5,63869.38
15756824,2,32,4,1,50,613,5,101242.98,12493.61,0,1,0,0.8278,3237.29,2679.83,8.1029,0.1,1.75,50621.49
15773520,1,28,4,2,43,672,4,92599.55,167336.78,1,1,0,0.3735,2977.99,1112.28,0.5534,0.093,3.6,46299.78
15627439,3,27,3,3,36,624,10,0.0,186180.42,1,0,0,0.0989,150.0,14.84,0.0,0.2778,3.5,0.0
15701439,3,33,8,1,50,698,1,0.0,88566.9,0,1,1,0.986,350.0,345.1,0.0,0.02,1.15,0.0
15785352,1,7,1,2,37,606,6,82373.94,172526.9,0,0,1,0.4038,2546.22,1028.16,0.4775,0.1622,0.9,82373.94
15616525,3,8,1,3,31,720,4,141356.47,137985.69,0,0,0,0.3251,4315.69,1403.03,1.0244,0.129,0.6,141356.47
15717489,1,5,2,2,23,835,9,0.0,19793.73,0,1,1,0.4549,125.0,56.86,0.0,0.3913,2.35,0.0
15795737,3,34,4,2,47,771,3,72664.0,107874.39,1,1,0,0.5285,2379.92,1257.79,0.6736,0.0638,3.45,36332.0
15693877,1,35,3,1,47,811,3,123365.34,171995.34,0,0,0,0.6993,3850.96,2692.98,0.7173,0.0638,0.45,61682.67
15576111,2,8,2,1,33,734,5,121898.58,61829.89,0,1,0,0.654,3781.96,2473.4,1.9715,0.1515,1.75,121898.58
15595713,3,6,2,2,33,548,6,0.0,31728.35,1,1,0,0.3929,125.0,49.11,0.0,0.1818,3.9,0.0
15808868,1,27,5,1,31,652,3,103696.97,155221.05,0,0,1,0.869,3335.91,2898.91,0.6681,0.0968,0.45,34565.66
15708193,1,8,3,3,33,707,2,0.0,130866.95,0,0,0,0.0467,150.0,7.0,0.0,0.0606,0.3,0.0
15697801,2,32,4,1,56,605,1,74129.18,62199.78,1,1,1,0.7249,2423.88,1757.07,1.1918,0.0179,3.15,37064.59
15770121,1,27,2,2,34,623,9,0.0,24255.21,0,1,0,0.4841,125.0,60.51,0.0,0.2647,2.35,0.0
15800524,2,3,2,2,29,686,3,185379.02,64679.07,0,1,0,0.4478,5686.37,2546.36,2.8661,0.1034,1.45,185379.02
15686236,2,31,2,1,47,525,1,118087.68,88120.78,0,1,1,0.9556,3667.63,3504.79,1.3401,0.0213,1.15,118087.68
15659807,3,7,2,3,41,657,8,109402.13,66463.62,1,1,0,0.2235,3407.06,761.48,1.646,0.1951,4.2,109402.13
15736078,2,28,2,1,33,730,7,130367.87,15142.1,0,1,1,0.6779,4036.04,2736.03,8.6091,0.2121,2.05,130367.87
15620836,2,30,4,3,34,816,2,108410.87,102908.91,0,1,0,0.1424,3452.33,491.61,1.0535,0.0588,1.3,54205.44
15698184,1,31,3,1,50,484,2,90408.16,48170.57,0,0,0,0.7846,2862.24,2245.71,1.8768,0.04,0.3,45204.08
15717643,1,28,4,3,34,728,6,90425.15,11597.69,1,1,0,0.2068,2912.75,602.36,7.7962,0.1765,3.9,45212.58
15776596,3,28,2,2,39,730,6,140094.59,172450.04,0,1,1,0.5245,4327.84,2269.95,0.8124,0.1538,1.9,140094.59
15814757,3,6,3,3,31,477,9,0.0,184061.17,1,0,0,0.0473,150.0,7.1,0.0,0.2903,3.35,0.0
15812607,2,32,2,1,46,663,6,95439.4,21038.58,1,1,1,0.8184,2988.18,2445.53,4.5362,0.1304,3.9,95439.4
15663888,2,6,4,3,34,549,6,204017.4,109538.35,0,1,0,0.2051,6320.52,1296.34,1.8625,0.1765,1.9,102008.7
15748882,3,3,4,3,29,714,9,0.0,129192.55,0,1,0,0.034,200.0,6.8,0.0,0.3103,2.35,0.0
15690829,2,11,2,1,49,430,3,137115.16,146516.86,0,1,1,0.9126,4238.45,3868.01,0.9358,0.0612,1.45,137115.16
15695819,2,6,4,2,43,504,5,134740.19,181430.91,0,1,0,0.4226,4242.21,1792.76,0.7426,0.1163,1.75,67370.1
15696834,1,21,3,3,29,530,5,0.0,121451.21,0,0,0,0.137,150.0,20.55,0.0,0.1724,0.75,0.0
15797710,2,2,1,3,29,619,4,98955.87,131712.51,1,0,0,0.3187,3043.68,970.02,0.7513,0.1379,2.6,98955.87
15700654,2,7,4,2,44,617,9,49157.09,53294.17,0,1,0,0.4213,1674.71,705.56,0.9224,0.2045,2.35,24578.54
15583764,2,9,1,2,31,791,1,130240.33,96546.55,0,0,0,0.4225,3982.21,1682.48,1.349,0.0323,0.15,130240.33
15688849,1,12,6,1,48,609,1,108019.27,184524.65,1,1,1,0.9837,3515.58,3458.28,0.5854,0.0208,3.15,36006.42
15661473,2,14,2,1,51,780,4,126725.25,195259.31,0,1,1,0.9517,3926.76,3737.1,0.649,0.0784,1.6,126725.25
15601030,2,29,2,2,34,777,5,96693.66,172618.52,1,1,0,0.4396,3025.81,1330.15,0.5602,0.1471,3.75,96693.66
15789557,2,25,2,2,27,817,7,129810.6,59259.44,1,1,0,0.4691,4019.32,1885.46,2.1905,0.2593,4.05,129810.6
15745250,1,15,1,1,58,850,8,156652.13,25899.21,0,0,1,0.9209,4774.56,4396.89,6.0483,0.1379,1.2,156652.13
15590349,1,28,1,2,36,732,9,0.0,3749.0,0,0,1,0.554,75.0,41.55,0.0,0.25,1.35,0.0
15741693,1,8,2,3,40,693,4,130661.96,101918.96,1,1,0,0.2532,4044.86,1024.16,1.282,0.1,3.6,130661.96
15618446,1,31,4,3,50,576,8,0.0,57802.62,1,1,0,0.2603,200.0,52.06,0.0,0.16,4.2,0.0
15766552,1,7,3,3,37,643,6,0.0,142454.77,0,0,0,0.0678,150.0,10.17,0.0,0.1622,0.9,0.0
15668775,1,14,2,1,47,757,3,130747.1,143829.54,0,1,0,0.7086,4047.41,2867.99,0.909,0.0638,1.45,130747.1
15757895,2,6,1,2,30,569,6,106629.49,44114.88,1,0,0,0.5128,3273.88,1678.85,2.417,0.2,2.9,106629.49
15774551,3,9,2,3,36,772,3,112029.83,186948.35,1,1,0,0.199,3485.89,693.69,0.5993,0.0833,3.45,112029.83
15684011,2,1,1,2,29,576,7,130575.26,173629.78,1,0,0,0.3545,3992.26,1415.26,0.752,0.2414,3.05,130575.26
15736146,2,2,2,3,28,608,4,96679.71,49133.45,1,1,0,0.3184,3025.39,963.28,1.9677,0.1429,3.6,96679.71
15656286,1,9,3,3,33,794,0,0.0,178122.71,0,0,0,0.1013,150.0,15.2,0.0,0.0,0.0,0.0
15774847,1,12,1,1,50,593,6,171740.69,20893.61,0,0,0,0.7548,5227.22,3945.51,8.2194,0.12,0.9,171740.69
15619340,3,7,4,3,38,597,1,0.0,41303.29,0,1,0,0.0628,200.0,12.56,0.0,0.0263,1.15,0.0
15815656,2,26,2,1,39,541,9,100116.67,199808.1,1,1,1,0.7724,3128.5,2416.45,0.5011,0.2308,4.35,100116.67
15623357,2,3,1,2,24,692,2,120596.93,180490.53,1,0,0,0.6087,3692.91,2247.87,0.6682,0.0833,2.3,120596.93
15601324,1,33,4,3,48,697,1,0.0,87400.53,1,1,0,0.2794,200.0,55.88,0.0,0.0208,3.15,0.0
15715510,1,4,4,3,29,768,2,95984.69,73686.75,1,1,0,0.1052,3079.54,323.97,1.3026,0.069,3.3,47992.34
15663770,1,10,2,3,38,802,1,142557.11,172497.73,1,1,0,0.1465,4401.71,644.85,0.8264,0.0263,3.15,142557.11
15779267,1,12,4,3,47,584,5,0.0,89286.29,0,1,0,0.2363,200.0,47.26,0.0,0.1064,1.75,0.0
15597957,3,17,3,3,66,614,2,0.0,180082.7,1,0,0,0.1222,150.0,18.33,0.0,0.0303,2.3,0.0
15584620,2,30,2,1,36,850,6,143644.16,22102.25,0,1,1,0.6573,4434.32,2914.68,6.4988,0.1667,1.9,143644.16
15750772,1,28,1,3,38,671,6,132129.72,76068.95,1,0,0,0.2595,4038.89,1048.09,1.737,0.1579,2.9,132129.72
15706557,1,32,4,1,52,626,0,0.0,32159.46,0,1,1,0.702,200.0,140.4,0.0,0.0,1.0,0.0
15594391,1,39,1,1,68,770,2,183555.24,159557.28,0,0,1,0.9529,5581.66,5318.76,1.1504,0.0294,0.3,183555.24
15661656,1,7,4,3,38,633,2,91902.56,107673.35,1,1,0,0.1887,2957.08,558.0,0.8535,0.0526,3.3,45951.28
15631217,1,7,1,3,40,663,6,156218.19,33607.72,1,0,0,0.2645,4761.55,1259.43,4.6481,0.15,2.9,156218.19
15588955,2,27,6,1,43,581,5,93259.57,141035.65,0,1,1,0.9815,3072.79,3015.94,0.6612,0.1163,1.75,31086.52
15758252,2,31,3,2,45,561,2,168085.38,115719.08,1,0,0,0.4171,5192.56,2165.82,1.4525,0.0444,2.3,84042.69
15740223,2,11,6,1,51,479,1,107714.74,86128.21,0,1,1,0.9833,3506.44,3447.88,1.2506,0.0196,1.15,35904.91
15805413,1,29,4,3,31,769,6,117852.26,147668.64,0,1,0,0.2805,3735.57,1047.83,0.7981,0.1935,1.9,58926.13
15635116,3,17,2,1,60,659,2,0.0,177480.45,0,1,1,0.9619,125.0,120.24,0.0,0.0333,1.3,0.0
15764892,3,32,4,2,51,590,10,84474.62,190937.09,1,1,0,0.5169,2734.24,1413.33,0.4424,0.1961,4.5,42237.31
15795936,1,11,4,2,50,560,3,0.0,84531.79,0,1,0,0.452,200.0,90.4,0.0,0.06,1.45,0.0
15655232,2,6,4,3,35,437,6,126803.34,161133.4,1,1,0,0.1568,4004.1,627.84,0.7869,0.1714,3.9,63401.67
15640133,1,27,4,3,34,661,0,0.0,185555.63,0,1,0,0.1093,200.0,21.86,0.0,0.0,1.0,0.0
15751524,2,28,2,3,36,677,10,68806.84,33075.24,0,1,0,0.3158,2189.21,691.35,2.0802,0.2778,2.5,68806.84
15670552,1,26,2,3,31,560,3,115141.18,39806.75,0,1,0,0.2743,3579.24,981.79,2.8924,0.0968,1.45,115141.18
15623966,1,26,3,3,35,578,2,0.0,26389.92,1,0,0,0.1444,150.0,21.66,0.0,0.0571,2.3,0.0
15752193,3,6,2,3,34,421,6,90723.36,12162.76,1,1,0,0.224,2846.7,637.66,7.4585,0.1765,3.9,90723.36
15607269,2,31,4,2,49,492,2,151249.45,167237.94,1,1,0,0.6077,4737.48,2878.97,0.9044,0.0408,3.3,75624.73
15700752,1,26,4,3,32,545,6,0.0,52067.37,1,1,0,0.0767,200.0,15.34,0.0,0.1875,3.9,0.0
15777901,2,27,2,1,43,640,9,94752.49,184006.36,0,1,1,0.8942,2967.57,2653.6,0.5149,0.2093,2.35,94752.49
15639117,3,27,2,2,34,624,6,0.0,582.59,0,1,1,0.5611,125.0,70.14,0.0,0.1765,1.9,0.0
15720203,3,1,2,3,28,577,7,0.0,143274.41,0,1,0,0.3187,125.0,39.84,0.0,0.25,2.05,0.0
15586236,1,8,6,1,31,704,5,132084.66,54474.48,1,1,1,0.9555,4237.54,4048.97,2.4247,0.1613,3.75,44028.22
15676645,1,11,4,3,45,523,5,0.0,121428.2,1,1,0,0.1625,200.0,32.5,0.0,0.1111,3.75,0.0
15715988,1,9,4,3,35,793,2,0.0,79704.12,1,1,0,0.0341,200.0,6.82,0.0,0.0571,3.3,0.0
15603749,1,31,2,1,53,564,2,45472.28,41055.71,1,1,1,0.6721,1489.17,1000.87,1.1075,0.0377,3.3,45472.28
15608956,1,8,1,3,33,711,1,0.0,41590.4,0,0,0,0.2753,75.0,20.65,0.0,0.0303,0.15,0.0
15733872,2,29,3,3,33,791,10,130229.71,54019.93,0,0,1,0.1545,4056.89,626.79,2.4107,0.303,1.5,65114.86
15666982,2,27,2,1,38,629,9,123948.85,76053.07,0,1,0,0.7299,3843.47,2805.35,1.6297,0.2368,2.35,123948.85
15602647,2,8,2,1,39,729,6,127415.85,184977.2,1,1,1,0.6544,3947.48,2583.23,0.6888,0.1538,3.9,127415.85
15623063,2,7,2,2,35,651,8,110067.71,127678.95,0,1,1,0.5962,3427.03,2043.2,0.8621,0.2286,2.2,110067.71
15682928,3,8,2,2,39,695,4,65521.2,1243.97,1,1,0,0.387,2090.64,809.08,52.6287,0.1026,3.6,65521.2
15729246,3,10,4,3,31,847,5,0.0,76326.67,1,1,0,0.0307,200.0,6.14,0.0,0.1613,3.75,0.0
15588928,1,13,4,3,47,704,5,0.0,145338.61,1,1,0,0.0882,200.0,17.64,0.0,0.1064,3.75,0.0
15803352,2,7,4,3,33,613,3,155736.42,57751.21,1,1,0,0.1248,4872.09,608.04,2.6966,0.0909,3.45,77868.21
15607485,3,23,3,3,29,692,4,0.0,138880.24,0,0,0,0.1712,150.0,25.68,0.0,0.1379,0.6,0.0
15656249,1,28,4,3,34,720,3,118307.57,136120.29,1,1,0,0.1571,3749.23,589.0,0.8691,0.0882,3.45,59153.78
15761783,1,6,2,2,41,577,6,0.0,167621.18,1,1,0,0.4308,125.0,53.85,0.0,0.1463,3.9,0.0
15716605,2,23,4,3,24,710,7,103099.17,173276.62,0,1,0,0.2068,3292.98,680.99,0.595,0.2917,2.05,51549.58
15757425,1,28,4,3,38,716,1,0.0,99661.46,1,1,0,0.1101,200.0,22.02,0.0,0.0263,3.15,0.0
15603096,1,6,1,2,33,410,6,125789.69,66333.56,0,0,1,0.5547,3848.69,2134.87,1.8963,0.1818,0.9,125789.69
15588580,2,27,2,2,36,584,4,109646.83,70240.79,1,1,0,0.5583,3414.4,1906.26,1.561,0.1111,3.6,109646.83
15770539,1,9,2,3,30,792,1,127187.86,113553.42,1,1,0,0.0866,3940.64,341.26,1.1201,0.0333,3.15,127187.86
15572022,1,27,1,2,36,605,6,0.0,690.84,1,0,0,0.4745,75.0,35.59,0.0,0.1667,2.9,0.0
15571843,3,1,2,3,24,486,1,0.0,98802.76,0,1,0,0.3162,125.0,39.52,0.0,0.0417,1.15,0.0
15752502,1,7,1,2,41,615,4,130385.82,130661.95,1,0,0,0.3737,3986.57,1489.78,0.9979,0.0976,2.6,130385.82
15609058,1,3,1,3,23,676,1,107787.47,116378.82,1,0,0,0.1334,3308.62,441.37,0.9262,0.0435,2.15,107787.47
15775108,1,6,3,3,34,571,1,99325.04,186052.15,1,0,0,0.1047,3129.75,327.68,0.5339,0.0294,2.15,49662.52
15708904,1,30,1,2,37,850,9,0.0,100101.06,0,0,0,0.5647,75.0,42.35,0.0,0.2432,1.35,0.0
15600086,1,13,2,2,48,717,7,123764.95,169952.82,1,1,0,0.4545,3837.95,1744.35,0.7282,0.1458,4.05,123764.95
15814675,2,27,2,1,39,642,8,128264.03,61792.76,0,1,1,0.7867,3972.92,3125.5,2.0757,0.2051,2.2,128264.03
15572777,3,14,2,2,47,780,7,86006.21,37973.13,1,1,0,0.3826,2705.19,1035.01,2.2649,0.1489,4.05,86006.21
15585106,2,26,4,3,38,492,8,57068.43,188974.81,0,1,0,0.2297,1912.05,439.2,0.302,0.2105,2.2,28534.22
15738936,2,4,3,3,29,760,5,103607.24,86334.64,1,0,0,0.1471,3258.22,479.28,1.2001,0.1724,2.75,51803.62
15750970,3,6,2,3,40,500,1,99004.24,152845.99,1,1,0,0.2222,3095.13,687.74,0.6477,0.025,3.15,99004.24
15725772,3,27,4,3,36,654,2,0.0,146652.11,1,1,0,0.081,200.0,16.2,0.0,0.0556,3.3,0.0
15692106,3,22,6,1,25,606,3,147386.72,45482.04,0,1,1,0.9562,4696.6,4490.89,3.2405,0.12,1.45,49128.91
15791533,3,6,2,1,42,367,6,93608.28,168816.73,0,1,1,0.8794,2933.25,2579.5,0.5545,0.1429,1.9,93608.28
15715715,3,9,4,3,38,799,2,0.0,59297.34,1,1,0,0.0322,200.0,6.44,0.0,0.0526,3.3,0.0
15785576,2,16,2,1,71,434,9,119496.87,125848.88,0,1,0,0.9309,3709.91,3453.56,0.9495,0.1268,2.35,119496.87
15798834,3,28,1,2,32,719,7,0.0,76264.27,0,0,0,0.4979,75.0,37.34,0.0,0.2188,1.05,0.0
15744127,1,27,4,3,37,641,2,0.0,3939.87,0,1,0,0.2103,200.0,42.06,0.0,0.0541,1.3,0.0
15637427,3,21,4,3,25,461,6,0.0,15306.29,1,1,0,0.0623,200.0,12.46,0.0,0.24,3.9,0.0
15576990,2,24,2,2,25,790,5,152885.77,58214.79,0,1,0,0.4238,4711.57,1996.76,2.6262,0.2,1.75,152885.77
15615352,1,7,3,3,31,588,4,99607.37,35877.03,1,0,0,0.1245,3138.22,390.71,2.7763,0.129,2.6,49803.68
15647333,1,2,2,3,27,621,4,137003.68,21254.06,0,1,0,0.2489,4235.11,1054.12,6.4457,0.1481,1.6,137003.68
15572050,2,14,2,1,48,768,3,122831.58,24533.89,1,1,1,0.8551,3809.95,3257.89,5.0064,0.0625,3.45,122831.58
15581370,3,8,4,3,38,681,2,99811.44,23531.5,0,1,0,0.2526,3194.34,806.89,4.2414,0.0526,1.3,49905.72
15813503,3,7,4,3,37,606,8,154712.58,89099.18,0,1,0,0.2892,4841.38,1400.13,1.7364,0.2162,2.2,77356.29
15769783,3,6,2,3,37,542,8,0.0,807.06,1,1,0,0.2666,125.0,33.33,0.0,0.2162,4.2,0.0
15793135,2,23,2,3,24,713,7,147687.24,121592.5,1,1,0,0.2714,4555.62,1236.4,1.2146,0.2917,4.05,147687.24
15599182,3,27,4,3,33,597,2,0.0,4700.66,1,1,0,0.0854,200.0,17.08,0.0,0.0606,3.3,0.0
15689517,1,2,2,3,27,635,3,127009.83,161909.95,0,1,0,0.1666,3935.29,655.62,0.7844,0.1111,1.45,127009.83
15641366,2,17,1,1,61,599,1,124737.96,90389.61,1,0,1,0.8113,3817.14,3096.85,1.38,0.0164,2.15,124737.96
15588859,3,26,4,1,44,496,0,179356.28,2919.21,0,1,1,0.7804,5580.69,4355.17,61.419,0.0,1.0,89678.14
15732293,3,9,4,3,31,759,8,0.0,99086.74,1,1,0,0.0248,200.0,4.96,0.0,0.2581,4.2,0.0
15568032,2,9,6,1,31,757,1,127320.36,163170.32,0,1,0,0.9034,4094.61,3699.07,0.7803,0.0323,1.15,42440.12
15623525,3,6,2,3,31,564,0,125175.58,72757.33,1,1,0,0.1855,3880.27,719.79,1.7204,0.0,3.0,125175.58
15606601,1,21,4,3,22,561,6,186788.96,73286.8,0,1,0,0.2533,5803.67,1470.07,2.5487,0.2727,1.9,93394.48
15800811,1,8,1,2,40,702,3,148556.74,146056.29,1,0,0,0.356,4531.7,1613.29,1.0171,0.075,2.45,148556.74
15610711,2,28,1,1,40,678,8,128644.46,167673.37,0,0,0,0.8071,3934.33,3175.4,0.7672,0.2,1.2,128644.46
15809654,1,33,4,2,46,707,7,127476.73,146011.55,1,1,0,0.4956,4024.3,1994.44,0.8731,0.1522,4.05,63738.36
15576077,1,22,1,3,27,610,9,159561.93,103381.47,1,0,0,0.2171,4861.86,1055.51,1.5434,0.3333,3.35,159561.93
15643378,1,9,2,3,42,744,1,112419.92,83022.92,1,1,0,0.2789,3497.6,975.48,1.3541,0.0238,3.15,112419.92
15566790,1,2,3,3,28,598,8,129991.76,46041.08,1,0,0,0.1041,4049.75,421.58,2.8233,0.2857,3.2,64995.88
15774402,3,6,1,2,36,562,5,0.0,182843.24,1,0,0,0.6043,75.0,45.32,0.0,0.1389,2.75,0.0
15694641,3,32,4,3,59,621,2,0.0,171364.18,1,1,0,0.2432,200.0,48.64,0.0,0.0339,3.3,0.0
15605916,1,32,2,1,50,659,3,0.0,183399.12,0,1,1,0.9432,125.0,117.9,0.0,0.06,1.45,0.0
15812356,2,28,3,2,40,722,6,89175.06,152883.95,1,0,0,0.4534,2825.25,1280.97,0.5833,0.15,2.9,44587.53
15644179,1,27,4,3,39,606,3,0.0,50560.45,0,1,1,0.2312,200.0,46.24,0.0,0.0769,1.45,0.0
15771674,3,27,4,2,39,603,5,162390.52,54702.66,0,1,0,0.3871,5071.72,1963.26,2.9685,0.1282,1.75,81195.26
15623314,2,31,2,1,59,506,3,190353.08,78365.75,0,1,0,0.9171,5835.59,5351.82,2.429,0.0508,1.45,190353.08
15613292,1,3,4,3,21,715,8,0.0,68666.63,0,1,0,0.0364,200.0,7.28,0.0,0.381,2.2,0.0
15813871,1,13,4,3,47,690,2,0.0,151375.73,0,1,0,0.2186,200.0,43.72,0.0,0.0426,1.3,0.0
15759480,1,27,2,3,40,644,10,139180.97,19959.67,1,1,0,0.3288,4300.43,1413.98,6.9728,0.25,4.5,139180.97
15587712,1,7,2,3,36,589,8,114435.47,26955.72,0,1,0,0.2986,3558.06,1062.44,4.2452,0.2222,2.2,114435.47
15671165,1,37,2,3,66,592,5,149950.19,76267.59,1,1,0,0.3022,4623.51,1397.22,1.9661,0.0758,3.75,149950.19
15620746,1,7,2,2,42,632,4,126115.6,100998.5,0,1,0,0.5162,3908.47,2017.55,1.2487,0.0952,1.6,126115.6
15706537,2,31,1,1,59,577,7,111396.97,191070.01,1,0,0,0.8992,3416.91,3072.49,0.583,0.1186,3.05,111396.97
15589312,1,7,1,3,30,588,3,115007.08,176858.5,0,0,0,0.1734,3525.21,611.27,0.6503,0.1,0.45,115007.08
15741180,1,12,2,2,54,617,6,102141.9,45325.26,1,1,0,0.4876,3189.26,1555.08,2.2535,0.1111,3.9,102141.9
15733888,3,27,2,2,36,668,3,133686.52,190958.48,0,1,1,0.3743,4135.6,1547.96,0.7001,0.0833,1.45,133686.52
15798532,1,10,3,3,32,810,9,120879.73,78896.59,1,0,0,0.0605,3776.39,228.47,1.5321,0.2812,3.35,60439.86
15577359,3,14,2,1,47,767,5,0.0,121964.46,0,1,1,0.8915,125.0,111.44,0.0,0.1064,1.75,0.0
15614936,3,33,1,2,49,718,10,82321.88,11144.4,1,0,0,0.6388,2544.66,1625.53,7.3862,0.2041,3.5,82321.88
15747647,3,22,4,3,27,589,4,0.0,144181.48,0,1,0,0.1119,200.0,22.38,0.0,0.1481,1.6,0.0
15588566,3,9,4,3,33,778,5,116474.28,32757.55,1,1,0,0.1463,3694.23,540.47,3.5555,0.1515,3.75,58237.14
15570141,1,28,2,3,34,724,3,132352.69,80320.3,0,1,0,0.298,4095.58,1220.48,1.6478,0.0882,1.45,132352.69
15800793,2,26,2,2,39,477,4,182491.57,185830.72,0,1,0,0.5599,5599.75,3135.3,0.982,0.1026,1.6,182491.57
15572415,1,7,4,3,34,580,6,0.0,160095.31,1,1,0,0.0283,200.0,5.66,0.0,0.1765,3.9,0.0
15635125,3,16,4,3,63,566,2,120787.18,52198.84,1,1,0,0.3284,3823.62,1255.68,2.3139,0.0317,3.3,60393.59
15636551,1,23,4,3,29,711,3,130181.47,31811.44,0,1,0,0.211,4105.44,866.25,4.0922,0.1034,1.45,65090.74
15600912,2,8,4,3,32,706,5,88348.43,104181.78,1,1,0,0.1495,2850.45,426.14,0.848,0.1562,3.75,44174.22
15768476,3,8,4,3,31,703,6,0.0,67667.19,1,1,0,0.0461,200.0,9.22,0.0,0.1935,3.9,0.0
15650266,2,8,4,3,39,679,2,146186.28,193974.47,1,1,0,0.0985,4585.59,451.68,0.7536,0.0513,3.3,73093.14
15621004,1,7,2,2,32,603,7,0.0,198055.94,0,1,1,0.5768,125.0,72.1,0.0,0.2188,2.05,0.0
15748352,3,7,1,3,34,598,0,104488.17,43249.67,1,0,0,0.1675,3209.65,537.62,2.4159,0.0,2.0,104488.17
15788920,2,30,4,3,32,836,4,109196.67,55218.02,0,1,0,0.1292,3475.9,449.09,1.9775,0.125,1.6,54598.34
15743236,1,38,2,1,61,687,7,80538.56,131305.37,0,1,1,0.9256,2541.16,2352.1,0.6134,0.1148,2.05,80538.56
15637717,2,8,4,3,41,704,4,109026.8,43117.1,1,1,0,0.2701,3470.8,937.46,2.5286,0.0976,3.6,54513.4
15635500,2,17,1,3,75,605,2,61319.63,186655.11,1,0,0,0.0682,1914.59,130.58,0.3285,0.0267,2.3,61319.63
15634792,1,26,3,3,40,516,9,0.0,33266.29,1,0,0,0.1557,150.0,23.36,0.0,0.225,3.35,0.0
15607560,1,26,4,3,39,572,2,0.0,555.28,1,1,0,0.1352,200.0,27.04,0.0,0.0513,3.3,0.0
15727177,1,6,2,1,42,557,6,177822.03,150944.31,0,1,1,0.712,5459.66,3887.28,1.1781,0.1429,1.9,177822.03
15774358,2,11,2,1,59,443,4,110939.3,72846.58,0,1,1,0.9681,3453.18,3343.02,1.5229,0.0678,1.6,110939.3
15791304,2,2,2,3,25,604,7,165413.43,35279.74,1,1,0,0.2066,5087.4,1051.06,4.6885,0.28,4.05,165413.43
15603328,1,1,2,3,27,483,1,77805.66,2101.89,1,1,0,0.1295,2459.17,318.46,36.9994,0.037,3.15,77805.66
15804937,1,13,3,3,50,702,3,0.0,94949.84,0,0,0,0.2744,150.0,41.16,0.0,0.06,0.45,0.0
15804142,3,33,4,1,57,670,3,175575.95,99061.75,0,1,1,0.9379,5467.28,5127.76,1.7724,0.0526,1.45,87787.98
15608845,3,30,2,2,38,804,3,124197.22,74692.06,0,1,0,0.3952,3850.92,1521.88,1.6628,0.0789,1.45,124197.22
15702434,1,30,4,3,30,850,3,0.0,116692.8,0,1,0,0.0645,200.0,12.9,0.0,0.1,1.45,0.0
15632609,1,26,2,2,39,554,10,160132.75,32824.15,0,1,0,0.4735,4928.98,2333.87,4.8784,0.2564,2.5,160132.75
15603550,2,27,4,3,37,588,7,70258.88,139607.61,0,1,0,0.2298,2307.77,530.33,0.5033,0.1892,2.05,35129.44
15755239,2,9,4,3,32,758,4,162657.64,115525.13,1,1,0,0.1205,5079.73,612.11,1.408,0.125,3.6,81328.82
15670528,2,9,2,1,43,787,0,132217.45,20955.03,0,1,1,0.8776,4091.52,3590.72,6.3093,0.0,1.0,132217.45
15732704,3,2,4,3,25,582,9,148042.97,52341.15,0,1,0,0.1765,4641.29,819.19,2.8284,0.36,2.35,74021.48
15589019,3,27,2,3,33,633,4,92855.02,159813.18,1,1,0,0.2357,2910.65,686.04,0.581,0.1212,3.6,92855.02
15677796,2,14,2,1,47,766,9,129289.98,169935.46,0,1,1,0.924,4003.7,3699.42,0.7608,0.1915,2.35,129289.98
15760177,3,6,2,3,37,564,9,100252.18,146033.52,1,1,0,0.1038,3132.57,325.16,0.6865,0.2432,4.35,100252.18
15636595,3,7,3,3,37,602,3,107592.89,153122.73,1,0,0,0.2503,3377.79,845.46,0.7027,0.0811,2.45,53796.44
15737275,1,7,2,3,39,649,3,113096.41,60335.24,1,1,0,0.2595,3517.89,912.89,1.8744,0.0769,3.45,113096.41
15672905,3,28,4,3,40,679,7,0.0,163757.29,1,1,0,0.1203,200.0,24.06,0.0,0.175,4.05,0.0
15753955,3,7,3,3,34,639,7,149940.04,156648.81,0,0,0,0.2285,4648.2,1062.11,0.9572,0.2059,1.05,74970.02
15708504,2,14,2,1,50,790,8,121438.58,176471.78,1,1,1,0.7777,3768.16,2930.5,0.6881,0.16,4.2,121438.58
15592451,1,6,4,3,32,565,9,0.0,5388.3,0,1,0,0.0213,200.0,4.26,0.0,0.2812,2.35,0.0
15790455,1,31,1,1,50,478,2,0.0,93332.64,1,0,1,0.8494,75.0,63.71,0.0,0.04,2.3,0.0
15572174,1,5,3,3,29,825,3,148874.01,71192.82,1,0,0,0.0954,4616.22,440.39,2.0911,0.1034,2.45,74437.0
15656330,3,26,2,3,32,528,0,68138.37,170309.19,1,1,0,0.3485,2169.15,755.95,0.4001,0.0,3.0,68138.37
15569626,3,6,2,3,35,577,5,110080.3,109794.31,1,1,0,0.1637,3427.41,561.07,1.0026,0.1429,3.75,110080.3
15608726,1,2,4,3,24,663,7,0.0,166310.82,1,1,0,0.015,200.0,3.0,0.0,0.2917,4.05,0.0
15637366,2,21,4,3,25,505,5,114268.85,126728.27,1,1,0,0.1466,3628.07,531.88,0.9017,0.2,3.75,57134.42
15778049,2,2,1,2,29,633,6,117412.35,30338.94,0,0,0,0.6285,3597.37,2260.95,3.8699,0.2069,0.9,117412.35
15727421,1,27,4,3,38,586,6,0.0,37935.83,1,1,0,0.0878,200.0,17.56,0.0,0.1579,3.9,0.0
15688865,1,30,3,3,35,850,9,0.0,25329.48,0,0,0,0.1764,150.0,26.46,0.0,0.2571,1.35,0.0
15751032,2,27,3,3,37,629,1,35549.81,49676.33,0,0,0,0.3313,1216.49,403.02,0.7156,0.027,0.15,17774.9
15734737,1,14,4,3,56,744,9,0.0,169498.61,1,1,0,0.1087,200.0,21.74,0.0,0.1607,4.35,0.0
15746515,1,9,6,1,36,750,7,136492.92,26500.29,1,1,1,0.9742,4369.79,4257.05,5.1504,0.1944,4.05,45497.64
15664311,2,2,2,2,28,637,3,123675.69,166458.41,1,1,0,0.4033,3835.27,1546.76,0.743,0.1071,3.45,123675.69
15708139,1,26,2,2,40,575,1,139532.34,181294.39,0,1,0,0.5477,4310.97,2361.12,0.7696,0.025,1.15,139532.34
15768574,3,13,2,2,58,671,1,178713.98,21768.21,1,1,0,0.5633,5486.42,3090.5,8.2095,0.0172,3.15,178713.98
15738018,1,6,3,3,40,571,5,0.0,72849.29,0,0,0,0.0668,150.0,10.02,0.0,0.125,0.75,0.0
15699753,1,7,2,2,41,590,1,89086.31,24499.97,0,1,0,0.4464,2797.59,1248.84,3.636,0.0244,1.15,89086.31
15703199,3,7,1,3,38,619,3,96143.47,98994.92,0,0,0,0.2649,2959.3,783.92,0.9712,0.0789,0.45,96143.47
15627830,2,27,1,3,30,640,5,32197.64,141446.01,1,0,0,0.2644,1040.93,275.22,0.2276,0.1667,2.75,32197.64
15570855,1,8,4,3,38,670,7,0.0,77864.41,1,1,0,0.0365,200.0,7.3,0.0,0.1842,4.05,0.0
15772503,1,28,4,3,33,737,4,0.0,115115.32,0,1,0,0.0943,200.0,18.86,0.0,0.1212,1.6,0.0
15584453,3,6,3,3,32,555,10,0.0,168605.96,1,0,0,0.0206,150.0,3.09,0.0,0.3125,3.5,0.0
15710111,1,9,3,3,33,742,6,0.0,38550.4,0,0,0,0.0654,150.0,9.81,0.0,0.1818,0.9,0.0
15618562,2,27,2,1,40,618,0,140306.38,160618.61,0,1,1,0.751,4334.19,3254.98,0.8735,0.0,1.0,140306.38
15706764,1,26,4,3,35,560,1,0.0,3701.63,0,1,0,0.1554,200.0,31.08,0.0,0.0286,1.15,0.0
15798737,1,7,4,3,38,654,8,0.0,88659.44,0,1,0,0.0775,200.0,15.5,0.0,0.2105,2.2,0.0
15712608,2,29,3,3,42,787,2,74483.97,44273.91,1,0,0,0.349,2384.52,832.2,1.6823,0.0476,2.3,37241.98
15636736,1,32,3,2,53,611,7,0.0,156495.39,1,0,1,0.4165,150.0,62.47,0.0,0.1321,3.05,0.0
15703544,3,6,2,2,34,559,0,0.0,182988.94,0,1,0,0.5511,125.0,68.89,0.0,0.0,1.0,0.0
15815645,1,6,4,3,37,481,8,152303.66,175082.2,1,1,0,0.0945,4769.11,450.68,0.8699,0.2162,4.2,76151.83
15705739,2,9,2,2,32,753,5,159904.79,148811.14,0,1,0,0.3912,4922.14,1925.54,1.0745,0.1562,1.75,159904.79
15709643,1,8,6,2,32,675,1,0.0,85901.09,0,1,0,0.5839,275.0,160.57,0.0,0.0312,1.15,0.0
15669805,2,29,2,2,31,748,1,99557.94,199255.32,0,1,0,0.397,3111.74,1235.36,0.4996,0.0323,1.15,99557.94
15737489,3,32,1,1,46,610,5,116886.59,107973.44,0,0,0,0.6779,3581.6,2427.97,1.0825,0.1087,0.75,116886.59
15775131,3,7,3,3,32,580,9,142188.2,128028.6,1,0,0,0.1048,4415.65,462.76,1.1106,0.2812,3.35,71094.1
15765283,2,27,4,3,40,624,3,149961.99,104610.86,0,1,0,0.3247,4698.86,1525.72,1.4335,0.075,1.45,74981.0
15628715,1,28,4,3,36,709,8,0.0,69676.55,1,1,0,0.1171,200.0,23.42,0.0,0.2222,4.2,0.0
15813283,1,27,1,2,34,605,2,0.0,35982.42,0,0,0,0.4779,75.0,35.84,0.0,0.0588,0.3,0.0
15745716,3,13,3,3,53,706,7,0.0,117939.17,1,0,0,0.1699,150.0,25.48,0.0,0.1321,3.05,0.0
15598485,3,6,2,3,40,567,8,28649.64,95140.62,1,1,0,0.3227,984.49,317.69,0.3011,0.2,4.2,28649.64
15696552,1,24,4,3,21,747,4,81025.6,167682.57,0,1,0,0.0928,2630.77,244.14,0.4832,0.1905,1.6,40512.8
15754569,1,12,4,3,57,664,1,0.0,56562.57,1,1,0,0.1922,200.0,38.44,0.0,0.0175,3.15,0.0
15701741,1,28,2,2,39,711,3,152462.79,90305.97,0,1,0,0.4142,4698.88,1946.28,1.6883,0.0769,1.45,152462.79
15572631,1,2,1,3,25,609,10,0.0,109895.16,1,0,0,0.2117,75.0,15.88,0.0,0.4,3.5,0.0
15636069,3,2,2,3,28,632,7,155519.59,1843.24,0,1,0,0.2399,4790.59,1149.26,84.3272,0.25,2.05,155519.59
15682467,1,28,2,3,36,725,1,118851.05,102747.02,1,1,0,0.1711,3690.53,631.45,1.1567,0.0278,3.15,118851.05
15790744,1,30,4,3,34,850,9,92899.27,97465.89,0,1,0,0.0933,2986.98,278.69,0.9531,0.2647,2.35,46449.64
15625023,1,8,1,2,40,682,4,0.0,105352.55,1,0,0,0.5653,75.0,42.4,0.0,0.1,2.6,0.0
15731267,1,9,2,3,37,797,4,75263.7,85801.77,0,1,0,0.3028,2382.91,721.55,0.8772,0.1081,1.6,75263.7
15742879,3,7,2,3,38,668,1,147904.31,69370.05,1,1,0,0.2361,4562.13,1077.12,2.1321,0.0263,3.15,147904.31
15757015,2,29,2,1,41,783,5,106640.5,176945.96,0,1,0,0.7852,3324.21,2610.17,0.6027,0.122,1.75,106640.5
15770711,2,24,1,2,28,766,4,90696.78,21597.2,1,0,0,0.4275,2795.9,1195.25,4.1993,0.1429,2.6,90696.78
15569430,3,28,4,2,36,704,2,175509.8,152039.67,0,1,0,0.4948,5465.29,2704.23,1.1544,0.0556,1.3,87754.9
15617304,1,8,4,3,40,722,6,0.0,111893.09,1,1,0,0.0442,200.0,8.84,0.0,0.15,3.9,0.0
15704466,1,28,4,3,34,692,7,0.0,195074.62,0,1,0,0.1159,200.0,23.18,0.0,0.2059,2.05,0.0
15664681,1,27,3,2,35,584,2,114321.28,15959.01,0,0,0,0.367,3579.64,1313.73,7.163,0.0571,0.3,57160.64
15605534,2,32,1,1,51,644,4,95560.04,72628.84,0,0,1,0.9505,2941.8,2796.18,1.3157,0.0784,0.6,95560.04
15792473,2,32,5,1,50,598,5,88379.81,64157.24,1,0,1,0.9879,2876.39,2841.59,1.3775,0.1,2.75,29459.94
15802625,2,13,2,1,48,733,7,85915.52,23860.5,1,1,0,0.6501,2702.47,1756.88,3.6006,0.1458,4.05,85915.52
15766017,2,12,2,1,58,615,3,72309.3,85687.09,1,1,1,0.7348,2294.28,1685.84,0.8439,0.0517,3.45,72309.3
15762172,1,30,4,3,39,850,2,0.0,179451.42,0,1,0,0.1401,200.0,28.02,0.0,0.0513,1.3,0.0
15728333,1,6,2,2,43,521,8,0.0,93180.09,1,1,0,0.476,125.0,59.5,0.0,0.186,4.2,0.0
15792868,1,18,4,2,69,675,1,0.0,157097.09,0,1,0,0.4402,200.0,88.04,0.0,0.0145,1.15,0.0
15605698,1,14,6,1,58,746,3,0.0,80344.96,1,1,1,0.9458,275.0,260.09,0.0,0.0517,3.45,0.0
15777060,1,29,2,2,33,770,4,0.0,26080.54,0,1,1,0.5367,125.0,67.09,0.0,0.1212,1.6,0.0
15626243,1,7,2,3,30,618,3,133844.22,31406.93,1,1,0,0.2,4140.33,828.07,4.2615,0.1,3.45,133844.22
15719898,1,6,4,3,36,556,7,154872.08,32044.64,1,1,0,0.1311,4846.16,635.33,4.8329,0.1944,4.05,77436.04
15599976,1,24,4,3,27,749,9,0.0,132734.87,0,1,0,0.0538,200.0,10.76,0.0,0.3333,2.35,0.0
15752809,3,8,2,2,43,702,6,116121.67,61602.42,0,1,0,0.6431,3608.65,2320.72,1.885,0.1395,1.9,116121.67
15589698,2,6,2,1,42,555,6,107104.5,41304.44,1,1,1,0.6613,3338.14,2207.51,2.593,0.1429,3.9,107104.5
15609977,1,12,2,1,47,587,6,71026.77,57962.41,0,1,0,0.7421,2255.8,1674.03,1.2254,0.1277,1.9,71026.77
15750121,1,7,2,2,38,639,3,0.0,42862.82,0,1,0,0.5744,125.0,71.8,0.0,0.0789,1.45,0.0
15734177,1,7,4,3,33,643,4,0.0,152992.04,1,1,0,0.0291,200.0,5.82,0.0,0.1212,3.6,0.0
15781347,1,27,4,3,41,600,1,0.0,91193.65,1,1,0,0.132,200.0,26.4,0.0,0.0244,3.15,0.0
15592025,1,12,4,3,53,651,7,0.0,130132.41,1,1,0,0.118,200.0,23.6,0.0,0.1321,4.05,0.0
15670163,1,22,3,3,27,666,4,0.0,88751.45,0,0,0,0.0841,150.0,12.61,0.0,0.1481,0.6,0.0
15765402,1,26,1,2,39,520,6,145644.05,104118.93,0,0,0,0.4508,4444.32,2003.5,1.3988,0.1538,0.9,145644.05
15624343,3,32,1,1,50,650,7,129667.77,42028.16,0,0,0,0.8246,3965.03,3269.56,3.0852,0.14,1.05,129667.77
15602354,2,6,2,2,33,564,3,109341.87,75632.78,0,1,0,0.519,3405.26,1767.33,1.4457,0.0909,1.45,109341.87
15579183,1,17,4,3,64,586,1,0.0,53710.23,1,1,0,0.122,200.0,24.4,0.0,0.0156,3.15,0.0
15584899,1,27,3,3,35,617,5,0.0,13066.3,1,0,0,0.146,150.0,21.9,0.0,0.1429,2.75,0.0
15723658,3,28,4,3,30,712,6,0.0,152417.97,0,1,0,0.138,200.0,27.6,0.0,0.2,1.9,0.0
15803965,1,12,2,2,55,654,3,87485.67,3299.01,1,1,0,0.6305,2749.57,1733.6,26.5107,0.0545,3.45,87485.67
15682489,1,2,4,3,27,605,9,0.0,198091.81,0,1,0,0.0303,200.0,6.06,0.0,0.3333,2.35,0.0
15813645,1,26,2,2,36,491,0,53369.13,103934.12,1,1,0,0.4292,1726.07,740.83,0.5135,0.0,3.0,53369.13
15766787,1,28,4,3,35,707,9,0.0,70403.65,1,1,0,0.1315,200.0,26.3,0.0,0.2571,4.35,0.0
15687171,3,7,2,3,34,638,5,146679.77,102179.86,0,1,0,0.2762,4525.39,1249.91,1.4355,0.1471,1.75,146679.77
15690744,1,8,4,2,43,683,2,112499.42,30375.18,0,1,0,0.3975,3574.98,1421.05,3.7035,0.0465,1.3,56249.71
15707974,3,30,2,2,38,815,2,48387.0,184796.84,0,1,0,0.6399,1576.61,1008.87,0.2618,0.0526,1.3,48387.0
15673084,3,7,1,2,38,645,1,68079.8,166264.89,1,0,0,0.3795,2117.39,803.55,0.4095,0.0263,2.15,68079.8
15814772,2,12,1,1,49,645,4,160133.88,88391.97,1,0,0,0.7788,4879.02,3799.78,1.8116,0.0816,2.6,160133.88
15743709,1,8,2,3,30,683,4,66190.33,115186.97,1,1,0,0.2348,2110.71,495.59,0.5746,0.1333,3.6,66190.33
15610343,1,28,4,3,37,705,10,0.0,13935.53,1,1,1,0.3199,200.0,63.98,0.0,0.2703,4.5,0.0
15737414,1,7,2,3,35,647,4,123761.68,83910.4,0,1,0,0.2504,3837.85,961.0,1.4749,0.1143,1.6,123761.68
15788480,2,29,1,1,33,786,0,122325.58,34712.34,0,0,1,0.6752,3744.77,2528.47,3.5239,0.0,0.0,122325.58
15568519,1,6,4,3,41,534,9,0.0,13871.34,0,1,0,0.1284,200.0,25.68,0.0,0.2195,2.35,0.0
15792453,3,27,2,2,42,602,1,138912.17,139494.75,1,1,0,0.4291,4292.37,1841.86,0.9958,0.0238,3.15,138912.17
15658100,1,28,3,3,42,695,0,0.0,140724.64,1,0,0,0.1579,150.0,23.68,0.0,0.0,2.0,0.0
15695197,2,21,4,3,25,553,7,128524.19,20682.46,0,1,0,0.0748,4055.73,303.37,6.2139,0.28,2.05,64262.1
15749807,3,26,4,3,31,516,3,0.0,124202.26,0,1,0,0.1291,200.0,25.82,0.0,0.0968,1.45,0.0
15773876,1,27,4,3,34,655,3,0.0,159638.77,0,1,0,0.1157,200.0,23.14,0.0,0.0882,1.45,0.0
15591698,2,35,2,1,49,849,9,132934.89,171056.65,0,1,1,0.9513,4113.05,3912.74,0.7771,0.1837,2.35,132934.89
15712813,2,6,5,1,43,520,3,150805.17,25333.03,1,0,1,0.9856,4749.16,4680.77,5.9527,0.0698,2.45,50268.39
15763898,3,31,4,3,46,568,3,0.0,29372.62,1,1,0,0.1886,200.0,37.72,0.0,0.0652,3.45,0.0
15793324,3,8,5,3,32,695,9,0.0,38533.79,1,0,0,0.2466,225.0,55.49,0.0,0.2812,3.35,0.0
15757759,3,25,6,1,28,807,7,165969.26,156122.13,0,1,1,0.9715,5254.08,5104.34,1.0631,0.25,2.05,55323.09
15796230,2,27,6,1,36,642,2,124495.98,57904.22,1,1,1,0.9805,4009.88,3931.69,2.15,0.0556,3.3,41498.66
15611729,2,8,2,2,39,703,1,141559.5,31257.1,1,1,1,0.5968,4371.78,2609.08,4.5287,0.0256,3.15,141559.5
15709531,1,6,2,2,38,556,2,114756.14,193214.05,0,1,0,0.3579,3567.68,1276.87,0.5939,0.0526,1.3,114756.14
15650751,1,27,4,3,30,585,6,0.0,137757.69,1,1,0,0.0883,200.0,17.66,0.0,0.2,3.9,0.0
15641413,2,32,4,1,49,587,7,155393.98,13308.2,0,1,1,0.762,4861.82,3704.71,11.6757,0.1429,2.05,77696.99
15753840,3,26,2,2,32,524,6,0.0,132861.9,1,1,1,0.4325,125.0,54.06,0.0,0.1875,3.9,0.0
15669994,2,26,4,3,31,556,1,128663.81,125083.29,0,1,0,0.1687,4059.91,684.91,1.0286,0.0323,1.15,64331.9
15695301,3,6,2,2,44,504,4,113522.64,12405.2,1,1,0,0.4378,3530.68,1545.73,9.1505,0.0909,3.6,113522.64
15792004,3,23,4,3,26,731,3,0.0,37697.29,0,1,0,0.0937,200.0,18.74,0.0,0.1154,1.45,0.0
15603035,1,7,4,3,34,651,3,0.0,105599.65,1,1,0,0.0278,200.0,5.56,0.0,0.0882,3.45,0.0
15717286,3,28,2,1,40,675,8,79035.95,142783.98,0,1,1,0.7258,2496.08,1811.65,0.5535,0.2,2.2,79035.95
15577107,3,22,5,1,22,657,6,0.0,168412.07,1,0,1,0.8066,225.0,181.48,0.0,0.2727,2.9,0.0
15754747,2,8,3,3,33,686,9,141918.09,184036.47,1,0,0,0.0814,4407.54,358.77,0.7711,0.2727,3.35,70959.04
15705676,1,28,3,2,35,690,9,107944.33,48478.47,0,0,0,0.3828,3388.33,1297.05,2.2266,0.2571,1.35,53972.16
15751912,1,6,3,3,36,567,7,0.0,3896.08,1,0,0,0.0534,150.0,8.01,0.0,0.1944,3.05,0.0
15677336,2,11,2,1,57,557,1,120043.13,132370.75,0,1,1,0.9788,3726.29,3647.29,0.9069,0.0175,1.15,120043.13
15684395,3,31,2,2,45,446,10,125191.69,128260.86,1,1,1,0.6202,3880.75,2406.84,0.9761,0.2222,4.5,125191.69
15659949,1,10,4,3,31,850,1,96399.31,106534.15,0,1,0,0.0674,3091.98,208.4,0.9049,0.0323,1.15,48199.66
15812422,1,7,3,3,41,637,2,0.0,102515.42,1,0,0,0.0628,150.0,9.42,0.0,0.0488,2.3,0.0
15806941,1,16,4,3,60,499,7,76961.6,83643.87,1,1,0,0.2644,2508.85,663.34,0.9201,0.1167,4.05,38480.8
15637690,2,27,2,2,34,622,7,98675.74,138906.85,0,1,1,0.549,3085.27,1693.81,0.7104,0.2059,2.05,98675.74
15632882,2,8,4,3,37,684,1,126817.13,29995.83,1,1,1,0.2639,4004.51,1056.79,4.2277,0.027,3.15,63408.56
15807107,1,7,2,3,32,612,3,121394.42,164081.42,0,1,0,0.1809,3766.83,681.42,0.7398,0.0938,1.45,121394.42
15661034,2,25,1,1,29,813,5,106059.4,187976.88,0,0,1,0.696,3256.78,2266.72,0.5642,0.1724,0.75,106059.4
15811958,2,10,3,3,44,850,2,112755.34,158171.36,0,0,0,0.2691,3532.66,950.64,0.7129,0.0455,0.3,56377.67
15785167,3,4,3,3,29,795,4,0.0,155711.64,0,0,0,0.0339,150.0,5.08,0.0,0.1379,0.6,0.0
15646720,3,32,6,1,55,628,7,0.0,85890.75,0,1,1,0.9889,275.0,271.95,0.0,0.1273,2.05,0.0
15658614,2,26,4,3,38,565,7,145400.69,83844.79,1,1,0,0.2291,4562.02,1045.16,1.7341,0.1842,4.05,72700.34
15704657,1,7,2,2,39,601,3,72647.64,41777.9,0,1,1,0.3582,2304.43,825.45,1.7389,0.0769,1.45,72647.64
15567147,3,10,4,3,40,802,4,0.0,81908.09,1,1,0,0.0348,200.0,6.96,0.0,0.1,3.6,0.0
15701319,2,27,4,2,37,614,6,96340.81,139377.24,1,1,1,0.4105,3090.22,1268.54,0.6912,0.1622,3.9,48170.4
15745266,3,11,1,1,55,434,6,0.0,73562.05,1,0,1,0.8302,75.0,62.26,0.0,0.1091,2.9,0.0
15650437,2,6,4,3,32,522,8,124450.36,165786.1,1,1,0,0.1161,3933.51,456.68,0.7507,0.25,4.2,62225.18
15764314,2,6,4,3,36,550,2,113877.23,174921.91,0,1,0,0.2195,3616.32,793.78,0.651,0.0556,1.3,56938.62
15612594,3,2,4,3,25,599,3,0.0,120790.02,1,1,0,0.03,200.0,6.0,0.0,0.12,3.45,0.0
15593501,1,26,4,3,36,493,5,148667.81,56092.51,0,1,0,0.3047,4660.03,1419.91,2.6504,0.1389,1.75,74333.9
15804150,1,9,4,3,34,755,3,0.0,158816.03,1,1,0,0.022,200.0,4.4,0.0,0.0882,3.45,0.0
15649297,1,37,3,2,62,605,4,111065.93,125660.99,1,0,0,0.6183,3481.98,2152.91,0.8838,0.0645,2.6,55532.96
15641110,1,8,2,1,41,708,0,0.0,128400.62,0,1,0,0.6581,125.0,82.26,0.0,0.0,1.0,0.0
15660608,1,8,2,2,44,699,8,158697.61,107181.22,0,1,0,0.5949,4885.93,2906.64,1.4806,0.1818,2.2,158697.61
15806570,1,34,2,1,53,763,4,0.0,77203.72,0,1,1,0.9567,125.0,119.59,0.0,0.0755,1.6,0.0
15715345,3,4,4,3,25,743,6,0.0,129740.11,0,1,0,0.0387,200.0,7.74,0.0,0.24,1.9,0.0
15755521,1,32,3,2,48,660,0,90044.32,187604.97,1,0,1,0.6243,2851.33,1780.09,0.48,0.0,2.0,45022.16
15579074,2,7,2,3,38,619,10,84651.79,184754.26,1,1,0,0.3119,2664.55,831.07,0.4582,0.2632,4.5,84651.79
15641158,2,8,2,2,32,739,3,102128.27,63981.37,0,1,1,0.5527,3188.85,1762.48,1.5962,0.0938,1.45,102128.27
15752507,2,19,2,1,60,769,9,148846.39,192831.67,0,1,1,0.9575,4590.39,4395.3,0.7719,0.15,2.35,148846.39
15597983,1,18,2,3,69,692,10,154953.94,70849.47,1,1,0,0.159,4773.62,759.01,2.1871,0.1449,4.5,154953.94
15586069,1,26,2,3,30,560,0,108883.29,27914.95,0,1,0,0.3191,3391.5,1082.23,3.9004,0.0,1.0,108883.29
15655082,1,32,6,1,48,607,4,112070.86,173568.3,0,1,1,0.9754,3637.13,3547.66,0.6457,0.0833,1.6,37356.95
15720155,2,2,1,2,29,630,6,131354.39,9324.31,1,0,1,0.5745,4015.63,2306.98,14.0858,0.2069,2.9,131354.39
15582116,2,34,4,1,45,767,7,132746.2,26628.88,0,1,1,0.6875,4182.39,2875.39,4.9849,0.1556,2.05,66373.1
15749365,1,26,3,3,34,543,8,0.0,145601.8,1,0,0,0.0941,150.0,14.12,0.0,0.2353,3.2,0.0
15632069,1,9,4,3,39,776,8,125211.55,144496.07,0,1,0,0.288,3956.35,1139.43,0.8665,0.2051,2.2,62605.78
15663134,3,11,4,2,58,535,1,0.0,11779.98,1,1,1,0.4837,200.0,96.74,0.0,0.0172,3.15,0.0
15766683,2,6,1,2,36,549,6,139422.37,83983.39,0,0,1,0.6344,4257.67,2701.07,1.6601,0.1667,0.9,139422.37
15707219,1,25,3,3,28,844,4,0.0,123318.37,1,0,0,0.0413,150.0,6.2,0.0,0.1429,2.6,0.0
15709232,2,32,4,2,47,586,5,157099.47,65481.86,1,1,0,0.4905,4912.98,2409.82,2.3991,0.1064,3.75,78549.74
15801351,1,7,4,3,40,583,3,0.0,47728.0,0,1,0,0.0879,200.0,17.58,0.0,0.075,1.45,0.0
15578747,3,3,1,3,26,701,5,83600.24,59195.05,1,0,0,0.1592,2583.01,411.22,1.4123,0.1923,2.75,83600.24
15675626,1,3,1,3,28,726,2,0.0,98060.51,0,0,0,0.3216,75.0,24.12,0.0,0.0714,0.3,0.0
15583736,2,10,4,3,36,829,4,81795.74,90106.94,0,1,0,0.099,2653.87,262.73,0.9078,0.1111,1.6,40897.87
15590011,3,9,2,3,38,749,9,129378.32,13549.34,1,1,0,0.1549,4006.35,620.58,9.548,0.2368,4.35,129378.32
15609913,1,34,2,1,46,743,9,0.0,113436.08,0,1,0,0.8941,125.0,111.76,0.0,0.1957,2.35,0.0
15719479,3,32,4,3,56,619,7,0.0,42442.21,1,1,0,0.2163,200.0,43.26,0.0,0.125,4.05,0.0
15575147,1,3,2,3,22,699,9,99339.0,68297.61,0,1,1,0.3351,3105.17,1040.54,1.4545,0.4091,2.35,99339.0
15597309,3,9,3,3,36,749,7,0.0,80134.65,0,0,0,0.0812,150.0,12.18,0.0,0.1944,1.05,0.0
15648367,2,22,4,3,29,600,6,74430.1,96051.1,1,1,0,0.147,2432.9,357.64,0.7749,0.2069,3.9,37215.05
15758031,3,9,1,3,38,760,3,91241.85,80682.35,1,0,0,0.2301,2812.26,647.1,1.1309,0.0789,2.45,91241.85
15751771,2,6,1,3,32,528,2,99092.45,111149.98,1,0,0,0.3206,3047.77,977.12,0.8915,0.0625,2.3,99092.45
15689288,1,22,4,3,26,630,5,0.0,182612.38,0,1,0,0.0963,200.0,19.26,0.0,0.1923,1.75,0.0
15731026,2,28,4,2,39,683,2,100062.16,109201.43,0,1,0,0.3954,3201.86,1266.02,0.9163,0.0513,1.3,50031.08
15775809,2,23,1,2,26,677,6,98723.67,151146.67,1,0,0,0.4766,3036.71,1447.3,0.6532,0.2308,2.9,98723.67
15743076,3,2,2,3,29,669,9,0.0,93901.61,1,1,0,0.217,125.0,27.12,0.0,0.3103,4.35,0.0
15658258,1,8,2,2,43,693,6,128760.32,36342.79,0,1,0,0.633,3987.81,2524.28,3.5428,0.1395,1.9,128760.32
15756321,3,32,1,1,52,612,5,144772.69,98302.57,0,0,1,0.9065,4418.18,4005.08,1.4727,0.0962,0.75,144772.69
15706799,3,8,1,1,44,719,4,0.0,84972.9,0,0,1,0.7281,75.0,54.61,0.0,0.0909,0.6,0.0
15775703,1,3,2,3,26,702,2,71281.29,108747.12,1,1,1,0.2321,2263.44,525.34,0.6555,0.0769,3.3,71281.29
15642636,1,4,2,3,29,755,9,117035.89,21862.19,1,1,0,0.1438,3636.08,522.87,5.3531,0.3103,4.35,117035.89
15704651,1,1,3,3,26,514,1,0.0,121551.93,0,0,0,0.0428,150.0,6.42,0.0,0.0385,0.15,0.0
15806771,1,29,4,2,40,753,0,3768.69,177065.24,0,1,1,0.4293,313.06,134.4,0.0213,0.0,1.0,1884.34
15566735,2,26,4,3,36,548,2,108913.84,140460.01,1,1,0,0.328,3467.42,1137.31,0.7754,0.0556,3.3,54456.92
15681671,2,5,4,3,28,850,2,101100.22,35337.31,1,1,0,0.0547,3233.01,176.85,2.8609,0.0714,3.3,50550.11
15775949,1,27,2,2,38,612,7,110615.47,193502.93,1,1,0,0.354,3443.46,1218.98,0.5716,0.1842,4.05,110615.47
15586752,2,7,2,3,33,628,8,152143.89,32174.03,1,1,0,0.2297,4689.32,1077.14,4.7286,0.2424,4.2,152143.89
15582519,1,11,1,1,47,479,6,121797.09,5811.9,1,0,1,0.6602,3728.91,2461.83,20.9529,0.1277,2.9,121797.09
15658233,1,28,1,2,41,724,5,109798.25,149593.61,1,0,0,0.423,3368.95,1425.07,0.734,0.122,2.75,109798.25
15755330,2,6,1,1,41,512,7,122403.24,37439.9,1,0,1,0.6512,3747.1,2440.11,3.2692,0.1707,3.05,122403.24
15605072,1,27,2,2,43,638,3,145860.98,142763.51,1,1,1,0.6358,4500.83,2861.63,1.0217,0.0698,3.45,145860.98
15617538,3,10,3,3,40,834,7,0.0,45038.74,0,0,0,0.0742,150.0,11.13,0.0,0.175,1.05,0.0
15591428,1,4,3,3,29,781,9,0.0,172097.4,0,0,0,0.0332,150.0,4.98,0.0,0.3103,1.35,0.0
15692142,2,33,2,1,48,707,7,105086.74,180344.69,1,1,1,0.8333,3277.6,2731.22,0.5827,0.1458,4.05,105086.74
15692931,1,3,2,3,22,670,2,114991.45,37392.56,1,1,0,0.1148,3574.74,410.38,3.0752,0.0909,3.3,114991.45
15781127,3,27,2,3,33,663,8,96769.04,36864.05,1,1,0,0.1555,3028.07,470.86,2.625,0.2424,4.2,96769.04
15677136,1,22,3,3,23,624,5,0.0,132418.59,0,0,0,0.1537,150.0,23.06,0.0,0.2174,0.75,0.0
15677828,1,27,3,3,34,598,4,0.0,60894.26,0,0,0,0.1165,150.0,17.48,0.0,0.1176,0.6,0.0
15567897,2,2,2,3,23,619,5,132725.1,143913.33,1,1,0,0.3151,4106.75,1294.04,0.9223,0.2174,3.75,132725.1
15793641,1,39,4,3,70,792,3,0.0,172240.27,1,1,0,0.1085,200.0,21.7,0.0,0.0429,3.45,0.0
15678333,1,23,4,3,26,683,7,0.0,86619.77,0,1,0,0.0556,200.0,11.12,0.0,0.2692,2.05,0.0
15630511,1,28,4,3,33,691,6,0.0,164074.89,0,1,0,0.1246,200.0,24.92,0.0,0.1818,1.9,0.0
15792627,3,29,2,3,33,765,5,84557.82,69039.43,1,1,0,0.1815,2661.73,483.1,1.2248,0.1515,3.75,84557.82
15717191,1,11,4,2,49,508,1,93817.41,132468.76,1,1,1,0.6042,3014.52,1821.37,0.7082,0.0204,3.15,46908.7
15625716,1,27,1,3,33,637,9,113913.53,65316.5,1,0,0,0.1699,3492.41,593.36,1.744,0.2727,3.35,113913.53
15710053,2,27,3,2,44,667,5,140406.68,57164.19,1,0,0,0.517,4362.2,2255.26,2.4562,0.1136,2.75,70203.34
15580043,3,21,2,3,22,575,8,105229.34,34397.08,1,1,0,0.1798,3281.88,590.08,3.0592,0.3636,4.2,105229.34
15601410,3,34,6,1,46,744,1,0.0,177431.59,1,1,1,0.9894,275.0,272.08,0.0,0.0217,3.15,0.0
15684669,1,26,2,1,41,567,9,137891.35,142009.46,0,1,1,0.6629,4261.74,2825.11,0.971,0.2195,2.35,137891.35
15619083,1,26,4,3,35,502,6,0.0,80618.47,1,1,0,0.0957,200.0,19.14,0.0,0.1714,3.9,0.0
15692207,1,32,4,3,53,609,6,0.0,124218.27,1,1,0,0.2346,200.0,46.92,0.0,0.1132,3.9,0.0
15730705,1,8,2,2,37,715,9,165252.52,85286.3,0,1,0,0.3641,5082.58,1850.57,1.9376,0.2432,2.35,165252.52
15749688,1,6,3,3,32,541,8,0.0,40889.14,0,0,0,0.0642,150.0,9.63,0.0,0.25,1.2,0.0
15728542,1,40,4,3,71,850,4,0.0,107236.87,1,1,0,0.075,200.0,15.0,0.0,0.0563,3.6,0.0
15760063,3,2,4,3,23,595,7,0.0,168085.97,1,1,0,0.0276,200.0,5.52,0.0,0.3043,4.05,0.0
15658982,2,22,5,1,28,650,5,122034.4,146663.43,1,0,1,0.9515,3886.03,3697.56,0.8321,0.1786,2.75,40678.13
15758769,1,27,2,1,44,625,7,0.0,4791.8,0,1,0,0.7804,125.0,97.55,0.0,0.1591,2.05,0.0
15778481,1,15,2,2,59,817,1,118962.58,120819.58,1,1,0,0.5566,3693.88,2056.01,0.9846,0.0169,3.15,118962.58
15661162,3,11,2,1,49,526,2,0.0,114539.67,0,1,1,0.917,125.0,114.62,0.0,0.0408,1.3,0.0
15568164,1,30,4,3,34,850,4,71379.53,154000.99,1,1,0,0.0706,2341.39,165.3,0.4635,0.1176,3.6,35689.76
15601569,1,27,2,1,40,598,2,171178.25,137980.58,0,1,1,0.6642,5260.35,3493.92,1.2406,0.05,1.3,171178.25
15772383,1,7,1,3,36,613,9,131307.11,83343.73,0,0,0,0.2642,4014.21,1060.55,1.5755,0.25,1.35,131307.11
15667456,3,18,4,3,62,709,3,0.0,82195.15,1,1,0,0.129,200.0,25.8,0.0,0.0484,3.45,0.0
15672983,3,23,4,3,27,678,5,87099.85,149550.95,0,1,0,0.2803,2813.0,788.48,0.5824,0.1852,1.75,43549.92
15799534,1,18,4,3,71,720,5,183135.39,197688.5,1,1,0,0.0971,5694.06,552.89,0.9264,0.0704,3.75,91567.7
15582847,1,2,3,3,26,662,0,0.0,72929.96,1,0,0,0.0742,150.0,11.13,0.0,0.0,2.0,0.0
15612478,1,11,6,1,51,525,10,0.0,171045.35,0,1,1,0.9863,275.0,271.23,0.0,0.1961,2.5,0.0
15709621,1,7,3,3,31,662,3,0.0,27731.05,1,0,0,0.0291,150.0,4.36,0.0,0.0968,2.45,0.0
15802009,1,29,4,3,33,770,6,0.0,126131.9,1,1,0,0.0804,200.0,16.08,0.0,0.1818,3.9,0.0
15698816,3,28,2,3,33,721,4,72535.45,103931.49,1,1,0,0.2112,2301.06,485.98,0.6979,0.1212,3.6,72535.45
15574830,2,12,4,1,58,633,2,128137.42,147635.33,0,1,1,0.9271,4044.12,3749.3,0.8679,0.0345,1.3,64068.71
15603082,1,13,3,2,51,701,9,0.0,61961.57,0,0,0,0.4887,150.0,73.31,0.0,0.1765,1.35,0.0
15685947,2,6,3,2,42,556,0,115915.53,125435.47,1,0,1,0.4757,3627.47,1725.59,0.9241,0.0,2.0,57957.76
15643048,1,17,3,3,66,639,0,0.0,42240.54,1,0,0,0.1748,150.0,26.22,0.0,0.0,2.0,0.0
15807568,1,12,3,3,50,632,2,0.0,57942.88,0,0,0,0.2345,150.0,35.17,0.0,0.04,0.3,0.0
15597591,1,1,2,3,29,456,5,107000.49,153419.62,1,1,0,0.1321,3335.01,440.55,0.6974,0.1724,3.75,107000.49
15747558,3,28,4,3,38,729,10,0.0,189727.12,0,1,0,0.2436,200.0,48.72,0.0,0.2632,2.5,0.0
15756655,1,27,3,3,34,632,2,0.0,165385.55,0,0,0,0.1142,150.0,17.13,0.0,0.0588,0.3,0.0
15589949,3,6,2,3,34,433,9,152806.74,19687.99,0,1,0,0.3387,4709.2,1595.01,7.761,0.2647,2.35,152806.74
15601012,1,40,2,1,60,802,3,92887.06,39473.63,0,1,1,0.9326,2911.61,2715.37,2.3531,0.05,1.45,92887.06
15724269,1,3,4,3,25,670,7,0.0,144723.38,1,1,0,0.0137,200.0,2.74,0.0,0.28,4.05,0.0
15567506,2,28,4,2,40,738,6,114940.67,194895.57,1,1,1,0.4377,3648.22,1596.83,0.5898,0.15,3.9,57470.34
15791877,2,8,4,3,34,706,0,140641.26,77271.91,1,1,0,0.1657,4419.24,732.27,1.8201,0.0,3.0,70320.63
15794360,2,37,4,1,70,592,5,71816.74,105096.82,0,1,1,0.8111,2354.5,1909.73,0.6833,0.0714,1.75,35908.37
15686538,1,26,3,3,41,522,7,0.0,176780.39,1,0,0,0.1672,150.0,25.08,0.0,0.1707,3.05,0.0
15585985,1,14,2,1,48,746,5,165282.42,153786.46,0,1,1,0.7397,5083.47,3760.24,1.0747,0.1042,1.75,165282.42
15699257,3,7,4,3,42,651,2,143145.87,43612.06,0,1,0,0.3183,4494.38,1430.56,3.2822,0.0476,1.3,71572.94
15804104,1,1,3,3,28,494,9,114731.76,79479.74,1,0,0,0.1405,3591.95,504.67,1.4435,0.3214,3.35,57365.88
15727619,2,34,6,1,46,753,9,113909.69,92320.37,0,1,1,0.9869,3692.29,3643.92,1.2338,0.1957,2.35,37969.9
15740237,2,8,1,2,36,671,2,116695.27,193201.86,0,0,0,0.6195,3575.86,2215.25,0.604,0.0556,0.3,116695.27
15801436,1,8,1,1,42,696,4,0.0,126353.13,0,0,1,0.7164,75.0,53.73,0.0,0.0952,0.6,0.0
15705735,3,6,4,3,43,577,3,0.0,135008.92,1,1,0,0.0935,200.0,18.7,0.0,0.0698,3.45,0.0
15649359,1,7,3,3,36,587,1,0.0,17135.6,1,0,0,0.0538,150.0,8.07,0.0,0.0278,2.15,0.0
15624892,2,8,4,3,37,712,7,93978.96,60651.77,0,1,0,0.2588,3019.37,781.41,1.5495,0.1892,2.05,46989.48
15784918,2,6,3,3,35,498,2,121968.11,188343.05,1,0,0,0.2507,3809.04,954.93,0.6476,0.0571,2.3,60984.06
15584785,1,7,2,3,37,660,2,97324.91,23291.83,0,1,0,0.2933,3044.75,893.03,4.1783,0.0541,1.3,97324.91
15797197,3,3,4,3,29,678,6,0.0,64443.75,0,1,0,0.0613,200.0,12.26,0.0,0.2069,1.9,0.0
15574858,1,6,4,3,37,530,8,0.0,287.99,1,1,0,0.0498,200.0,9.96,0.0,0.2162,4.2,0.0
15794101,1,31,3,3,48,559,2,0.0,137961.41,1,0,0,0.3161,150.0,47.42,0.0,0.0417,2.3,0.0
15743245,1,7,2,2,42,624,3,145155.37,72169.95,0,1,1,0.5859,4479.66,2624.63,2.0113,0.0714,1.45,145155.37
15791535,1,2,1,3,28,592,5,137222.77,39608.58,0,0,0,0.2202,4191.68,923.01,3.4644,0.1786,0.75,137222.77
15605215,1,14,3,3,48,767,9,0.0,175458.21,1,0,0,0.1238,150.0,18.57,0.0,0.1875,3.35,0.0
15771749,2,27,4,3,38,653,5,114268.22,89524.83,1,1,0,0.3166,3628.05,1148.64,1.2764,0.1316,3.75,57134.11
15616833,3,3,4,3,27,678,2,0.0,13221.25,1,1,0,0.0363,200.0,7.26,0.0,0.0741,3.3,0.0
15750728,3,27,2,1,42,586,2,0.0,102889.34,0,1,0,0.7795,125.0,97.44,0.0,0.0476,1.3,0.0
15769353,1,26,1,2,40,550,8,150490.32,166468.21,0,0,1,0.645,4589.71,2960.36,0.904,0.2,1.2,150490.32
15770091,2,2,4,3,28,643,9,160858.13,27149.27,0,1,0,0.1425,5025.74,716.17,5.9247,0.3214,2.35,80429.06
15716420,3,7,2,3,39,612,5,170288.38,59601.15,1,1,0,0.2183,5233.65,1142.51,2.8571,0.1282,3.75,170288.38
15740602,2,23,1,2,27,674,4,111568.01,22026.18,1,0,0,0.426,3422.04,1457.79,5.065,0.1481,2.6,111568.01
15796071,3,2,2,3,29,657,7,83889.03,153059.62,0,1,0,0.1658,2641.67,437.99,0.5481,0.2414,2.05,83889.03
15811389,2,28,3,3,35,724,0,171982.95,167313.07,1,0,0,0.264,5309.49,1401.71,1.0279,0.0,2.0,85991.48
15783875,1,26,4,3,34,500,4,0.0,12833.96,0,1,0,0.0757,200.0,15.14,0.0,0.1176,1.6,0.0
15671800,1,3,4,3,20,688,8,137624.4,197582.79,1,1,0,0.0179,4328.73,77.48,0.6965,0.4,4.2,68812.2
15677288,1,12,1,1,50,599,3,121159.65,4033.39,0,0,1,0.7638,3709.79,2833.54,30.0317,0.06,0.45,121159.65
15633525,1,2,3,3,29,631,7,0.0,125877.22,1,0,0,0.0345,150.0,5.18,0.0,0.2414,3.05,0.0
15634606,3,12,4,3,52,634,1,0.0,176913.42,1,1,0,0.1511,200.0,30.22,0.0,0.0192,3.15,0.0
15579207,1,6,2,3,37,545,3,91184.01,105476.65,0,1,0,0.2976,2860.52,851.29,0.8645,0.0811,1.45,91184.01
15619892,3,2,4,3,18,644,8,0.0,59172.42,0,1,0,0.0259,200.0,5.18,0.0,0.4444,2.2,0.0
15567778,2,33,2,1,54,690,1,144027.8,108731.02,1,1,1,0.8443,4445.83,3753.61,1.3246,0.0185,3.15,144027.8
15711750,1,28,4,3,34,711,6,0.0,175310.38,1,1,0,0.0954,200.0,19.08,0.0,0.1765,3.9,0.0
15751084,1,23,2,3,29,712,8,140170.61,38170.04,1,1,0,0.1496,4330.12,647.79,3.6722,0.2759,4.2,140170.61
15768945,1,2,2,3,27,627,1,62092.9,105887.04,1,1,0,0.1566,1987.79,311.29,0.5864,0.037,3.15,62092.9
15586931,3,8,2,2,39,694,3,0.0,95625.03,1,1,0,0.4281,125.0,53.51,0.0,0.0769,3.45,0.0
15636353,3,6,3,3,35,534,4,0.0,9541.15,0,0,0,0.0664,150.0,9.96,0.0,0.1143,0.6,0.0
15623858,1,12,1,1,45,603,9,0.0,148516.79,0,0,0,0.8205,75.0,61.54,0.0,0.2,1.35,0.0
15703354,1,30,2,3,33,808,2,103516.87,113907.8,0,1,0,0.2539,3230.51,820.23,0.9088,0.0606,1.3,103516.87
15663987,3,8,6,1,30,723,1,0.0,164647.72,0,1,1,0.865,275.0,237.88,0.0,0.0333,1.15,0.0
15780805,1,27,4,3,35,585,2,0.0,98621.04,0,1,1,0.248,200.0,49.6,0.0,0.0571,1.3,0.0
15768566,1,8,4,3,34,706,8,0.0,37479.97,1,1,0,0.0263,200.0,5.26,0.0,0.2353,4.2,0.0
15643229,1,28,4,3,31,671,6,0.0,15846.42,1,1,0,0.0888,200.0,17.76,0.0,0.1935,3.9,0.0
15754940,3,7,1,2,43,597,2,85162.26,5104.08,1,0,1,0.5503,2629.87,1447.22,16.6819,0.0465,2.3,85162.26
15676576,1,27,2,1,43,646,8,143061.88,61937.6,0,1,0,0.6876,4416.86,3037.03,2.3097,0.186,2.2,143061.88
15800068,3,35,4,3,46,801,6,0.0,170008.74,1,1,0,0.1668,200.0,33.36,0.0,0.1304,3.9,0.0
15648030,3,28,4,3,33,731,5,137388.01,165000.68,0,1,0,0.3341,4321.64,1443.86,0.8326,0.1515,1.75,68694.0
15668594,2,22,2,2,25,620,1,137712.01,76197.05,1,1,0,0.3622,4256.36,1541.65,1.8073,0.04,3.15,137712.01
15728709,2,6,3,3,40,484,7,106901.42,118045.98,0,0,0,0.3184,3357.04,1068.88,0.9056,0.175,1.05,53450.71
15724181,3,12,4,2,47,647,5,105603.21,157360.9,1,1,0,0.4031,3368.1,1357.68,0.6711,0.1064,3.75,52801.6
15647546,2,28,3,3,40,688,8,150679.71,196226.38,1,0,0,0.1828,4670.39,853.75,0.7679,0.2,3.2,75339.86
15702601,2,8,3,3,30,680,4,108300.27,44384.57,1,0,1,0.2331,3399.01,792.31,2.44,0.1333,2.6,54150.14
15567725,1,33,4,3,46,689,7,52016.08,72993.65,1,1,0,0.3354,1760.48,590.46,0.7126,0.1522,4.05,26008.04
15674179,2,6,1,3,34,513,7,60515.13,124571.09,0,0,0,0.3257,1890.45,615.72,0.4858,0.2059,1.05,60515.13
15686957,2,6,4,3,35,553,2,158584.28,43640.16,0,1,0,0.1962,4957.53,972.67,3.6338,0.0571,1.3,79292.14
15607690,2,13,3,1,47,689,2,118812.5,31121.42,0,0,0,0.7033,3714.38,2612.32,3.8176,0.0426,0.3,59406.25
15806546,3,11,2,1,46,517,4,0.0,22372.78,0,1,0,0.8724,125.0,109.05,0.0,0.087,1.6,0.0
15632850,1,8,4,3,37,731,8,0.0,170338.35,1,1,0,0.0347,200.0,6.94,0.0,0.2162,4.2,0.0
15709016,2,33,1,1,47,687,1,91219.29,158845.49,0,0,1,0.949,2811.58,2668.19,0.5743,0.0213,0.15,91219.29
15638068,3,6,4,3,32,507,7,0.0,67926.18,0,1,0,0.0629,200.0,12.58,0.0,0.2188,2.05,0.0
15749345,1,21,2,3,22,468,1,76318.64,194783.12,1,1,0,0.2646,2414.56,638.89,0.3918,0.0455,3.15,76318.64
15791321,3,33,2,1,58,682,4,0.0,176036.01,0,1,0,0.9647,125.0,120.59,0.0,0.069,1.6,0.0
15699095,1,22,2,2,24,603,3,0.0,198826.03,1,1,1,0.5542,125.0,69.28,0.0,0.125,3.45,0.0
15638329,2,1,2,3,25,522,1,111432.13,168683.57,1,1,0,0.3271,3467.96,1134.37,0.6606,0.04,3.15,111432.13
15575445,3,7,1,2,41,629,10,150148.51,6936.27,0,0,0,0.4852,4579.46,2221.95,21.6437,0.2439,1.5,150148.51
15752622,1,28,1,2,32,729,7,38550.06,179230.23,1,0,0,0.434,1231.5,534.47,0.2151,0.2188,3.05,38550.06
15774507,1,26,2,2,39,574,5,119013.86,103421.91,0,1,0,0.4507,3695.42,1665.53,1.1507,0.1282,1.75,119013.86
15570857,2,28,4,3,39,677,0,111213.64,147578.26,1,1,0,0.3418,3536.41,1208.74,0.7536,0.0,3.0,55606.82
15599386,2,2,2,3,28,627,5,71097.23,130504.49,1,1,0,0.1734,2257.92,391.52,0.5448,0.1786,3.75,71097.23
15744913,3,9,2,3,36,788,10,109632.85,16149.13,1,1,0,0.1466,3413.99,500.49,6.7884,0.2778,4.5,109632.85
15647292,1,18,1,1,63,697,7,148368.02,118862.08,0,0,1,0.9357,4526.04,4235.02,1.2482,0.1111,1.05,148368.02
15728838,1,11,2,1,45,578,1,148600.91,143397.14,0,1,1,0.7244,4583.03,3319.95,1.0363,0.0222,1.15,148600.91
15584704,1,11,2,1,48,519,10,71083.98,137959.0,0,1,0,0.8625,2257.52,1947.11,0.5153,0.2083,2.5,71083.98
15749068,1,27,2,2,40,632,9,139625.34,93702.96,0,1,1,0.5457,4313.76,2354.02,1.4901,0.225,2.35,139625.34
15622985,1,28,1,1,39,679,4,0.0,172939.3,0,0,1,0.7462,75.0,55.96,0.0,0.1026,0.6,0.0
15587676,1,8,2,3,30,699,9,0.0,108162.13,1,1,0,0.148,125.0,18.5,0.0,0.3,4.35,0.0
15779496,1,17,3,2,64,615,0,81564.1,35896.09,1,0,0,0.3995,2596.92,1037.47,2.2722,0.0,2.0,40782.05
15733460,3,7,4,3,36,622,9,0.0,104852.6,1,1,0,0.0259,200.0,5.18,0.0,0.25,4.35,0.0
15711457,1,24,1,3,28,755,7,124540.28,188850.89,1,0,0,0.2318,3811.21,883.44,0.6595,0.25,3.05,124540.28
15795290,1,29,2,2,42,767,2,133616.39,28615.8,0,1,0,0.5924,4133.49,2448.68,4.6692,0.0476,1.3,133616.39
15611223,2,29,4,2,38,752,10,101648.5,172001.44,0,1,0,0.5417,3249.46,1760.23,0.591,0.2632,2.5,50824.25
15794159,1,22,2,3,26,633,8,124281.84,60116.57,1,1,0,0.1818,3853.46,700.56,2.0673,0.3077,4.2,124281.84
15780677,1,33,4,3,59,717,4,0.0,170528.63,1,1,0,0.2817,200.0,56.34,0.0,0.0678,3.6,0.0
15690175,3,12,3,3,45,585,0,0.0,189683.7,0,0,0,0.1238,150.0,18.57,0.0,0.0,0.0,0.0
15722599,1,29,3,2,37,751,9,183613.66,49734.94,0,0,0,0.3524,5658.41,1994.02,3.6918,0.2432,1.35,91806.83
15569976,2,19,2,1,65,754,1,136186.44,121529.59,1,1,1,0.6856,4210.59,2886.78,1.1206,0.0154,3.15,136186.44
15707011,1,11,2,1,47,495,10,137682.68,71071.47,0,1,0,0.7481,4255.48,3183.52,1.9372,0.2128,2.5,137682.68
15702277,1,7,1,3,34,650,4,106005.54,142995.32,1,0,0,0.1009,3255.17,328.45,0.7413,0.1176,2.6,106005.54
15801915,1,26,2,3,31,529,6,152310.55,13054.25,0,1,0,0.2926,4694.32,1373.56,11.6666,0.1935,1.9,152310.55
15580213,1,27,4,3,43,585,2,0.0,89402.54,0,1,0,0.2791,200.0,55.82,0.0,0.0465,1.3,0.0
15637947,3,7,1,3,32,668,1,134446.04,111241.37,1,0,0,0.1561,4108.38,641.32,1.2086,0.0312,2.15,134446.04
15715888,1,27,1,3,38,591,2,142289.28,119638.85,1,0,0,0.309,4343.68,1342.2,1.1893,0.0526,2.3,142289.28
15732967,1,3,4,3,19,731,6,0.0,151581.79,1,1,0,0.0119,200.0,2.38,0.0,0.3158,3.9,0.0
15737047,1,34,2,1,45,754,6,0.0,73881.68,0,1,1,0.8805,125.0,110.06,0.0,0.1333,1.9,0.0
15694039,2,32,4,1,46,650,9,149003.76,176902.83,0,1,0,0.6763,4670.11,3158.4,0.8423,0.1957,2.35,74501.88
15649457,2,7,3,3,41,588,2,131341.46,7034.94,1,0,0,0.3052,4090.24,1248.34,18.6672,0.0488,2.3,65670.73
15742809,3,23,2,3,29,712,7,77919.78,122547.58,0,1,0,0.3117,2462.59,767.59,0.6358,0.2414,2.05,77919.78
15637829,1,28,3,3,34,691,7,0.0,161559.12,1,0,0,0.1083,150.0,16.24,0.0,0.2059,3.05,0.0
15633194,1,29,8,1,41,771,10,108309.0,137510.41,1,1,1,0.9875,3599.27,3554.28,0.7876,0.2439,4.5,27077.25
15611635,3,28,1,2,39,678,6,0.0,185366.56,1,0,0,0.5309,75.0,39.82,0.0,0.1538,2.9,0.0
15638774,3,28,4,3,40,719,9,0.0,182224.14,0,1,0,0.232,200.0,46.4,0.0,0.225,2.35,0.0
15722037,2,7,1,2,36,610,7,115462.02,42581.04,1,0,0,0.5968,3538.86,2111.99,2.7115,0.1944,3.05,115462.02
15672930,3,8,4,3,37,722,9,0.0,31921.95,0,1,0,0.0788,200.0,15.76,0.0,0.2432,2.35,0.0
15668774,2,24,2,2,23,758,5,122739.1,102460.84,0,1,1,0.6369,3807.17,2424.79,1.1979,0.2174,1.75,122739.1
15780966,1,28,3,3,32,709,2,0.0,109681.29,0,0,0,0.1409,150.0,21.14,0.0,0.0625,0.3,0.0
15659694,2,32,4,1,53,634,3,113781.5,106345.05,1,1,1,0.7369,3613.44,2662.74,1.0699,0.0566,3.45,56890.75
15624424,3,33,4,3,49,678,1,0.0,102472.9,1,1,0,0.2403,200.0,48.06,0.0,0.0204,3.15,0.0
15708713,1,7,4,3,35,633,3,0.0,36249.76,1,1,0,0.0349,200.0,6.98,0.0,0.0857,3.45,0.0
15755405,1,8,2,1,43,710,9,128284.45,32996.89,0,1,1,0.657,3973.53,2610.61,3.8877,0.2093,2.35,128284.45
15647570,2,12,1,1,45,640,8,120591.19,195123.94,0,0,0,0.9046,3692.74,3340.45,0.618,0.1778,1.2,120591.19
15684348,1,17,3,3,63,656,8,0.0,57014.43,1,0,0,0.1799,150.0,26.98,0.0,0.127,3.2,0.0
15702541,1,31,2,1,59,551,2,166968.28,159483.76,0,1,1,0.9643,5134.05,4950.76,1.0469,0.0339,1.3,166968.28
15646942,3,29,3,3,39,786,7,0.0,100929.59,0,0,0,0.1794,150.0,26.91,0.0,0.1795,1.05,0.0
15748920,1,31,4,3,49,561,8,0.0,12513.07,1,1,0,0.3004,200.0,60.08,0.0,0.1633,4.2,0.0
15694581,3,10,4,3,42,807,5,0.0,74900.9,1,1,0,0.0332,200.0,6.64,0.0,0.119,3.75,0.0
15643215,2,7,3,3,38,602,2,71667.97,137111.89,0,0,0,0.1584,2300.04,364.33,0.5227,0.0526,0.3,35833.98
15649060,2,28,4,3,31,727,3,82729.47,60212.51,0,1,0,0.1515,2681.88,406.3,1.3739,0.0968,1.45,41364.74
15774258,1,8,4,3,40,678,1,0.0,187343.4,1,1,0,0.0514,200.0,10.28,0.0,0.025,3.15,0.0
15731553,1,3,4,3,23,730,8,0.0,183284.53,0,1,0,0.0357,200.0,7.14,0.0,0.3478,2.2,0.0
15617029,3,27,4,3,30,596,1,0.0,8125.39,0,1,0,0.0975,200.0,19.5,0.0,0.0333,1.15,0.0
15780716,2,8,4,3,39,686,3,129626.19,103220.56,1,1,0,0.1691,4088.79,691.41,1.2558,0.0769,3.45,64813.1
15577018,2,23,1,2,26,684,2,114035.39,96885.19,0,0,0,0.5314,3496.06,1857.81,1.177,0.0769,0.3,114035.39
15809515,2,9,2,2,32,797,1,151922.94,8877.06,0,1,0,0.3931,4682.69,1840.77,17.1122,0.0312,1.15,151922.94
15789924,1,27,2,2,39,658,4,0.0,147530.06,1,1,0,0.5406,125.0,67.58,0.0,0.1026,3.6,0.0
15725076,3,22,4,3,27,653,6,107751.68,33389.42,1,1,0,0.177,3432.55,607.56,3.227,0.2222,3.9,53875.84
15672481,1,7,4,3,37,641,6,0.0,45309.24,0,1,0,0.0547,200.0,10.94,0.0,0.1622,1.9,0.0
15574115,3,27,4,3,41,656,6,101179.23,35230.61,1,1,0,0.2905,3235.38,939.88,2.8718,0.1463,3.9,50589.62
15661830,3,29,4,3,36,750,6,0.0,59816.41,1,1,0,0.088,200.0,17.6,0.0,0.1667,3.9,0.0
15665879,1,29,3,3,40,768,8,0.0,69080.46,1,0,0,0.1411,150.0,21.16,0.0,0.2,3.2,0.0
15673820,1,6,4,3,33,568,7,0.0,143450.61,0,1,0,0.0382,200.0,7.64,0.0,0.2121,2.05,0.0
15747772,2,8,4,3,36,706,9,58571.18,40774.01,0,1,0,0.1861,1957.14,364.22,1.4364,0.25,2.35,29285.59
15666197,2,26,2,2,38,430,8,153058.64,99377.27,0,1,0,0.6041,4716.76,2849.39,1.5402,0.2105,2.2,153058.64
15773639,2,9,2,2,35,745,4,98270.34,133617.43,0,1,0,0.4847,3073.11,1489.54,0.7355,0.1143,1.6,98270.34
15581893,1,9,1,2,43,747,1,130788.71,101495.0,1,0,1,0.5112,3998.66,2044.11,1.2886,0.0233,2.15,130788.71
15672447,2,7,1,2,40,657,7,99165.84,119333.95,1,0,1,0.6448,3049.98,1966.63,0.831,0.175,3.05,99165.84
15777830,1,27,3,3,42,639,4,0.0,167682.37,0,0,0,0.2448,150.0,36.72,0.0,0.0952,0.6,0.0
15713890,1,8,3,3,44,704,3,0.0,152884.85,1,0,0,0.1013,150.0,15.2,0.0,0.0682,2.45,0.0
15577598,3,2,4,3,23,651,4,115636.05,70400.86,0,1,0,0.3163,3669.08,1160.53,1.6425,0.1739,1.6,57818.02
15786042,2,28,4,2,44,706,2,185932.18,65413.41,0,1,0,0.4737,5777.97,2737.02,2.8424,0.0455,1.3,92966.09
15753462,2,7,3,3,30,632,2,72549.0,182728.8,1,0,0,0.0727,2326.47,169.13,0.397,0.0667,2.3,36274.5
15759690,1,9,4,3,42,751,4,0.0,81442.6,1,1,0,0.0476,200.0,9.52,0.0,0.0952,3.6,0.0
15801414,1,29,3,3,35,767,2,0.0,144251.38,0,0,0,0.1853,150.0,27.8,0.0,0.0571,0.3,0.0
15656141,1,9,1,2,39,741,5,0.0,40207.06,1,0,0,0.4055,75.0,30.41,0.0,0.1282,2.75,0.0
15608701,2,2,2,1,29,651,3,121890.06,54530.51,0,1,1,0.651,3781.7,2461.89,2.2352,0.1034,1.45,121890.06
15582892,1,12,2,2,46,601,2,99786.07,32683.88,1,1,1,0.572,3118.58,1783.83,3.053,0.0435,3.3,99786.07
15632967,1,6,4,3,34,520,3,0.0,104703.96,1,1,0,0.0372,200.0,7.44,0.0,0.0882,3.45,0.0
15587573,2,2,3,3,27,626,4,115084.53,26907.43,1,0,0,0.1533,3602.54,552.27,4.2769,0.1481,2.6,57542.26
15654891,1,10,4,3,30,811,6,0.0,180591.32,1,1,0,0.0332,200.0,6.64,0.0,0.2,3.9,0.0
15611365,1,28,1,3,32,730,9,127661.69,60905.51,0,0,0,0.2654,3904.85,1036.35,2.096,0.2812,1.35,127661.69
15749103,2,32,1,1,47,604,4,118907.6,47777.15,1,0,1,0.8744,3642.23,3184.77,2.4887,0.0851,2.6,118907.6
15810203,2,26,4,2,44,499,6,77627.33,108222.68,0,1,0,0.5134,2528.82,1298.3,0.7173,0.1364,1.9,38813.66
15813660,3,9,1,3,40,754,2,160625.17,3554.63,1,0,0,0.2754,4893.76,1347.74,45.1749,0.05,2.3,160625.17
15605673,3,23,3,3,29,716,8,0.0,78616.92,0,0,0,0.0752,150.0,11.28,0.0,0.2759,1.2,0.0
15669282,1,22,1,3,20,636,10,124266.86,100566.81,0,0,0,0.2242,3803.01,852.63,1.2357,0.5,1.5,124266.86
15792726,1,21,4,3,25,470,8,127974.06,183259.35,1,1,0,0.2395,4039.22,967.39,0.6983,0.32,4.2,63987.03
15593241,1,6,4,3,43,444,3,0.0,159131.21,1,1,0,0.101,200.0,20.2,0.0,0.0698,3.45,0.0
15683053,3,35,2,1,48,809,2,0.0,160976.85,0,1,1,0.9431,125.0,117.89,0.0,0.0417,1.3,0.0
15632736,2,30,4,3,30,850,3,104911.35,42933.26,1,1,0,0.0774,3347.34,259.08,2.4435,0.1,3.45,52455.68
15731865,1,2,4,3,27,637,1,0.0,91291.2,0,1,0,0.0377,200.0,7.54,0.0,0.037,1.15,0.0
15760450,1,6,4,3,43,512,1,0.0,52471.36,1,1,0,0.1422,200.0,28.44,0.0,0.0233,3.15,0.0
15787204,3,29,1,1,43,774,1,110646.54,108804.28,0,0,0,0.6987,3394.4,2371.67,1.0169,0.0233,0.15,110646.54
15650454,1,12,4,3,57,641,5,0.0,122449.18,1,1,0,0.1394,200.0,27.88,0.0,0.0877,3.75,0.0
15573730,2,7,4,3,42,586,6,126704.49,41682.3,0,1,0,0.3268,4001.13,1307.57,3.0397,0.1429,1.9,63352.24
15705050,1,7,4,3,30,611,9,0.0,148887.69,1,1,0,0.0132,200.0,2.64,0.0,0.3,4.35,0.0
15791342,3,7,2,3,31,660,1,84560.04,137784.25,1,1,0,0.0931,2661.8,247.81,0.6137,0.0323,3.15,84560.04
15684316,1,6,3,2,43,532,9,0.0,190573.91,0,0,1,0.3511,150.0,52.67,0.0,0.2093,1.35,0.0
15700540,2,26,1,1,38,557,2,129893.56,102076.03,0,0,0,0.7362,3971.81,2924.05,1.2725,0.0526,0.3,129893.56
15770631,3,3,2,3,25,730,5,167385.81,56307.51,1,1,0,0.1639,5146.57,843.52,2.9727,0.2,3.75,167385.81
15790594,1,21,3,3,27,535,6,0.0,49775.58,1,0,0,0.066,150.0,9.9,0.0,0.2222,2.9,0.0
15604020,2,29,1,2,36,773,4,105858.71,4395.45,1,0,0,0.5461,3250.76,1775.24,24.0782,0.1111,2.6,105858.71
15637599,2,26,2,1,44,510,4,123070.89,28461.29,0,1,1,0.8692,3817.13,3317.85,4.324,0.0909,1.6,123070.89
15736578,1,6,2,2,39,539,1,0.0,28184.7,1,1,0,0.4674,125.0,58.42,0.0,0.0256,3.15,0.0
15666332,3,33,4,3,48,690,2,0.0,3149.1,1,1,0,0.2004,200.0,40.08,0.0,0.0417,3.3,0.0
15727291,1,30,4,3,40,821,1,0.0,194273.12,0,1,0,0.115,200.0,23.0,0.0,0.025,1.15,0.0
15785920,2,8,4,3,35,687,1,125141.24,148537.07,1,1,0,0.137,3954.24,541.73,0.8425,0.0286,3.15,62570.62
15658987,1,31,4,2,46,557,4,96173.17,116378.31,1,1,0,0.4656,3085.2,1436.47,0.8264,0.087,3.6,48086.58
15687719,3,26,3,3,37,532,5,0.0,6761.84,1,0,0,0.1048,150.0,15.72,0.0,0.1351,2.75,0.0
15799641,3,6,4,3,39,540,2,0.0,81995.92,0,1,0,0.0857,200.0,17.14,0.0,0.0513,1.3,0.0
15758702,1,33,4,3,55,705,8,0.0,14392.68,1,1,0,0.2973,200.0,59.46,0.0,0.1455,4.2,0.0
15689526,2,26,4,2,35,542,9,127543.11,468.94,0,1,1,0.4254,4026.29,1712.78,271.403,0.2571,2.35,63771.56
15586848,1,8,4,3,38,706,1,0.0,122379.54,0,1,0,0.0634,200.0,12.68,0.0,0.0263,1.15,0.0
15707637,1,34,2,1,56,765,1,0.0,13228.93,0,1,1,0.9782,125.0,122.28,0.0,0.0179,1.15,0.0
15719426,1,16,4,3,67,529,8,103101.56,154002.02,1,1,1,0.3142,3293.05,1034.68,0.6695,0.1194,4.2,51550.78
15639265,1,13,2,1,54,714,7,126113.28,112777.38,0,1,0,0.8897,3908.4,3477.3,1.1182,0.1296,2.05,126113.28
15576124,1,7,2,1,41,582,1,40488.76,128528.83,0,1,0,0.6559,1339.66,878.68,0.315,0.0244,1.15,40488.76
15757829,2,27,4,2,40,609,10,137389.77,170122.22,0,1,0,0.4722,4321.69,2040.7,0.8076,0.25,2.5,68694.88
15633227,1,21,1,3,28,518,9,85146.36,2803.89,0,0,0,0.234,2629.39,615.28,30.3564,0.3214,1.35,85146.36
15753092,2,9,2,2,35,791,5,129828.58,181918.26,1,1,1,0.578,4019.86,2323.48,0.7137,0.1429,3.75,129828.58
15782939,1,9,2,2,42,747,4,80214.36,115241.96,0,1,1,0.5467,2531.43,1383.93,0.696,0.0952,1.6,80214.36
15746338,1,26,4,3,40,565,2,0.0,129956.13,1,1,0,0.1137,200.0,22.74,0.0,0.05,3.3,0.0
15590676,1,8,2,3,34,735,1,141796.43,45858.49,0,1,0,0.2139,4378.89,936.64,3.092,0.0294,1.15,141796.43
15599329,1,33,7,1,49,697,7,195238.29,131083.56,1,0,1,0.9949,6157.15,6125.75,1.4894,0.1429,3.05,48809.57
15783097,2,5,2,2,27,813,6,111348.15,46422.46,0,1,0,0.5604,3465.44,1942.03,2.3985,0.2222,1.9,111348.15
15597885,1,9,4,3,43,772,6,0.0,57675.88,1,1,0,0.0907,200.0,18.14,0.0,0.1395,3.9,0.0
15597467,1,37,4,3,71,606,8,0.0,169741.96,1,1,0,0.1894,200.0,37.88,0.0,0.1127,4.2,0.0
15724764,2,27,3,2,42,667,10,64404.26,26022.37,0,0,0,0.3935,2082.13,819.32,2.4749,0.2381,1.5,32202.13
15778418,2,7,2,2,40,637,9,154309.67,125334.16,1,1,1,0.4771,4754.29,2268.27,1.2312,0.225,4.35,154309.67
15684769,1,16,1,3,67,542,10,129431.36,21343.74,1,0,0,0.259,3957.94,1025.11,6.0639,0.1493,3.5,129431.36
15756167,3,29,2,2,43,762,5,134204.67,139971.01,1,1,0,0.4707,4151.14,1953.94,0.9588,0.1163,3.75,134204.67
15632439,1,28,3,3,39,698,4,0.0,47455.82,1,0,0,0.1314,150.0,19.71,0.0,0.1026,2.6,0.0
15755138,1,30,4,3,32,850,8,0.0,55593.8,1,1,0,0.0678,200.0,13.56,0.0,0.25,4.2,0.0
15659092,1,32,4,2,50,621,5,0.0,191756.54,0,1,1,0.4717,200.0,94.34,0.0,0.1,1.75,0.0
15742116,2,33,3,1,48,671,9,116711.06,76373.38,0,0,0,0.7947,3651.33,2901.71,1.5281,0.1875,1.35,58355.53
15801994,1,9,4,3,31,775,9,0.0,169278.51,0,1,0,0.0168,200.0,3.36,0.0,0.2903,2.35,0.0
15647572,3,6,2,3,34,504,0,54980.81,136909.88,1,1,0,0.213,1774.42,377.95,0.4016,0.0,3.0,54980.81
15644551,3,29,4,2,37,751,3,99773.85,54865.92,0,1,0,0.4105,3193.22,1310.82,1.8185,0.0811,1.45,49886.92
15709135,2,8,3,3,30,691,7,101231.77,156529.44,0,0,0,0.1998,3186.95,636.75,0.6467,0.2333,1.05,50615.88
15684469,2,10,2,2,32,841,2,117070.21,113482.2,0,1,0,0.5435,3637.11,1976.77,1.0316,0.0625,1.3,117070.21
15627637,2,3,4,3,23,709,8,73314.04,63446.47,0,1,0,0.1134,2399.42,272.09,1.1555,0.3478,2.2,36657.02
15667093,1,8,2,2,37,673,2,0.0,13624.02,1,1,0,0.4647,125.0,58.09,0.0,0.0541,3.3,0.0
15690589,1,6,1,3,37,541,9,212314.03,148814.54,1,0,0,0.345,6444.42,2223.32,1.4267,0.2432,3.35,212314.03
15595350,1,27,4,3,31,661,3,136067.82,65567.91,0,1,0,0.2071,4282.03,886.81,2.0752,0.0968,1.45,68033.91
15777586,3,29,4,2,42,784,2,109052.04,6409.55,0,1,0,0.438,3471.56,1520.54,17.0113,0.0476,1.3,54526.02
15804064,1,29,2,3,35,742,2,79126.17,126997.53,1,1,0,0.227,2498.79,567.23,0.623,0.0571,3.3,79126.17
15717770,3,35,1,1,55,850,7,0.0,171762.87,0,0,1,0.9744,75.0,73.08,0.0,0.1273,1.05,0.0
15754443,1,26,2,2,35,443,9,108308.0,129031.19,0,1,1,0.4463,3374.24,1505.92,0.8394,0.2571,2.35,108308.0
15776939,2,34,4,1,48,778,3,102290.56,182691.31,0,1,0,0.833,3268.72,2722.84,0.5599,0.0625,1.45,51145.28
15713517,1,6,4,3,39,529,6,102025.08,12351.01,0,1,0,0.2728,3260.75,889.53,8.2598,0.1538,1.9,51012.54
15683522,2,28,2,2,37,678,2,113383.07,135123.96,1,1,0,0.6456,3526.49,2276.7,0.8391,0.0541,3.3,113383.07
15673995,3,36,2,1,65,516,9,102541.1,181490.42,0,1,0,0.9025,3201.23,2889.11,0.565,0.1385,2.35,102541.1
15771054,3,6,4,3,35,469,5,0.0,186490.37,0,1,0,0.065,200.0,13.0,0.0,0.1429,1.75,0.0
15578788,3,9,3,3,40,786,6,0.0,41248.8,0,0,0,0.0751,150.0,11.26,0.0,0.15,0.9,0.0
15737408,1,28,2,2,41,703,6,109941.51,116267.28,0,1,0,0.559,3423.25,1913.6,0.9456,0.1463,1.9,109941.51
15750837,2,6,1,1,41,579,0,141749.68,9201.53,1,0,0,0.7021,4327.49,3038.33,15.4033,0.0,2.0,141749.68
15576022,1,6,3,3,38,565,5,0.0,80630.32,1,0,0,0.0467,150.0,7.0,0.0,0.1316,2.75,0.0
15635502,1,6,2,1,44,443,2,0.0,159165.7,0,1,0,0.7407,125.0,92.59,0.0,0.0455,1.3,0.0
15627298,1,7,4,3,37,589,7,85146.48,86490.09,0,1,1,0.2639,2754.39,726.88,0.9845,0.1892,2.05,42573.24
15811415,1,28,4,3,44,691,6,134066.1,197572.41,1,1,0,0.2034,4221.98,858.75,0.6786,0.1364,3.9,67033.05
15645059,1,23,3,3,28,711,8,0.0,105159.89,0,0,0,0.0727,150.0,10.9,0.0,0.2857,1.2,0.0
15689671,3,4,2,3,27,775,4,0.0,40807.26,1,1,0,0.2057,125.0,25.71,0.0,0.1481,3.6,0.0
15718667,1,7,2,3,35,621,7,87619.29,143.34,0,1,0,0.2862,2753.58,788.07,607.034,0.2,2.05,87619.29
15803202,1,11,2,1,51,350,10,0.0,125823.79,1,1,1,0.8536,125.0,106.7,0.0,0.1961,4.5,0.0
15593683,3,27,4,3,30,668,8,0.0,138465.7,0,1,0,0.0898,200.0,17.96,0.0,0.2667,2.2,0.0
15703394,3,2,4,3,27,633,3,0.0,44008.91,0,1,0,0.0466,200.0,9.32,0.0,0.1111,1.45,0.0
15570289,2,8,2,1,43,697,8,103409.16,66893.28,0,1,1,0.8123,3227.27,2621.51,1.5459,0.186,2.2,103409.16
15567437,2,28,2,2,30,734,7,123040.38,76503.06,1,1,0,0.4695,3816.21,1791.71,1.6083,0.2333,4.05,123040.38
15711687,1,6,1,2,41,434,4,108128.52,56784.11,1,0,0,0.3592,3318.86,1192.13,1.9042,0.0976,2.6,108128.52
15656592,2,12,4,3,48,646,8,169023.33,175657.55,1,1,0,0.2859,5270.7,1506.89,0.9622,0.1667,4.2,84511.66
15634373,1,9,3,3,30,764,5,0.0,105155.66,1,0,0,0.0413,150.0,6.2,0.0,0.1667,2.75,0.0
15769125,3,28,3,3,41,727,10,0.0,47468.56,1,0,0,0.176,150.0,26.4,0.0,0.2439,3.5,0.0
15711386,1,23,3,3,29,724,6,0.0,64729.51,1,0,0,0.0942,150.0,14.13,0.0,0.2069,2.9,0.0
15714241,3,9,1,1,42,749,9,222267.63,101108.85,0,0,1,0.8158,6743.03,5500.96,2.1983,0.2143,1.35,222267.63
15642530,2,33,2,1,47,706,10,144090.42,140938.95,0,1,1,0.948,4447.71,4216.43,1.0224,0.2128,2.5,144090.42
15713599,1,8,1,3,30,728,10,114835.43,37662.49,1,0,0,0.1399,3520.06,492.46,3.049,0.3333,3.5,114835.43
15744770,1,7,3,3,44,636,2,0.0,86414.41,0,0,0,0.1093,150.0,16.4,0.0,0.0455,0.3,0.0
15780498,1,7,2,3,34,634,3,145030.92,41820.65,1,1,0,0.1801,4475.93,806.11,3.4678,0.0882,3.45,145030.92
15624397,1,7,1,2,43,627,8,71240.3,127734.16,1,0,0,0.4661,2212.21,1031.11,0.5577,0.186,3.2,71240.3
15615219,1,11,1,2,59,518,5,138772.15,123872.0,1,0,0,0.5753,4238.16,2438.21,1.1203,0.0847,2.75,138772.15
15570908,3,23,1,3,29,687,7,93617.07,113050.92,1,0,0,0.1865,2883.51,537.77,0.8281,0.2414,3.05,93617.07
15762855,3,22,4,3,23,622,8,0.0,131389.39,1,1,0,0.0686,200.0,13.72,0.0,0.3478,4.2,0.0
15661827,3,33,4,3,45,693,4,0.0,26589.56,1,1,0,0.1775,200.0,35.5,0.0,0.0889,3.6,0.0
15746035,3,1,3,3,25,450,9,74237.2,195463.35,1,0,0,0.0365,2377.12,86.76,0.3798,0.36,3.35,37118.6
15691906,2,32,4,1,49,664,5,127421.78,108876.75,0,1,1,0.8257,4022.65,3321.5,1.1703,0.102,1.75,63710.89
15793424,3,22,4,3,28,663,8,61274.7,136054.45,0,1,0,0.0639,2038.24,130.24,0.4504,0.2857,2.2,30637.35
15577905,1,7,3,3,34,660,8,106486.66,182262.66,1,0,0,0.1295,3344.6,433.13,0.5842,0.2353,3.2,53243.33
15667216,1,21,4,3,29,579,10,73194.52,129209.09,1,1,0,0.1243,2395.84,297.8,0.5665,0.3448,4.5,36597.26
15673971,2,27,2,1,44,655,6,146498.76,64853.51,0,1,1,0.8756,4519.96,3957.68,2.2589,0.1364,1.9,146498.76
15701238,1,13,4,3,47,683,1,0.0,148989.15,0,1,0,0.1935,200.0,38.7,0.0,0.0213,1.15,0.0
15644849,1,27,2,2,32,655,2,0.0,71047.51,1,1,0,0.378,125.0,47.25,0.0,0.0625,3.3,0.0
15635531,3,26,4,3,30,575,8,0.0,185341.63,0,1,0,0.0829,200.0,16.58,0.0,0.2667,2.2,0.0
15632263,3,6,2,3,30,574,5,120355.0,137793.35,0,1,0,0.3039,3735.65,1135.26,0.8734,0.1667,1.75,120355.0
15720110,1,9,2,3,32,795,2,117265.21,198317.23,1,1,0,0.1648,3642.96,600.36,0.5913,0.0625,3.3,117265.21
15619045,1,29,3,3,43,776,4,0.0,162137.5,1,0,0,0.2513,150.0,37.7,0.0,0.093,2.6,0.0
15697510,3,33,2,1,52,707,7,0.0,109688.82,0,1,1,0.9507,125.0,118.84,0.0,0.1346,2.05,0.0
15784923,2,28,2,2,37,705,3,109974.22,36320.87,1,1,1,0.5874,3424.23,2011.39,3.0278,0.0811,3.45,109974.22
15567383,2,28,3,2,44,678,2,98009.13,31384.86,1,0,0,0.4675,3090.27,1444.7,3.1227,0.0455,2.3,49004.56
15732621,1,7,2,3,34,663,10,0.0,114083.73,1,1,0,0.1717,125.0,21.46,0.0,0.2941,4.5,0.0
15757981,1,19,2,3,66,748,8,0.0,163331.65,1,1,0,0.2882,125.0,36.02,0.0,0.1212,4.2,0.0
15727819,3,28,2,3,34,677,10,171671.9,50777.77,1,1,0,0.2303,5275.16,1214.87,3.3808,0.2941,4.5,171671.9
15738088,3,17,4,1,63,634,10,0.0,30772.86,0,1,1,0.7007,200.0,140.14,0.0,0.1587,2.5,0.0
15765173,1,36,1,1,60,350,3,0.0,113796.15,0,0,1,0.9761,75.0,73.21,0.0,0.05,0.45,0.0
15665159,1,18,4,2,61,727,0,128213.96,188729.08,1,1,1,0.5724,4046.42,2316.17,0.6794,0.0,3.0,64106.98
15618203,2,14,4,2,51,773,8,116197.65,86701.4,1,1,0,0.4693,3685.93,1729.81,1.3402,0.1569,4.2,58098.82
15791452,1,8,4,3,39,675,1,0.0,153129.22,0,1,0,0.0514,200.0,10.28,0.0,0.0256,1.15,0.0
15638159,3,27,1,2,36,649,6,86607.39,19825.09,0,0,0,0.4038,2673.22,1079.45,4.3684,0.1667,0.9,86607.39
15585466,1,1,4,3,29,552,10,0.0,12186.83,0,1,0,0.0414,200.0,8.28,0.0,0.3448,2.5,0.0
15677310,2,19,1,1,62,761,5,98854.34,86920.97,0,0,1,0.9633,3040.63,2929.04,1.1373,0.0806,0.75,98854.34
15646262,1,7,2,2,31,622,7,0.0,35408.77,0,1,0,0.4009,125.0,50.11,0.0,0.2258,2.05,0.0
15656901,1,12,4,3,59,615,8,0.0,165576.55,1,1,0,0.1686,200.0,33.72,0.0,0.1356,4.2,0.0
15621093,2,8,3,3,31,681,4,97338.19,48226.76,0,0,0,0.1677,3070.15,514.86,2.0183,0.129,0.6,48669.1
15592123,1,9,4,3,30,768,6,0.0,199454.37,1,1,0,0.0288,200.0,5.76,0.0,0.2,3.9,0.0
15589200,3,7,4,3,34,617,9,0.0,118749.58,0,1,0,0.0397,200.0,7.94,0.0,0.2647,2.35,0.0
15602934,1,26,4,3,33,452,6,131698.57,151623.91,0,1,0,0.2406,4150.96,998.72,0.8686,0.1818,1.9,65849.28
15812720,2,10,3,3,37,807,10,130110.45,172097.95,1,0,0,0.0793,4053.31,321.43,0.756,0.2703,3.5,65055.22
15695383,3,6,4,3,44,567,9,0.0,87677.15,0,1,0,0.1987,200.0,39.74,0.0,0.2045,2.35,0.0
15723064,3,2,4,2,24,603,1,165149.13,21858.28,0,1,0,0.3733,5154.47,1924.16,7.5551,0.0417,1.15,82574.56
15761606,3,27,2,2,37,617,9,101707.8,123866.28,0,1,0,0.3791,3176.23,1204.11,0.8211,0.2432,2.35,101707.8
15650322,1,28,1,3,34,701,3,105588.66,74694.41,1,0,0,0.2061,3242.66,668.31,1.4136,0.0882,2.45,105588.66
15669782,2,10,2,1,39,820,9,111336.89,16770.31,0,1,1,0.7577,3465.11,2625.51,6.6385,0.2308,2.35,111336.89
15751628,1,16,1,2,60,438,7,78391.17,49424.6,1,0,0,0.4999,2426.74,1213.13,1.586,0.1167,3.05,78391.17
15809057,3,22,4,3,27,600,6,0.0,172031.22,1,1,0,0.1432,200.0,28.64,0.0,0.2222,3.9,0.0
15617052,1,9,2,2,34,782,9,0.0,183021.06,0,1,1,0.6172,125.0,77.15,0.0,0.2647,2.35,0.0
15590810,2,27,2,1,41,638,9,144326.09,73979.85,0,1,1,0.8048,4454.78,3585.21,1.9509,0.2195,2.35,144326.09
15801293,2,5,4,3,27,850,1,101278.25,26265.18,1,1,0,0.0484,3238.35,156.74,3.8558,0.037,3.15,50639.12
15770968,2,24,4,3,19,741,8,108711.57,24857.25,0,1,0,0.1474,3461.35,510.2,4.3733,0.4211,2.2,54355.78
15572356,3,18,1,3,73,689,1,108555.07,167969.15,1,0,0,0.0509,3331.65,169.58,0.6463,0.0137,2.15,108555.07
15603247,2,29,2,2,35,743,1,146781.24,189307.7,0,1,0,0.5804,4528.44,2628.31,0.7754,0.0286,1.15,146781.24
15619116,1,26,3,3,36,493,2,0.0,99770.3,1,0,0,0.162,150.0,24.3,0.0,0.0556,2.3,0.0
15691792,3,6,1,1,35,416,8,0.0,119712.78,0,0,0,0.7451,75.0,55.88,0.0,0.2286,1.2,0.0
15783276,1,23,4,3,25,725,9,0.0,168607.74,1,1,0,0.0628,200.0,12.56,0.0,0.36,4.35,0.0
15766137,1,6,4,3,34,497,2,0.0,83087.13,1,1,0,0.0376,200.0,7.52,0.0,0.0588,3.3,0.0
15574554,2,16,4,3,66,537,8,103291.25,130664.79,1,1,0,0.3456,3298.74,1140.04,0.7905,0.1212,4.2,51645.62
15578671,3,23,2,2,29,706,1,209490.21,133267.69,1,1,1,0.6157,6409.71,3946.46,1.5719,0.0345,3.15,209490.21
15716608,3,7,6,1,38,651,2,0.0,67029.82,0,1,1,0.7125,275.0,195.94,0.0,0.0526,1.3,0.0
15690670,1,8,3,3,33,720,2,0.0,141031.08,1,0,0,0.036,150.0,5.4,0.0,0.0606,2.3,0.0
15630466,1,14,1,1,45,797,8,0.0,125110.02,0,0,0,0.8154,75.0,61.16,0.0,0.1778,1.2,0.0
15630349,3,1,4,3,23,543,5,0.0,117832.39,0,1,0,0.0513,200.0,10.26,0.0,0.2174,1.75,0.0
15803801,1,6,4,3,34,454,4,0.0,198817.72,0,1,0,0.0469,200.0,9.38,0.0,0.1176,1.6,0.0
15647890,1,8,2,3,37,691,9,149405.18,146411.6,1,1,0,0.1234,4607.16,568.52,1.0204,0.2432,4.35,149405.18
15606115,1,31,2,1,52,510,6,191665.21,131312.56,1,1,1,0.7496,5874.96,4403.87,1.4596,0.1154,3.9,191665.21
15714642,3,29,2,1,40,792,7,0.0,141652.2,0,1,0,0.7815,125.0,97.69,0.0,0.175,2.05,0.0
15741181,1,8,2,3,41,721,6,135071.12,64477.25,1,1,0,0.3037,4177.13,1268.59,2.0948,0.1463,3.9,135071.12
15773973,1,9,3,3,41,765,2,0.0,191215.61,1,0,0,0.0631,150.0,9.46,0.0,0.0488,2.3,0.0
15758546,3,10,4,3,39,850,8,0.0,37090.44,1,1,0,0.033,200.0,6.6,0.0,0.2051,4.2,0.0
15598940,2,8,4,3,38,681,6,181804.34,57517.71,1,1,0,0.1463,5654.13,827.2,3.1608,0.1579,3.9,90902.17
15669783,1,37,3,2,60,586,3,47020.65,63241.21,1,0,1,0.5746,1560.62,896.73,0.7435,0.05,2.45,23510.32
15624993,1,29,2,3,36,753,7,128518.98,44567.83,1,1,1,0.2646,3980.57,1053.26,2.8836,0.1944,4.05,128518.98
15760568,2,27,3,3,38,593,5,142658.04,135337.11,1,0,0,0.2936,4429.74,1300.57,1.0541,0.1316,2.75,71329.02
15699047,1,23,4,3,21,674,9,120150.39,33964.03,1,1,0,0.0661,3804.51,251.48,3.5375,0.4286,4.35,60075.2
15616168,1,27,2,3,35,610,7,81905.95,61623.19,1,1,0,0.2338,2582.18,603.71,1.3291,0.2,4.05,81905.95
15773146,1,2,3,3,26,652,3,137998.2,168989.77,1,0,0,0.0747,4289.95,320.46,0.8166,0.1154,2.45,68999.1
15770375,2,25,2,2,26,850,8,123126.29,74425.41,0,1,0,0.3909,3818.79,1492.77,1.6543,0.3077,2.2,123126.29
15589725,1,34,4,3,51,740,4,0.0,178929.84,1,1,0,0.2724,200.0,54.48,0.0,0.0784,3.6,0.0
15710034,2,7,3,2,43,637,1,135645.29,101382.86,1,0,1,0.4926,4219.36,2078.46,1.3379,0.0233,2.15,67822.64
15800806,3,8,4,3,31,685,7,122449.31,180769.55,1,1,0,0.2685,3873.48,1040.03,0.6774,0.2258,4.05,61224.66
15570485,3,6,1,2,40,558,4,161766.87,92378.54,0,0,0,0.4505,4928.01,2220.07,1.7511,0.1,0.6,161766.87
15575391,1,28,4,3,37,677,3,0.0,38252.25,1,1,0,0.0801,200.0,16.02,0.0,0.0811,3.45,0.0
15790750,2,7,1,3,36,592,10,123187.51,146111.35,1,0,0,0.3418,3770.63,1288.8,0.8431,0.2778,3.5,123187.51
15714832,2,7,1,2,36,652,9,150956.71,72350.17,0,0,0,0.5069,4603.7,2333.62,2.0864,0.25,1.35,150956.71
15619953,3,27,2,2,42,662,6,105021.28,48242.38,0,1,0,0.5862,3275.64,1920.18,2.1769,0.1429,1.9,105021.28
15673929,1,16,4,3,64,543,4,0.0,148305.82,1,1,0,0.0788,200.0,15.76,0.0,0.0625,3.6,0.0
15578835,3,33,1,1,50,675,1,133204.91,8270.06,1,0,0,0.6505,4071.15,2648.28,16.1049,0.02,2.15,133204.91
15752388,3,27,4,3,35,643,6,0.0,41549.64,1,1,0,0.113,200.0,22.6,0.0,0.1714,3.9,0.0
15797081,2,32,4,1,49,611,9,115488.52,138656.81,1,1,1,0.7724,3664.66,2830.58,0.8329,0.1837,4.35,57744.26
15570194,1,1,3,3,29,412,5,0.0,12510.53,0,0,0,0.0991,150.0,14.86,0.0,0.1724,0.75,0.0
15580149,3,7,4,3,41,638,7,0.0,43889.41,0,1,0,0.0685,200.0,13.7,0.0,0.1707,2.05,0.0
15777708,3,30,4,3,38,824,3,0.0,192800.25,0,1,0,0.1426,200.0,28.52,0.0,0.0789,1.45,0.0
15769955,1,28,3,3,40,683,1,0.0,75762.0,0,0,0,0.1877,150.0,28.16,0.0,0.025,0.15,0.0
15810444,2,26,2,1,39,562,6,130565.02,9854.72,0,1,1,0.7805,4041.95,3154.74,13.2476,0.1538,1.9,130565.02
15645593,1,27,2,2,41,599,2,91328.71,115724.78,0,1,0,0.5648,2864.86,1618.07,0.7892,0.0488,1.3,91328.71
15765345,1,9,4,3,35,753,4,0.0,106303.4,1,1,0,0.0361,200.0,7.22,0.0,0.1143,3.6,0.0
15760873,1,12,2,2,50,594,7,81310.34,183868.01,1,1,0,0.5848,2564.31,1499.61,0.4422,0.14,4.05,81310.34
15794178,1,7,2,3,34,657,3,107136.6,153895.46,0,1,0,0.1514,3339.1,505.54,0.6962,0.0882,1.45,107136.6
15589361,3,8,2,3,34,716,9,0.0,66695.71,1,1,0,0.2221,125.0,27.76,0.0,0.2647,4.35,0.0
15662483,1,10,4,3,43,850,7,0.0,173851.11,1,1,0,0.088,200.0,17.6,0.0,0.1628,4.05,0.0
15809736,1,12,2,1,46,664,2,0.0,177423.02,1,1,1,0.6616,125.0,82.7,0.0,0.0435,3.3,0.0
15731148,1,6,2,3,33,558,0,108477.49,109096.71,1,1,1,0.1321,3379.32,446.41,0.9943,0.0,3.0,108477.49
15774328,2,7,4,3,40,606,1,144757.97,166656.18,1,1,0,0.2058,4542.74,934.9,0.8686,0.025,3.15,72378.98
15646969,3,9,4,3,33,776,2,0.0,176921.0,1,1,0,0.0197,200.0,3.94,0.0,0.0606,3.3,0.0
15718769,3,6,2,3,36,557,1,113110.26,98413.1,0,1,0,0.2538,3518.31,892.95,1.1493,0.0278,1.15,113110.26
15610226,1,22,3,3,27,614,9,106414.57,77500.81,0,0,0,0.091,3342.44,304.16,1.3731,0.3333,1.35,53207.28
15616270,3,7,1,2,42,620,4,106920.91,119747.08,1,0,0,0.4071,3282.63,1336.36,0.8929,0.0952,2.6,106920.91
15790717,3,8,4,3,35,695,7,0.0,160387.98,0,1,0,0.049,200.0,9.8,0.0,0.2,2.05,0.0
15635703,2,28,2,2,39,729,1,131513.26,193715.0,1,1,0,0.625,4070.4,2544.0,0.6789,0.0256,3.15,131513.26
15616365,1,31,4,2,53,571,2,0.0,28045.77,0,1,0,0.521,200.0,104.2,0.0,0.0377,1.3,0.0
15630244,1,6,4,3,40,457,10,134320.23,150757.35,0,1,0,0.2715,4229.61,1148.34,0.891,0.25,2.5,67160.12
15734714,1,21,2,3,29,559,3,79715.36,82252.28,0,1,0,0.3019,2516.46,759.72,0.9691,0.1034,1.45,79715.36
15721433,1,27,4,3,38,664,4,74306.19,154395.56,0,1,0,0.2379,2429.19,577.9,0.4813,0.1053,1.6,37153.1
15590201,3,31,8,1,50,500,5,0.0,83866.35,1,1,1,0.9534,350.0,333.69,0.0,0.1,3.75,0.0
15590828,2,9,2,1,42,782,7,126428.38,39830.1,0,1,0,0.7619,3917.85,2985.01,3.1741,0.1667,2.05,126428.38
15752097,3,8,2,2,38,708,8,99640.89,12429.22,0,1,0,0.353,3114.23,1099.32,8.016,0.2105,2.2,99640.89
15800031,1,8,2,2,43,681,3,66338.68,18772.5,1,1,1,0.4379,2115.16,926.23,3.5336,0.0698,3.45,66338.68
15630857,3,28,4,3,39,674,6,0.0,9574.83,1,1,0,0.1194,200.0,23.88,0.0,0.1538,3.9,0.0
15689953,3,8,1,2,43,697,10,128226.37,188486.94,0,0,0,0.5374,3921.79,2107.57,0.6803,0.2326,1.5,128226.37
15759733,1,24,4,3,26,774,5,0.0,64716.08,1,1,0,0.069,200.0,13.8,0.0,0.1923,3.75,0.0
15810826,1,7,3,3,36,624,6,0.0,84749.96,0,0,0,0.0706,150.0,10.59,0.0,0.1667,0.9,0.0
15668009,3,9,3,3,37,747,1,0.0,180551.76,1,0,0,0.0623,150.0,9.35,0.0,0.027,2.15,0.0
15743456,1,28,4,3,32,715,10,0.0,60907.49,0,1,0,0.0547,200.0,10.94,0.0,0.3125,2.5,0.0
15725762,1,5,2,3,24,808,4,122168.65,174107.04,0,1,0,0.2567,3790.06,972.91,0.7017,0.1667,1.6,122168.65
15761713,1,28,1,1,43,678,7,178074.33,110405.9,0,0,0,0.7758,5417.23,4202.69,1.6129,0.1628,1.05,178074.33
15769246,2,15,2,1,59,813,2,135078.41,187636.06,0,1,1,0.9715,4177.35,4058.3,0.7199,0.0339,1.3,135078.41
15781129,3,8,4,3,38,687,8,69434.4,66580.13,1,1,1,0.1782,2283.03,406.84,1.0429,0.2105,4.2,34717.2
15599124,1,25,4,3,29,832,5,0.0,178779.52,0,1,0,0.0758,200.0,15.16,0.0,0.1724,1.75,0.0
15639004,1,17,4,3,72,668,2,0.0,70783.61,1,1,0,0.0387,200.0,7.74,0.0,0.0278,3.3,0.0
15810995,2,6,2,2,34,526,3,122726.56,46772.36,1,1,0,0.4757,3806.8,1810.89,2.6239,0.0882,3.45,122726.56
15653773,1,26,2,3,38,457,7,164496.99,163327.27,1,1,0,0.3152,5059.91,1594.88,1.0072,0.1842,4.05,164496.99
15708357,3,27,2,1,38,649,8,0.0,103760.53,0,1,0,0.6623,125.0,82.79,0.0,0.2105,2.2,0.0
15733597,1,27,3,3,41,669,0,150219.41,107839.03,0,0,0,0.3284,4656.58,1529.22,1.393,0.0,0.0,75109.7
15789560,1,7,2,2,42,668,8,187534.79,32900.41,1,1,1,0.4338,5751.04,2494.8,5.6999,0.1905,4.2,187534.79
15699524,1,26,2,2,30,466,3,0.0,193984.6,0,1,0,0.5672,125.0,70.9,0.0,0.1,1.45,0.0
15626475,1,8,4,3,30,685,2,0.0,140889.32,1,1,0,0.0315,200.0,6.3,0.0,0.0667,3.3,0.0
15810839,1,7,1,3,34,610,0,103108.17,125646.82,0,0,0,0.1362,3168.25,431.52,0.8206,0.0,0.0,103108.17
15684318,2,32,4,2,50,582,6,96486.57,20344.02,1,1,0,0.6203,3094.6,1919.58,4.7425,0.12,3.9,48243.28
15768120,2,8,4,3,36,702,9,90560.48,174268.87,0,1,0,0.1496,2916.81,436.35,0.5197,0.25,2.35,45280.24
15712807,3,11,2,2,46,556,3,131764.96,108500.66,1,1,1,0.5228,4077.95,2131.95,1.2144,0.0652,3.45,131764.96
15696371,3,25,1,3,24,812,1,92476.88,83247.14,0,0,0,0.1884,2849.31,536.81,1.1109,0.0417,0.15,92476.88
15675794,2,12,2,1,47,645,9,152076.93,121840.2,0,1,1,0.895,4687.31,4195.14,1.2482,0.1915,2.35,152076.93
15774277,1,10,4,3,43,809,2,0.0,132908.07,1,1,0,0.0549,200.0,10.98,0.0,0.0465,3.3,0.0
15603764,1,11,2,1,49,560,4,0.0,100075.1,1,1,1,0.7298,125.0,91.22,0.0,0.0816,3.6,0.0
15618647,1,4,2,3,29,744,1,43504.42,119327.75,1,1,0,0.1618,1430.13,231.4,0.3646,0.0345,3.15,43504.42
15614643,3,28,4,3,39,731,2,0.0,136737.13,0,1,0,0.2083,200.0,41.66,0.0,0.0513,1.3,0.0
15707696,3,21,4,3,28,471,5,0.0,22356.97,1,1,0,0.0983,200.0,19.66,0.0,0.1786,3.75,0.0
15749583,2,28,5,1,38,686,2,93569.86,10137.34,0,0,1,0.9824,3032.1,2978.74,9.2293,0.0526,0.3,31189.95
15815125,3,12,4,3,45,668,4,102486.21,158379.25,1,1,0,0.3196,3274.59,1046.56,0.6471,0.0889,3.6,51243.1
15779620,1,6,1,2,36,575,1,0.0,94570.56,1,0,0,0.4177,75.0,31.33,0.0,0.0278,2.15,0.0
15768233,2,6,1,2,37,435,8,114346.3,980.93,1,0,1,0.6365,3505.39,2231.18,116.4506,0.2162,3.2,114346.3
15637788,1,4,2,3,23,743,3,110203.77,95583.45,0,1,0,0.2704,3431.11,927.77,1.1529,0.1304,1.45,110203.77
15777046,1,27,2,2,39,580,9,128362.59,86044.98,0,1,0,0.4467,3975.88,1776.03,1.4918,0.2308,2.35,128362.59
15788723,2,32,4,1,49,599,10,143888.22,166236.38,1,1,1,0.6745,4516.65,3046.48,0.8656,0.2041,4.5,71944.11
15790489,3,6,1,3,34,534,5,170600.78,5240.53,1,0,0,0.193,5193.02,1002.25,32.5479,0.1471,2.75,170600.78
15739476,1,28,2,2,32,680,5,0.0,150684.23,1,1,0,0.3944,125.0,49.3,0.0,0.1562,3.75,0.0
15612670,3,32,4,3,46,631,10,0.0,129508.96,1,1,0,0.3432,200.0,68.64,0.0,0.2174,4.5,0.0
15631222,1,26,2,3,39,485,2,75339.64,70665.16,1,1,0,0.3195,2385.19,762.07,1.0661,0.0513,3.3,75339.64
15658972,1,28,2,2,40,699,8,122038.34,102085.35,0,1,0,0.5479,3786.15,2074.43,1.1954,0.2,2.2,122038.34
15724691,1,8,4,3,34,712,1,0.0,195052.12,1,1,0,0.0354,200.0,7.08,0.0,0.0294,3.15,0.0
15740442,1,12,2,1,51,603,8,186825.57,93739.71,0,1,1,0.9169,5729.77,5253.63,1.993,0.1569,2.2,186825.57
15760427,1,10,2,2,40,850,6,124788.18,65612.12,0,1,0,0.5283,3868.65,2043.81,1.9019,0.15,1.9,124788.18
15677939,1,27,4,3,41,584,3,0.0,160095.48,1,1,0,0.1288,200.0,25.76,0.0,0.0732,3.45,0.0
15611599,1,37,4,3,71,604,2,0.0,49506.82,1,1,0,0.0728,200.0,14.56,0.0,0.0282,3.3,0.0
15633474,1,12,2,2,51,586,2,138553.57,92406.22,1,1,0,0.5557,4281.61,2379.29,1.4994,0.0392,3.3,138553.57
15671973,3,6,4,3,39,467,5,0.0,7415.96,1,1,0,0.0489,200.0,9.78,0.0,0.1282,3.75,0.0
15790019,1,6,2,3,35,520,9,105387.89,25059.06,1,1,0,0.1076,3286.64,353.64,4.2054,0.2571,4.35,105387.89
15737735,3,8,2,3,40,683,4,95053.1,116816.54,1,1,1,0.2508,2976.59,746.53,0.8137,0.1,3.6,95053.1
15661745,1,6,1,2,36,557,3,0.0,144078.02,1,0,0,0.3931,75.0,29.48,0.0,0.0833,2.45,0.0
15797065,3,27,3,3,32,613,0,0.0,126675.62,1,0,0,0.1534,150.0,23.01,0.0,0.0,2.0,0.0
15710671,1,9,1,3,34,786,3,137361.96,183682.09,0,0,0,0.2524,4195.86,1059.04,0.7478,0.0882,0.45,137361.96
15656522,3,7,2,3,32,593,10,158537.42,166850.57,0,1,0,0.2435,4881.12,1188.55,0.9502,0.3125,2.5,158537.42
15705085,3,23,4,3,29,670,9,0.0,27359.19,0,1,0,0.0518,200.0,10.36,0.0,0.3103,2.35,0.0
15744873,2,32,1,1,48,657,5,143595.87,101314.65,0,0,1,0.9365,4382.88,4104.57,1.4173,0.1042,0.75,143595.87
15781914,2,8,4,3,32,718,9,169947.41,27979.16,1,1,0,0.0798,5298.42,422.81,6.0739,0.2812,4.35,84973.7
15637354,1,22,4,3,24,623,7,148167.83,109470.34,1,1,0,0.0962,4645.03,446.85,1.3535,0.2917,4.05,74083.91
15717307,1,6,4,3,31,496,5,0.0,93713.13,0,1,0,0.0462,200.0,9.24,0.0,0.1613,1.75,0.0
15746695,1,26,2,2,39,429,6,48023.83,74870.99,0,1,0,0.6223,1565.71,974.34,0.6414,0.1538,1.9,48023.83
15804962,1,7,2,3,36,606,1,155655.46,192387.51,1,1,1,0.3264,4794.66,1564.98,0.8091,0.0278,3.15,155655.46
15665378,1,31,4,3,46,499,6,0.0,73457.55,0,1,0,0.3103,200.0,62.06,0.0,0.1304,1.9,0.0
15757865,1,17,4,3,62,642,7,0.0,61120.75,1,1,0,0.1391,200.0,27.82,0.0,0.1129,4.05,0.0
15578787,1,32,2,1,52,641,4,0.0,90964.54,0,1,1,0.9532,125.0,119.15,0.0,0.0769,1.6,0.0
15794323,1,8,2,3,32,673,8,121240.76,116969.73,0,1,0,0.2301,3762.22,865.69,1.0365,0.25,2.2,121240.76
15697546,1,26,4,3,36,570,3,0.0,92118.75,0,1,0,0.2094,200.0,41.88,0.0,0.0833,1.45,0.0
15629519,1,26,4,3,37,472,1,0.0,48357.9,1,1,0,0.0849,200.0,16.98,0.0,0.027,3.15,0.0
15624703,2,6,4,3,35,550,9,129847.75,197325.4,0,1,0,0.1799,4095.43,736.77,0.658,0.2571,2.35,64923.88
15570002,2,32,7,1,55,625,8,118772.71,135853.62,0,0,1,0.9965,3863.18,3849.66,0.8743,0.1455,1.2,29693.18
15808566,1,11,4,3,46,516,2,0.0,169122.54,1,1,0,0.1358,200.0,27.16,0.0,0.0435,3.3,0.0
15805463,2,8,4,3,32,682,2,105163.88,164170.46,1,1,0,0.1097,3354.92,368.03,0.6406,0.0625,3.3,52581.94
15709136,1,2,4,3,28,620,8,0.0,199909.32,1,1,0,0.0155,200.0,3.1,0.0,0.2857,4.2,0.0
15801605,1,27,4,3,39,626,0,0.0,83295.09,1,1,0,0.1991,200.0,39.82,0.0,0.0,3.0,0.0
15567855,1,22,3,3,29,623,1,0.0,39382.06,0,0,0,0.0774,150.0,11.61,0.0,0.0345,0.15,0.0
15675141,1,26,2,2,35,569,4,93934.63,184748.23,0,1,0,0.4802,2943.04,1413.25,0.5084,0.1143,1.6,93934.63
15665759,1,38,2,3,69,724,5,117866.92,62280.91,1,1,0,0.2443,3661.01,894.38,1.8925,0.0725,3.75,117866.92
15761487,1,33,1,1,55,678,5,0.0,196794.11,1,0,1,0.8558,75.0,64.18,0.0,0.0909,2.75,0.0
15700394,3,23,4,2,26,713,4,122857.46,144682.17,0,1,1,0.3563,3885.72,1384.48,0.8491,0.1538,1.6,61428.73
15631162,1,7,3,3,32,631,10,0.0,196342.66,1,0,0,0.0226,150.0,3.39,0.0,0.3125,3.5,0.0
15630641,1,30,2,3,37,846,6,127103.97,41516.44,1,1,0,0.1997,3938.12,786.44,3.0615,0.1622,3.9,127103.97
15585066,1,27,1,1,43,660,1,0.0,112026.1,1,0,1,0.8054,75.0,60.4,0.0,0.0233,2.15,0.0
15722991,1,11,1,1,54,567,9,96402.96,52035.29,0,0,1,0.9309,2967.09,2762.06,1.8526,0.1667,1.35,96402.96
15737404,1,8,2,3,31,731,1,132512.26,185466.85,1,1,0,0.0983,4100.37,403.07,0.7145,0.0323,3.15,132512.26
15722409,3,13,2,2,47,693,8,107604.66,80149.27,1,1,0,0.4106,3353.14,1376.8,1.3425,0.1702,4.2,107604.66
15806420,1,9,4,3,34,772,9,0.0,170980.86,0,1,0,0.0302,200.0,6.04,0.0,0.2647,2.35,0.0
15658148,1,7,4,3,38,657,7,0.0,185827.74,0,1,0,0.066,200.0,13.2,0.0,0.1842,2.05,0.0
15810660,2,9,3,3,34,774,4,120875.23,113407.26,1,0,0,0.172,3776.26,649.52,1.0658,0.1176,2.6,60437.62
15709780,1,27,4,3,37,667,9,71786.9,67734.79,1,1,0,0.292,2353.61,687.25,1.0598,0.2432,4.35,35893.45
15727350,1,26,1,2,37,516,8,113143.12,3363.36,0,0,0,0.3811,3469.29,1322.15,33.6299,0.2162,1.2,113143.12
15752312,3,11,4,2,49,551,1,150777.72,135757.27,1,1,0,0.4637,4723.33,2190.21,1.1106,0.0204,3.15,75388.86
15616745,3,6,2,3,35,542,2,174894.53,22314.55,1,1,0,0.1889,5371.84,1014.74,7.8373,0.0571,3.3,174894.53
15572294,1,2,1,3,28,623,7,0.0,129526.57,0,0,0,0.3268,75.0,24.51,0.0,0.25,1.05,0.0
15674110,1,28,1,2,43,701,2,160416.56,37266.43,1,0,0,0.4419,4887.5,2159.79,4.3045,0.0465,2.3,160416.56
15662501,1,12,2,1,48,583,3,91246.53,60017.46,0,1,1,0.7262,2862.4,2078.67,1.5203,0.0625,1.45,91246.53
15649239,3,13,4,3,46,731,10,0.0,153015.42,0,1,0,0.1968,200.0,39.36,0.0,0.2174,2.5,0.0
15700424,1,26,2,2,35,461,5,0.0,54209.02,1,1,0,0.3787,125.0,47.34,0.0,0.1429,3.75,0.0
15636388,2,23,2,2,23,702,7,98775.23,114603.96,0,1,0,0.4383,3088.26,1353.58,0.8619,0.3043,2.05,98775.23
15713975,2,31,2,1,47,565,10,139756.12,165849.49,0,1,1,0.9461,4317.68,4084.96,0.8427,0.2128,2.5,139756.12
15592925,3,8,5,1,42,711,3,177626.77,16392.72,1,0,1,0.9822,5553.8,5454.94,10.835,0.0714,2.45,59208.92
15581626,1,12,2,2,54,664,8,0.0,162719.69,1,1,1,0.6337,125.0,79.21,0.0,0.1481,4.2,0.0
15641319,3,11,1,1,50,518,4,0.0,107112.25,0,0,1,0.9407,75.0,70.55,0.0,0.08,0.6,0.0
15723481,3,8,3,3,42,728,8,0.0,41823.22,1,0,0,0.0754,150.0,11.31,0.0,0.1905,3.2,0.0
15787825,2,7,2,2,37,585,6,152496.82,99907.29,1,1,0,0.4944,4699.9,2323.63,1.5264,0.1622,3.9,152496.82
15710726,1,11,3,3,52,573,8,0.0,178229.04,1,0,0,0.2857,150.0,42.86,0.0,0.1538,3.2,0.0
15627195,2,1,4,3,26,568,1,112930.28,22095.73,0,1,0,0.1919,3587.91,688.52,5.1107,0.0385,1.15,56465.14
15657957,2,22,2,2,26,602,8,113674.2,197861.16,0,1,1,0.6382,3535.23,2256.18,0.5745,0.3077,2.2,113674.2
15676117,1,7,2,1,44,603,9,0.0,138328.24,0,1,0,0.7662,125.0,95.78,0.0,0.2045,2.35,0.0
15607874,1,8,1,3,38,687,0,144450.58,137276.83,1,0,0,0.2469,4408.52,1088.46,1.0522,0.0,2.0,144450.58
15796993,1,14,3,1,52,741,1,171236.3,21834.4,0,0,1,0.8556,5287.09,4523.63,7.8421,0.0192,0.15,85618.15
15649858,3,6,2,3,37,469,9,96776.49,119890.86,1,1,0,0.1003,3028.29,303.74,0.8072,0.2432,4.35,96776.49
15811032,2,31,2,1,58,477,8,145984.92,24564.7,1,1,0,0.7636,4504.55,3439.67,5.9426,0.1379,4.2,145984.92
15679963,2,8,1,1,43,737,8,96353.8,10209.8,0,0,0,0.8086,2965.61,2397.99,9.4365,0.186,1.2,96353.8
15579131,1,5,4,3,25,835,7,0.0,83449.65,1,1,0,0.0194,200.0,3.88,0.0,0.28,4.05,0.0
15572428,2,28,2,2,33,717,0,115777.23,81508.1,1,1,0,0.4364,3598.32,1570.31,1.4204,0.0,3.0,115777.23
15622461,1,31,3,1,51,562,7,122822.0,32626.21,0,0,0,0.8706,3834.66,3338.45,3.7644,0.1373,1.05,61411.0
15636105,3,19,4,3,61,758,2,0.0,43982.41,1,1,0,0.1372,200.0,27.44,0.0,0.0328,3.3,0.0
15583849,1,6,3,3,40,408,3,0.0,124874.23,0,0,0,0.1993,150.0,29.9,0.0,0.075,0.45,0.0
15718780,3,27,2,3,32,650,4,79450.09,118324.75,1,1,0,0.2023,2508.5,507.47,0.6715,0.125,3.6,79450.09
15739271,2,7,2,2,33,582,2,122394.0,22113.93,1,1,0,0.5043,3796.82,1914.74,5.5345,0.0606,3.3,122394.0
15697129,3,28,4,3,43,706,1,0.0,31962.77,0,1,0,0.2886,200.0,57.72,0.0,0.0233,1.15,0.0
15763415,2,6,2,1,41,567,0,134378.89,105746.94,1,1,0,0.6556,4156.37,2724.92,1.2707,0.0,3.0,134378.89
15796617,1,3,4,3,29,720,2,0.0,39925.52,0,1,0,0.0641,200.0,12.82,0.0,0.069,1.3,0.0
15626628,3,27,4,3,31,631,2,88161.85,127630.88,0,1,0,0.2435,2844.86,692.72,0.6908,0.0645,1.3,44080.92
15765857,3,7,2,2,41,623,2,142412.13,28778.98,0,1,0,0.4783,4397.36,2103.26,4.9483,0.0488,1.3,142412.13
15742511,1,6,2,3,35,514,3,121030.9,10008.68,0,1,0,0.2941,3755.93,1104.62,12.0914,0.0857,1.45,121030.9
15786433,2,27,4,3,35,650,3,165982.43,24482.16,1,1,0,0.1814,5179.47,939.56,6.7795,0.0857,3.45,82991.22
15685805,3,28,4,3,35,673,6,0.0,98618.79,0,1,0,0.1478,200.0,29.56,0.0,0.1714,1.9,0.0
15627971,1,26,1,1,32,504,8,206663.75,16281.94,0,0,0,0.7164,6274.91,4495.35,12.692,0.25,1.2,206663.75
15783025,2,8,4,3,37,723,3,94661.53,121239.65,0,1,0,0.2745,3039.85,834.44,0.7808,0.0811,1.45,47330.76
15726289,1,2,2,3,25,645,0,174400.36,42669.37,0,1,0,0.2384,5357.01,1277.11,4.0872,0.0,1.0,174400.36
15802118,3,7,2,3,41,664,7,123428.69,164924.11,1,1,0,0.2086,3827.86,798.49,0.7484,0.1707,4.05,123428.69
15607990,3,9,2,2,43,760,6,175735.5,157337.29,1,1,0,0.3875,5397.06,2091.36,1.1169,0.1395,3.9,175735.5
15695932,3,9,1,3,36,766,5,78381.13,153831.6,1,0,0,0.1713,2426.43,415.65,0.5095,0.1389,2.75,78381.13
15812279,1,7,3,3,37,634,5,115345.86,168781.8,0,0,0,0.2934,3610.38,1059.29,0.6834,0.1351,0.75,57672.93
15687558,2,27,2,2,31,640,10,118613.34,168469.65,0,1,0,0.6137,3683.4,2260.5,0.7041,0.3226,2.5,118613.34
15729065,2,4,4,3,28,784,2,109960.06,170829.87,1,1,0,0.1271,3498.8,444.7,0.6437,0.0714,3.3,54980.03
15698902,2,26,2,1,42,547,1,142703.4,86207.49,0,1,1,0.7631,4406.1,3362.29,1.6553,0.0238,1.15,142703.4
15570192,2,27,1,1,40,608,8,121729.42,61164.45,0,0,0,0.7849,3726.88,2925.23,1.9902,0.2,1.2,121729.42
15809265,1,26,2,2,35,547,4,0.0,133287.73,1,1,0,0.4297,125.0,53.71,0.0,0.1143,3.6,0.0
15745201,1,27,4,2,43,612,4,139496.35,77128.23,1,1,0,0.4045,4384.89,1773.69,1.8086,0.093,3.6,69748.18
15580623,3,1,3,3,28,573,8,0.0,77660.03,0,0,0,0.0342,150.0,5.13,0.0,0.2857,1.2,0.0
15578156,3,7,2,3,32,615,5,138521.83,56897.1,1,1,0,0.2101,4280.65,899.36,2.4346,0.1562,3.75,138521.83
15631063,1,28,4,3,33,710,2,0.0,72945.32,0,1,0,0.1511,200.0,30.22,0.0,0.0606,1.3,0.0
15692577,2,28,2,2,38,674,10,83727.68,45418.12,0,1,0,0.6102,2636.83,1608.99,1.8434,0.2632,2.5,83727.68
15810910,3,28,4,3,38,702,9,0.0,158527.45,1,1,0,0.15,200.0,30.0,0.0,0.2368,4.35,0.0
15723217,1,7,2,2,37,616,9,0.0,111312.96,0,1,0,0.5263,125.0,65.79,0.0,0.2432,2.35,0.0
15733111,3,8,2,3,32,688,6,124179.3,138759.15,1,1,0,0.1781,3850.38,685.75,0.8949,0.1875,3.9,124179.3
15610727,1,7,2,3,36,605,7,128829.25,190588.59,0,1,0,0.2955,3989.88,1179.01,0.676,0.1944,2.05,128829.25
15792720,1,8,1,2,33,676,6,171490.78,79099.64,0,0,0,0.3536,5219.72,1845.69,2.168,0.1818,0.9,171490.78
15723153,3,8,4,3,33,708,3,0.0,138613.21,0,1,0,0.0591,200.0,11.82,0.0,0.0909,1.45,0.0
15802823,3,29,4,3,38,745,7,0.0,194230.82,1,1,0,0.0835,200.0,16.7,0.0,0.1842,4.05,0.0
15756118,3,2,2,3,20,661,8,0.0,110252.53,0,1,0,0.3287,125.0,41.09,0.0,0.4,2.2,0.0
15684934,1,8,4,3,31,726,9,0.0,106117.3,1,1,0,0.0167,200.0,3.34,0.0,0.2903,4.35,0.0
15776936,1,6,1,2,40,475,7,160818.08,169642.13,1,0,1,0.3763,4899.54,1843.7,0.948,0.175,3.05,160818.08
15729087,2,14,3,2,54,751,9,156367.6,116179.92,1,0,0,0.3784,4841.03,1831.85,1.3459,0.1667,3.35,78183.8
15786463,2,32,3,1,59,645,8,121669.93,91.75,0,0,1,0.9437,3800.1,3586.15,1311.8052,0.1356,1.2,60834.96
15717498,1,9,3,3,42,775,6,133970.22,187839.9,1,0,0,0.2259,4169.11,941.8,0.7132,0.1429,2.9,66985.11
15718406,1,6,4,3,41,540,3,0.0,121098.65,0,1,0,0.0927,200.0,18.54,0.0,0.0732,1.45,0.0
15799468,1,27,1,3,34,591,3,96127.27,30972.06,0,0,0,0.2781,2958.82,822.85,3.1036,0.0882,0.45,96127.27
15626383,3,17,1,2,60,596,7,121907.97,30314.04,1,0,0,0.5305,3732.24,1979.95,4.0214,0.1167,3.05,121907.97
15597385,3,6,3,3,41,573,5,0.0,14479.29,1,0,0,0.0687,150.0,10.3,0.0,0.122,2.75,0.0
15570271,3,6,2,2,31,577,6,0.0,196395.25,1,1,0,0.5372,125.0,67.15,0.0,0.1935,3.9,0.0
15690330,2,30,1,2,40,830,8,77701.64,19512.38,1,0,0,0.4043,2406.05,972.77,3.982,0.2,3.2,77701.64
15680611,1,17,6,1,67,663,9,0.0,72318.77,1,1,0,0.7298,275.0,200.7,0.0,0.1343,4.35,0.0
15810227,1,6,4,3,34,421,2,0.0,96615.23,1,1,0,0.046,200.0,9.2,0.0,0.0588,3.3,0.0
15807194,3,8,4,3,34,718,5,113922.44,30772.22,0,1,0,0.2434,3617.67,880.54,3.702,0.1471,1.75,56961.22
15712199,2,37,4,2,61,655,2,183997.7,161217.18,1,1,0,0.414,5719.93,2368.05,1.1413,0.0328,3.3,91998.85
15694995,1,3,3,3,23,712,2,0.0,66795.78,1,0,0,0.0408,150.0,6.12,0.0,0.087,2.3,0.0
15723400,1,2,4,3,28,663,4,0.0,123969.64,1,1,0,0.032,200.0,6.4,0.0,0.1429,3.6,0.0
15654772,1,32,3,1,47,640,6,89799.46,13783.77,1,0,1,0.656,2843.98,1865.65,6.5144,0.1277,2.9,44899.73
15574743,3,1,2,3,29,577,2,0.0,168924.41,1,1,0,0.2913,125.0,36.41,0.0,0.069,3.3,0.0
15807593,3,26,1,2,36,546,7,85660.96,134778.01,0,0,0,0.4327,2644.83,1144.42,0.6356,0.1944,1.05,85660.96
15686718,2,10,1,2,37,802,9,115569.21,119782.89,1,0,0,0.572,3542.08,2026.07,0.9648,0.2432,3.35,115569.21
15695299,1,32,2,1,45,590,2,81828.22,52167.97,0,1,0,0.7054,2579.85,1819.83,1.5685,0.0444,1.3,81828.22
15722701,2,2,2,3,18,594,1,132694.73,167689.56,0,1,0,0.2991,4105.84,1228.06,0.7913,0.0556,1.15,132694.73
15799635,3,11,1,1,51,577,2,108867.0,140800.66,0,0,1,0.8921,3341.01,2980.52,0.7732,0.0392,0.3,108867.0
15742323,1,6,4,3,39,541,7,0.0,19823.02,0,1,0,0.0656,200.0,13.12,0.0,0.1795,2.05,0.0
15658435,1,24,3,3,27,781,5,0.0,72969.9,0,0,0,0.1134,150.0,17.01,0.0,0.1852,0.75,0.0
15586029,2,10,4,3,34,806,2,96152.68,143711.02,0,1,0,0.0477,3084.58,147.13,0.6691,0.0588,1.3,48076.34
15772337,2,33,2,1,49,723,0,153855.52,180862.26,1,1,1,0.8388,4740.67,3976.47,0.8507,0.0,3.0,153855.52
15807555,1,11,4,3,45,535,2,0.0,125658.28,0,1,0,0.2869,200.0,57.38,0.0,0.0444,1.3,0.0
15603378,1,29,1,3,36,768,3,141334.95,125870.5,1,0,0,0.2784,4315.05,1201.31,1.1229,0.0833,2.45,141334.95
15792862,2,7,2,1,41,653,1,104584.11,15126.32,0,1,1,0.7462,3262.52,2434.49,6.9136,0.0244,1.15,104584.11
15657349,2,35,1,1,50,803,8,98173.02,22457.25,0,0,1,0.953,3020.19,2878.24,4.3714,0.16,1.2,98173.02
15777614,3,26,4,3,44,545,1,0.0,82614.89,1,1,0,0.1759,200.0,35.18,0.0,0.0227,3.15,0.0
15653952,2,27,2,1,38,581,3,135157.05,32919.42,1,1,0,0.6578,4179.71,2749.41,4.1056,0.0789,3.45,135157.05
15724336,2,31,2,1,49,513,5,171601.27,126223.84,0,1,0,0.8685,5273.04,4579.64,1.3595,0.102,1.75,171601.27
15689594,1,3,1,2,29,731,5,179539.2,112010.02,0,0,0,0.4273,5461.18,2333.56,1.6029,0.1724,0.75,179539.2
15801920,2,8,3,3,39,727,5,80615.46,180962.32,0,0,0,0.115,2568.46,295.37,0.4455,0.1282,0.75,40307.73
15653347,3,11,1,1,47,560,1,0.0,128882.66,0,0,1,0.8891,75.0,66.68,0.0,0.0213,0.15,0.0
15749951,2,4,2,1,27,766,5,126285.73,177614.17,0,1,1,0.6668,3913.57,2609.57,0.711,0.1852,1.75,126285.73
15648178,2,22,1,2,23,630,4,137964.51,174570.55,1,0,0,0.5885,4213.94,2479.9,0.7903,0.1739,2.6,137964.51
15738662,2,7,2,2,41,652,9,159434.03,178373.93,0,1,0,0.6397,4908.02,3139.66,0.8938,0.2195,2.35,159434.03
15640855,2,8,4,3,40,729,5,113574.61,103396.08,0,1,0,0.3388,3607.24,1222.13,1.0984,0.125,1.75,56787.3
15584288,1,27,4,3,33,629,6,0.0,59129.72,1,1,0,0.082,200.0,16.4,0.0,0.1818,3.9,0.0
15760988,2,7,3,3,33,667,9,124573.33,683.37,0,0,0,0.1909,3887.2,742.07,182.0263,0.2727,1.35,62286.66
15569624,2,28,4,3,31,671,6,105864.6,145567.34,0,1,0,0.2749,3375.94,928.05,0.7273,0.1935,1.9,52932.3
15597949,2,34,2,1,47,768,5,104552.61,48137.08,0,1,1,0.9433,3261.58,3076.65,2.1719,0.1064,1.75,104552.61
15604551,1,28,4,3,35,732,3,0.0,90876.95,0,1,0,0.2166,200.0,43.32,0.0,0.0857,1.45,0.0
15617476,1,26,3,3,30,546,5,0.0,198543.09,1,0,0,0.1004,150.0,15.06,0.0,0.1667,2.75,0.0
15645323,1,12,2,1,55,630,2,0.0,106202.07,1,1,1,0.7853,125.0,98.16,0.0,0.0364,3.3,0.0
15793311,2,34,3,1,46,765,8,119492.88,166896.01,1,0,1,0.6885,3734.79,2571.4,0.716,0.1739,3.2,59746.44
15764153,1,28,4,3,33,704,0,130499.09,74804.36,1,1,0,0.148,4114.97,609.02,1.7445,0.0,3.0,65249.54
15802560,3,31,2,2,48,470,6,140576.11,116971.05,1,1,0,0.5713,4342.28,2480.74,1.2018,0.125,3.9,140576.11
15728608,2,28,3,3,34,688,9,91025.58,163783.0,1,0,0,0.1412,2880.77,406.76,0.5558,0.2647,3.35,45512.79
15770474,1,28,5,2,33,685,1,0.0,70221.13,1,0,1,0.6276,225.0,141.21,0.0,0.0303,2.15,0.0
15724444,1,26,4,3,38,567,1,125877.65,107841.77,1,1,0,0.3023,3976.33,1202.04,1.1672,0.0263,3.15,62938.82
15753110,3,18,4,1,64,720,3,45752.78,79623.28,0,1,1,0.8558,1572.58,1345.81,0.5746,0.0469,1.45,22876.39
15711521,1,7,2,3,39,609,3,121778.71,138399.67,1,1,0,0.2492,3778.36,941.57,0.8799,0.0769,3.45,121778.71
15632816,2,31,2,1,49,521,2,127948.57,182765.14,1,1,0,0.877,3963.46,3475.95,0.7001,0.0408,3.3,127948.57
15693637,1,26,4,3,30,556,7,0.0,186648.19,1,1,0,0.1079,200.0,21.58,0.0,0.2333,4.05,0.0
15725509,2,7,4,3,30,662,5,115286.68,149587.92,1,1,0,0.1141,3658.6,417.45,0.7707,0.1667,3.75,57643.34
15684645,2,8,4,3,41,704,9,62078.21,129050.67,0,1,0,0.1709,2062.35,352.46,0.481,0.2195,2.35,31039.1
15692235,1,29,4,3,38,750,1,0.0,47764.99,0,1,0,0.179,200.0,35.8,0.0,0.0263,1.15,0.0
15777459,3,27,4,2,32,619,4,175406.13,172792.43,1,1,1,0.4793,5462.18,2618.02,1.0151,0.125,3.6,87703.06
15656937,3,1,2,3,26,468,1,131643.25,64436.16,0,1,0,0.2688,4074.3,1095.17,2.043,0.0385,1.15,131643.25
15610643,2,6,2,1,44,435,3,151739.65,167461.5,0,1,0,0.7279,4677.19,3404.53,0.9061,0.0682,1.45,151739.65
15777315,1,6,3,2,43,529,6,93616.35,98348.66,0,0,0,0.4469,2958.49,1322.15,0.9519,0.1395,0.9,46808.18
15611058,2,38,4,2,60,702,5,138597.54,41536.59,1,1,1,0.458,4357.93,1995.93,3.3367,0.0833,3.75,69298.77
15630413,1,27,4,3,41,608,5,0.0,72462.25,1,1,0,0.1313,200.0,26.26,0.0,0.122,3.75,0.0
15635942,1,6,4,3,40,576,9,0.0,112465.19,0,1,1,0.1025,200.0,20.5,0.0,0.225,2.35,0.0
15648858,1,22,1,3,27,666,1,85225.21,64511.44,1,0,0,0.1103,2631.76,290.28,1.3211,0.037,2.15,85225.21
15810732,1,28,4,3,36,730,8,148749.29,91830.75,0,1,0,0.3059,4662.48,1426.25,1.6198,0.2222,2.2,74374.64
15705448,2,12,2,1,52,647,7,130013.12,190806.36,1,1,1,0.8528,4025.39,3432.85,0.6814,0.1346,4.05,130013.12
15730488,3,21,1,3,27,516,1,0.0,112311.15,1,0,0,0.2485,75.0,18.64,0.0,0.037,2.15,0.0
15620443,1,38,4,3,81,711,6,0.0,72276.24,1,1,0,0.0211,200.0,4.22,0.0,0.0741,3.9,0.0
15741078,1,13,3,2,54,736,7,111729.47,84920.49,1,0,0,0.4738,3501.88,1659.19,1.3157,0.1296,3.05,55864.74
15753161,1,29,4,2,36,768,5,180169.44,17348.56,0,1,0,0.3644,5605.08,2042.49,10.3847,0.1389,1.75,90084.72
15711396,3,6,4,3,40,427,8,0.0,82870.75,1,1,0,0.0543,200.0,10.86,0.0,0.2,4.2,0.0
15593499,3,33,2,1,47,686,6,0.0,32080.69,0,1,1,0.9179,125.0,114.74,0.0,0.1277,1.9,0.0
15579189,1,28,3,3,42,690,5,0.0,120512.08,1,0,0,0.1306,150.0,19.59,0.0,0.119,2.75,0.0
15743545,3,22,4,3,29,647,2,0.0,179032.68,0,1,0,0.1592,200.0,31.84,0.0,0.069,1.3,0.0
15791316,1,8,4,3,35,714,3,0.0,95623.28,1,1,0,0.0346,200.0,6.92,0.0,0.0857,3.45,0.0
15608246,2,28,2,2,36,736,8,103914.17,110035.88,1,1,1,0.5885,3242.43,1908.17,0.9444,0.2222,4.2,103914.17
15676526,1,27,2,3,34,608,4,88772.87,168822.01,1,1,0,0.2658,2788.19,741.1,0.5258,0.1176,3.6,88772.87
15813911,1,30,2,1,39,809,5,0.0,77705.75,0,1,0,0.685,125.0,85.62,0.0,0.1282,1.75,0.0
15630195,1,29,2,3,40,745,6,131184.67,49815.62,1,1,0,0.3467,4060.54,1407.79,2.6334,0.15,3.9,131184.67
15736250,1,9,1,3,38,781,2,117810.79,65632.33,1,0,1,0.2612,3609.32,942.75,1.795,0.0526,2.3,117810.79
15671334,1,6,2,2,31,527,4,0.0,169361.89,0,1,0,0.441,125.0,55.12,0.0,0.129,1.6,0.0
15574169,2,27,2,2,32,595,0,92466.21,4721.3,0,1,0,0.5094,2898.99,1476.75,19.5808,0.0,1.0,92466.21
15718839,2,30,3,3,38,850,2,102741.15,23974.85,1,0,0,0.1912,3232.23,618.0,4.2852,0.0526,2.3,51370.58
15762331,1,6,2,2,37,569,9,178755.84,199929.17,0,1,0,0.4842,5487.68,2657.13,0.8941,0.2432,2.35,178755.84
15606901,1,8,4,3,43,728,7,0.0,40023.7,0,1,0,0.1442,200.0,28.84,0.0,0.1628,2.05,0.0
15713559,2,26,4,3,32,473,5,146602.25,72946.95,1,1,0,0.1519,4598.07,698.45,2.0097,0.1562,3.75,73301.12
15768881,1,3,4,3,29,738,2,0.0,170421.13,1,1,0,0.0215,200.0,4.3,0.0,0.069,3.3,0.0
15743075,1,7,4,3,35,659,6,0.0,58879.11,1,1,0,0.0376,200.0,7.52,0.0,0.1714,3.9,0.0
15660980,3,7,4,3,38,597,6,115702.67,25059.05,1,1,0,0.2189,3671.08,803.6,4.617,0.1579,3.9,57851.34
15810942,2,36,1,1,61,445,2,137655.31,29909.84,1,0,0,0.7488,4204.66,3148.45,4.6022,0.0328,2.3,137655.31
15728362,1,23,4,3,29,671,3,0.0,158043.11,0,1,0,0.1099,200.0,21.98,0.0,0.1034,1.45,0.0
15683339,3,27,2,2,34,656,6,59877.33,14032.62,0,1,1,0.529,1921.32,1016.38,4.2667,0.1765,1.9,59877.33
15685476,1,7,1,3,31,658,5,100082.14,49809.88,1,0,0,0.1444,3077.46,444.39,2.0092,0.1613,2.75,100082.14
15663650,2,13,6,1,52,698,10,107304.39,28806.32,0,1,1,0.9884,3494.13,3453.6,3.7249,0.1923,2.5,35768.13
15617434,3,7,1,3,38,655,9,0.0,90490.33,1,0,0,0.3493,75.0,26.2,0.0,0.2368,3.35,0.0
15622470,3,9,2,3,41,772,10,96032.22,75825.57,1,1,0,0.1413,3005.97,424.74,1.2665,0.2439,4.5,96032.22
15703682,3,8,1,3,33,681,10,0.0,158336.36,0,0,0,0.3118,75.0,23.38,0.0,0.303,1.5,0.0
15727391,2,3,4,3,29,688,9,144553.5,143454.95,0,1,0,0.1179,4536.6,534.87,1.0077,0.3103,2.35,72276.75
15711062,2,7,4,3,40,633,5,86172.81,117279.49,1,1,0,0.2533,2785.18,705.49,0.7348,0.125,3.75,43086.4
15567339,1,18,2,3,73,735,9,0.0,114283.33,1,1,0,0.095,125.0,11.88,0.0,0.1233,4.35,0.0
15760662,2,21,2,3,29,521,2,87212.8,994.86,1,1,0,0.3154,2741.38,864.63,87.5754,0.069,3.3,87212.8
15605737,1,6,4,3,36,541,5,0.0,124795.84,0,1,0,0.0557,200.0,11.14,0.0,0.1389,1.75,0.0
15692977,2,27,3,3,36,612,2,130700.92,77592.8,0,0,0,0.2822,4071.03,1148.84,1.6844,0.0556,0.3,65350.46
15672082,1,16,4,1,62,562,3,0.0,105986.01,0,1,0,0.7599,200.0,151.98,0.0,0.0484,1.45,0.0
15600280,1,28,3,3,32,703,6,0.0,33606.52,0,0,0,0.147,150.0,22.05,0.0,0.1875,0.9,0.0
15804052,3,3,4,3,23,710,6,0.0,134188.11,1,1,0,0.0263,200.0,5.26,0.0,0.2609,3.9,0.0
15576065,3,28,2,2,40,731,5,171325.98,159718.27,1,1,1,0.5092,5264.78,2680.83,1.0727,0.125,3.75,171325.98
15796838,3,13,1,2,58,703,4,92930.92,85148.78,1,0,0,0.5911,2862.93,1692.28,1.0914,0.069,2.6,92930.92
15693526,1,27,2,1,40,618,0,0.0,119059.13,0,1,0,0.7751,125.0,96.89,0.0,0.0,1.0,0.0
15748595,1,23,4,3,29,689,1,77556.79,122998.26,1,1,0,0.087,2526.7,219.82,0.6305,0.0345,3.15,38778.39
15679029,1,8,1,3,33,718,7,102874.28,117841.06,0,0,0,0.2354,3161.23,744.15,0.873,0.2121,1.05,102874.28
15753639,1,7,3,3,37,608,5,146093.39,160593.41,0,0,0,0.2448,4532.8,1109.63,0.9097,0.1351,0.75,73046.7
15604138,3,9,1,2,34,749,2,0.0,174189.04,0,0,1,0.4223,75.0,31.67,0.0,0.0588,0.3,0.0
15666095,3,14,3,2,51,753,4,79811.72,68260.27,1,0,1,0.6085,2544.35,1548.24,1.1692,0.0784,2.6,39905.86
15643487,3,7,1,2,39,630,10,105473.74,58854.88,0,0,1,0.4505,3239.21,1459.26,1.7921,0.2564,1.5,105473.74
15764033,2,28,2,1,43,693,1,121927.92,87994.95,0,1,1,0.8868,3782.84,3354.62,1.3856,0.0233,1.15,121927.92
15747288,3,30,1,2,40,838,6,61671.19,150659.35,1,0,1,0.5556,1925.14,1069.61,0.4093,0.15,2.9,61671.19
15790599,2,29,4,3,39,756,5,149363.12,109098.39,1,1,0,0.2583,4680.89,1209.07,1.3691,0.1282,3.75,74681.56
15737705,1,24,2,3,27,775,4,152309.37,104112.0,0,1,0,0.2379,4694.28,1116.77,1.4629,0.1481,1.6,152309.37
15737194,1,27,4,3,33,635,5,0.0,122949.71,0,1,0,0.0901,200.0,18.02,0.0,0.1515,1.75,0.0
15726776,3,8,2,3,36,705,1,111629.29,21807.16,1,1,0,0.1978,3473.88,687.13,5.1187,0.0278,3.15,111629.29
15804357,1,6,2,2,40,481,3,0.0,32319.93,1,1,0,0.4722,125.0,59.02,0.0,0.075,3.45,0.0
15664432,3,33,2,1,49,727,7,96296.78,190457.87,0,1,1,0.8453,3013.9,2547.65,0.5056,0.1429,2.05,96296.78
15688984,1,2,2,3,20,595,4,95830.43,177738.98,0,1,0,0.2229,2999.91,668.68,0.5392,0.2,1.6,95830.43
15583026,1,26,2,2,38,535,0,135919.33,80425.65,0,1,0,0.42,4202.58,1765.08,1.69,0.0,1.0,135919.33
15771668,1,11,1,1,59,578,10,185966.64,9445.42,0,0,1,0.9668,5654.0,5466.29,19.6865,0.1695,1.5,185966.64
15779904,1,22,4,3,29,597,5,0.0,174825.57,1,1,0,0.1206,200.0,24.12,0.0,0.1724,3.75,0.0
15784323,1,21,3,3,21,449,7,0.0,175743.92,0,0,0,0.1326,150.0,19.89,0.0,0.3333,1.05,0.0
15756277,2,30,4,3,43,850,8,92244.83,54949.73,0,1,0,0.3134,2967.34,929.96,1.6787,0.186,2.2,46122.42
15663312,1,26,4,2,35,494,9,112727.06,183752.91,0,1,0,0.4315,3581.81,1545.55,0.6135,0.2571,2.35,56363.53
15793197,1,28,1,3,34,676,8,100359.54,46038.28,0,0,0,0.3258,3085.79,1005.35,2.1799,0.2353,1.2,100359.54
15731463,2,10,2,2,43,818,10,105301.5,78941.59,1,1,0,0.5673,3284.04,1863.04,1.3339,0.2326,4.5,105301.5
15621768,3,13,1,2,45,712,6,112994.65,198398.68,0,0,0,0.5991,3464.84,2075.79,0.5695,0.1333,0.9,112994.65
15691323,2,8,4,3,40,672,4,89025.88,188892.19,0,1,0,0.1655,2870.78,475.11,0.4713,0.1,1.6,44512.94
15781326,1,7,1,3,35,636,9,95478.17,169286.74,0,0,0,0.2075,2939.35,609.92,0.564,0.2571,1.35,95478.17
15595640,1,8,3,3,37,698,8,0.0,145004.39,0,0,0,0.1178,150.0,17.67,0.0,0.2162,1.2,0.0
15814331,2,27,4,2,43,597,7,119127.46,55809.92,0,1,0,0.5547,3773.82,2093.34,2.1345,0.1628,2.05,59563.73
15602030,1,3,2,3,28,717,4,128206.79,54272.12,1,1,0,0.1866,3971.2,741.03,2.3623,0.1429,3.6,128206.79
15747974,1,12,4,3,49,614,1,0.0,192440.54,0,1,0,0.2815,200.0,56.3,0.0,0.0204,1.15,0.0
15611315,2,23,2,2,23,708,4,71433.08,103697.57,0,1,0,0.4248,2267.99,963.44,0.6889,0.1739,1.6,71433.08
15636977,2,6,6,1,36,507,9,118214.32,119110.03,0,1,1,0.9805,3821.43,3746.91,0.9925,0.25,2.35,39404.77
15690337,1,22,4,3,27,581,5,102258.11,194681.6,0,1,0,0.1523,3267.74,497.68,0.5253,0.1852,1.75,51129.06
15680666,3,26,4,2,39,579,2,151963.26,158948.63,0,1,0,0.3949,4758.9,1879.29,0.956,0.0513,1.3,75981.63
15679551,3,31,2,1,46,504,2,163764.84,165122.55,1,1,1,0.6892,5037.95,3472.16,0.9918,0.0435,3.3,163764.84
15778915,1,28,3,3,32,737,7,128551.36,189402.71,1,0,0,0.1787,4006.54,715.97,0.6787,0.2188,3.05,64275.68
15568849,3,26,2,3,31,540,10,118158.74,158027.57,1,1,0,0.3008,3669.76,1103.86,0.7477,0.3226,4.5,118158.74
15747762,1,7,1,3,32,609,7,118520.41,3815.48,0,0,0,0.2538,3630.61,921.45,31.0549,0.2188,1.05,118520.41
15753679,1,4,4,3,24,778,4,0.0,162809.2,1,1,0,0.0197,200.0,3.94,0.0,0.1667,3.6,0.0
15750049,1,7,1,2,40,621,10,163823.37,89519.47,0,0,0,0.4984,4989.7,2486.87,1.83,0.25,1.5,163823.37
15606097,2,17,2,1,63,665,7,104469.58,25165.36,1,1,1,0.6504,3259.09,2119.71,4.1512,0.1111,4.05,104469.58
15802368,1,32,2,1,47,608,6,0.0,126012.57,1,1,0,0.7193,125.0,89.91,0.0,0.1277,3.9,0.0
15767488,3,8,4,3,36,680,7,0.0,20109.21,0,1,0,0.063,200.0,12.6,0.0,0.1944,2.05,0.0
15669946,2,32,2,1,46,663,2,141726.88,58257.23,1,1,0,0.7763,4376.81,3397.72,2.4327,0.0435,3.3,141726.88
15612103,2,27,2,2,35,627,2,137852.96,172269.21,1,1,1,0.6435,4260.59,2741.69,0.8002,0.0571,3.3,137852.96
15645353,1,2,2,3,26,607,1,0.0,29818.2,0,1,0,0.2533,125.0,31.66,0.0,0.0385,1.15,0.0
15650018,1,28,1,2,43,681,8,154100.3,114659.81,0,0,0,0.6091,4698.01,2861.56,1.344,0.186,1.2,154100.3
15659002,1,34,3,3,45,766,6,0.0,147184.74,0,0,0,0.3447,150.0,51.7,0.0,0.1333,0.9,0.0
15616028,1,8,5,2,30,694,2,0.0,15039.41,1,0,0,0.4894,225.0,110.12,0.0,0.0667,2.3,0.0
15660475,1,31,1,1,54,411,9,0.0,76621.49,1,0,0,0.8654,75.0,64.9,0.0,0.1667,3.35,0.0
15652615,1,9,2,3,39,742,8,140004.96,92985.78,1,1,0,0.1433,4325.15,619.79,1.5056,0.2051,4.2,140004.96
15653572,3,8,1,2,43,673,8,127132.96,6009.27,1,0,1,0.4373,3888.99,1700.66,21.1526,0.186,3.2,127132.96
15628059,1,16,4,3,61,529,1,0.0,191370.97,1,1,0,0.3172,200.0,63.44,0.0,0.0164,3.15,0.0
15703413,1,26,2,2,38,519,7,125328.56,188225.67,0,1,0,0.4597,3884.86,1785.87,0.6658,0.1842,2.05,125328.56
15610433,1,6,4,3,35,573,9,0.0,11743.89,0,1,0,0.0785,200.0,15.7,0.0,0.2571,2.35,0.0
15770548,2,21,2,2,28,453,3,139986.65,136846.75,0,1,0,0.6052,4324.6,2617.25,1.0229,0.1071,1.45,139986.65
15645637,2,29,2,1,39,798,6,119787.76,164248.33,1,1,0,0.6874,3718.63,2556.19,0.7293,0.1538,3.9,119787.76
15590888,3,28,3,3,34,693,10,107556.06,154631.35,0,0,0,0.2474,3376.68,835.39,0.6956,0.2941,1.5,53778.03
15568326,1,27,4,3,44,637,2,0.0,149665.65,0,1,0,0.3072,200.0,61.44,0.0,0.0455,1.3,0.0
15655368,1,13,1,1,47,672,1,0.0,91574.92,0,0,0,0.8411,75.0,63.08,0.0,0.0213,0.15,0.0
15665579,1,22,2,3,28,597,0,142705.95,127233.39,0,1,0,0.2187,4406.18,963.63,1.1216,0.0,1.0,142705.95
15676091,1,6,2,2,42,543,7,0.0,56650.47,1,1,0,0.4012,125.0,50.15,0.0,0.1667,4.05,0.0
15716984,3,33,4,1,56,695,4,0.0,84644.76,0,1,0,0.6549,200.0,130.98,0.0,0.0714,1.6,0.0
15715078,1,7,4,3,35,584,6,161613.94,148238.16,1,1,0,0.1245,5048.42,628.53,1.0902,0.1714,3.9,80806.97
15569452,2,32,3,1,58,652,3,116353.2,193502.9,1,0,0,0.6784,3640.6,2469.78,0.6013,0.0517,2.45,58176.6
15628863,1,7,2,3,38,601,4,60013.81,38020.05,1,1,0,0.2666,1925.41,513.31,1.5784,0.1053,3.6,60013.81
15778192,3,2,4,3,28,628,4,0.0,176750.81,1,1,0,0.0374,200.0,7.48,0.0,0.1429,3.6,0.0
15793723,2,7,4,3,32,607,9,144272.07,176580.63,0,1,0,0.0766,4528.16,346.86,0.817,0.2812,2.35,72136.04
15798943,1,32,4,3,46,646,8,0.0,133059.15,0,1,0,0.3061,200.0,61.22,0.0,0.1739,2.2,0.0
15764708,1,6,2,3,30,572,6,117696.67,100843.82,0,1,0,0.2302,3655.9,841.59,1.1671,0.2,1.9,117696.67
15791040,3,15,4,2,58,801,1,79954.61,30484.19,1,1,0,0.4524,2598.64,1175.62,2.6227,0.0172,3.15,39977.3
15631512,1,22,2,3,26,597,8,149989.39,42330.58,0,1,0,0.228,4624.68,1054.43,3.5432,0.3077,2.2,149989.39
15640106,1,7,1,2,40,613,7,124339.9,193309.58,0,0,0,0.4775,3805.2,1816.98,0.6432,0.175,1.05,124339.9
15710315,2,1,1,2,29,529,4,135759.4,112813.79,0,0,1,0.5796,4147.78,2404.05,1.2034,0.1379,0.6,135759.4
15771535,3,29,4,3,37,794,9,0.0,68008.85,0,1,0,0.1381,200.0,27.62,0.0,0.2432,2.35,0.0
15611947,1,6,2,3,34,557,3,83074.0,132673.22,0,1,0,0.2192,2617.22,573.69,0.6262,0.0882,1.45,83074.0
15670266,1,21,2,3,28,499,4,141792.61,22001.91,1,1,0,0.1768,4378.78,774.17,6.4443,0.1429,3.6,141792.61
15609083,1,21,2,3,26,544,6,0.0,100200.4,0,1,1,0.3412,125.0,42.65,0.0,0.2308,1.9,0.0
15567923,1,28,1,2,30,739,6,0.0,122604.44,0,0,0,0.4873,75.0,36.55,0.0,0.2,0.9,0.0
15788183,2,26,4,2,43,458,1,106870.12,100564.37,0,1,0,0.6261,3406.1,2132.56,1.0627,0.0233,1.15,53435.06
15735782,1,6,2,3,31,528,9,120962.59,5419.31,0,1,0,0.2134,3753.88,801.08,22.3165,0.2903,2.35,120962.59
15774401,3,14,3,2,51,773,4,0.0,123587.83,0,0,1,0.4731,150.0,70.96,0.0,0.0784,0.6,0.0
15737971,1,27,4,3,30,646,5,0.0,13935.32,0,1,0,0.0829,200.0,16.58,0.0,0.1667,1.75,0.0
15758750,1,6,2,3,31,564,0,110527.17,87060.77,1,1,0,0.1214,3440.82,417.72,1.2695,0.0,3.0,110527.17
15611767,2,32,1,1,52,624,0,133723.43,4859.59,0,0,1,0.9377,4086.7,3832.1,27.5118,0.0,0.0,133723.43
15643770,1,33,2,1,52,682,5,112670.48,21085.17,0,1,1,0.8963,3505.11,3141.63,5.3433,0.0962,1.75,112670.48
15744717,1,28,4,3,44,726,2,0.0,26733.86,1,1,0,0.1459,200.0,29.18,0.0,0.0455,3.3,0.0
15570681,1,1,2,3,24,560,1,116084.32,89734.7,0,1,0,0.2083,3607.53,751.45,1.2936,0.0417,1.15,116084.32
15792650,3,6,2,1,36,382,0,0.0,179540.73,1,1,1,0.8071,125.0,100.89,0.0,0.0,3.0,0.0
15605531,3,26,4,3,38,457,6,0.0,173219.09,0,1,0,0.1668,200.0,33.36,0.0,0.1579,1.9,0.0
15605339,1,28,4,3,37,673,10,0.0,37411.35,1,1,0,0.1826,200.0,36.52,0.0,0.2703,4.5,0.0
15672216,1,27,1,2,40,584,4,82441.75,80852.11,0,0,0,0.5813,2548.25,1481.3,1.0196,0.1,0.6,82441.75
15812893,1,27,4,3,39,629,10,0.0,43174.49,1,1,1,0.3478,200.0,69.56,0.0,0.2564,4.5,0.0
15624180,2,27,8,1,37,584,10,134171.8,70927.11,1,1,1,0.9914,4375.15,4337.52,1.8917,0.2703,4.5,33542.95
15701364,1,8,4,3,30,724,10,0.0,54265.55,1,1,0,0.0467,200.0,9.34,0.0,0.3333,4.5,0.0
15762588,1,7,4,3,31,644,5,0.0,41872.17,1,1,0,0.0451,200.0,9.02,0.0,0.1613,3.75,0.0
15806318,2,33,2,1,48,676,2,124442.38,15068.53,0,1,1,0.9308,3858.27,3591.28,8.2579,0.0417,1.3,124442.38
15712596,1,6,2,2,31,499,4,0.0,25950.49,0,1,0,0.4201,125.0,52.51,0.0,0.129,1.6,0.0
15600399,1,17,2,1,60,598,4,0.0,197727.14,0,1,1,0.9686,125.0,121.08,0.0,0.0667,1.6,0.0
15576216,2,27,2,1,37,655,4,108862.76,79555.08,0,1,1,0.6965,3390.88,2361.75,1.3684,0.1081,1.6,108862.76
15620750,1,1,2,3,28,559,3,141099.43,15607.27,1,1,0,0.1707,4357.98,743.91,9.04,0.1071,3.45,141099.43
15623489,1,36,2,2,67,543,0,128843.67,134612.48,1,1,0,0.4061,3990.31,1620.46,0.9571,0.0,3.0,128843.67
15667944,1,8,1,3,39,679,0,86843.61,159830.58,1,0,0,0.2582,2680.31,692.06,0.5433,0.0,2.0,86843.61
15584928,2,27,4,3,32,594,4,120074.97,162961.79,1,1,0,0.2613,3802.25,993.53,0.7368,0.125,3.6,60037.48
15779913,1,2,4,3,27,586,5,130231.8,192427.16,1,1,0,0.1342,4106.95,551.15,0.6768,0.1852,3.75,65115.9
15644977,1,29,4,3,31,776,5,0.0,92647.94,0,1,0,0.1034,200.0,20.68,0.0,0.1613,1.75,0.0
15749679,1,8,2,3,39,699,2,109724.38,180022.39,1,1,0,0.2167,3416.73,740.41,0.6095,0.0513,3.3,109724.38
15629010,2,30,2,2,35,847,5,111743.43,183584.14,1,1,0,0.5641,3477.3,1961.54,0.6087,0.1429,3.75,111743.43
15768465,2,7,4,3,35,582,8,121309.17,28750.67,1,1,0,0.128,3839.28,491.43,4.2192,0.2286,4.2,60654.58
15767781,1,7,2,2,38,648,10,82697.28,74846.67,0,1,0,0.3766,2605.92,981.39,1.1049,0.2632,2.5,82697.28
15635364,1,32,6,1,49,618,9,44301.43,89729.3,1,1,1,0.9738,1604.04,1562.01,0.4937,0.1837,4.35,14767.14
15722004,1,26,1,3,31,543,4,138317.94,61843.73,0,0,0,0.2949,4224.54,1245.82,2.2365,0.129,0.6,138317.94
15766044,2,12,2,1,49,642,4,120688.61,24770.22,0,1,1,0.9328,3745.66,3493.95,4.8721,0.0816,1.6,120688.61
15586680,1,1,2,3,27,462,4,176913.52,80587.27,0,1,0,0.2552,5432.41,1386.35,2.1953,0.1481,1.6,176913.52
15635388,3,12,2,1,47,640,6,89047.14,116286.25,0,1,0,0.7099,2796.41,1985.17,0.7658,0.1277,1.9,89047.14
15655175,2,9,4,2,40,740,4,114318.78,129333.69,0,1,1,0.3524,3629.56,1279.06,0.8839,0.1,1.6,57159.39
15639133,1,34,4,2,50,773,4,0.0,129372.94,0,1,0,0.4592,200.0,91.84,0.0,0.08,1.6,0.0
15799653,2,27,4,3,32,583,7,94753.55,18149.03,1,1,0,0.1434,3042.61,436.31,5.2206,0.2188,4.05,47376.78
15723872,3,32,3,3,46,589,10,0.0,168369.37,1,0,0,0.2732,150.0,40.98,0.0,0.2174,3.5,0.0
15775627,1,6,3,3,35,509,8,0.0,67431.28,1,0,0,0.0476,150.0,7.14,0.0,0.2286,3.2,0.0
15630704,2,7,4,3,32,612,9,106520.73,177092.16,0,1,0,0.1022,3395.62,347.03,0.6015,0.2812,2.35,53260.36
15815534,3,6,2,3,37,505,0,134006.39,93736.69,1,1,0,0.1989,4145.19,824.48,1.4296,0.0,3.0,134006.39
15697249,2,21,2,2,25,546,3,132837.7,131647.31,0,1,0,0.5416,4110.13,2226.05,1.009,0.12,1.45,132837.7
15681316,1,28,4,2,41,681,0,120549.29,175722.31,0,1,0,0.4141,3816.48,1580.4,0.686,0.0,1.0,60274.64
15682523,1,4,2,3,20,762,1,139432.55,85606.83,1,1,0,0.0592,4307.98,255.03,1.6287,0.05,3.15,139432.55
15650244,3,4,4,3,29,786,7,80895.44,64945.57,0,1,0,0.1354,2626.86,355.68,1.2456,0.2414,2.05,40447.72
15648638,3,7,4,3,34,629,6,0.0,190347.72,0,1,0,0.0518,200.0,10.36,0.0,0.1765,1.9,0.0
15795747,3,29,1,3,39,787,7,171646.76,100791.36,1,0,0,0.2585,5224.4,1350.51,1.703,0.1795,3.05,171646.76
15607330,3,8,1,3,42,713,0,109121.71,167873.49,1,0,0,0.31,3348.65,1038.08,0.65,0.0,2.0,109121.71
15624013,1,26,2,2,39,541,6,109844.81,25289.23,0,1,0,0.4758,3420.34,1627.4,4.3434,0.1538,1.9,109844.81
15800805,1,26,1,3,31,451,7,140931.82,20388.77,1,0,0,0.1726,4302.95,742.69,6.9119,0.2258,3.05,140931.82
15667321,3,12,4,3,49,644,10,0.0,145089.64,1,1,0,0.1967,200.0,39.34,0.0,0.2041,4.5,0.0
15601116,1,8,4,3,32,686,6,0.0,179093.26,1,1,0,0.0468,200.0,9.36,0.0,0.1875,3.9,0.0
15622033,2,30,8,1,41,847,3,101543.51,16025.17,0,1,1,0.9872,3396.31,3352.84,6.3361,0.0732,1.45,25385.88
15758451,2,9,2,2,37,765,7,102708.77,9087.81,0,1,0,0.6192,3206.26,1985.32,11.3006,0.1892,2.05,102708.77
15688689,2,28,4,3,37,678,8,149000.91,21472.42,1,1,0,0.2445,4670.03,1141.82,6.9389,0.2162,4.2,74500.46
15652674,1,1,2,3,20,539,0,83459.86,146752.67,1,1,0,0.0424,2628.8,111.46,0.5687,0.0,3.0,83459.86
15806327,1,30,4,3,40,800,3,75893.11,132562.23,0,1,0,0.3497,2476.79,866.13,0.5725,0.075,1.45,37946.56
15649618,2,29,3,3,39,799,7,167395.6,139537.43,1,0,0,0.2844,5171.87,1470.88,1.1996,0.1795,3.05,83697.8
15677117,1,37,4,3,61,629,6,0.0,133672.61,1,1,0,0.2471,200.0,49.42,0.0,0.0984,3.9,0.0
15751445,2,33,3,2,52,734,6,71283.09,38984.37,1,0,0,0.5858,2288.49,1340.6,1.8285,0.1154,2.9,35641.54
15749669,1,26,4,3,31,542,3,0.0,115217.59,1,1,0,0.0563,200.0,11.26,0.0,0.0968,3.45,0.0
15656351,3,16,4,3,60,414,3,0.0,93844.82,1,1,0,0.2333,200.0,46.66,0.0,0.05,3.45,0.0
15667438,1,28,1,2,38,675,1,104016.88,22068.83,0,0,1,0.5099,3195.51,1629.39,4.7131,0.0263,0.15,104016.88
15682273,1,28,2,2,38,683,5,127616.56,123846.07,0,1,0,0.4428,3953.5,1750.61,1.0304,0.1316,1.75,127616.56
15580912,1,9,4,3,32,748,5,154737.88,172638.13,1,1,0,0.1025,4842.14,496.32,0.8963,0.1562,3.75,77368.94
15785183,3,2,4,3,29,596,2,0.0,1591.19,1,1,0,0.0472,200.0,9.44,0.0,0.069,3.3,0.0
15705383,1,7,2,3,35,642,4,125476.31,91775.51,1,1,0,0.1584,3889.29,616.06,1.3672,0.1143,3.6,125476.31
15712903,1,21,2,3,21,499,3,176511.08,153920.22,1,1,0,0.2714,5420.33,1471.08,1.1468,0.1429,3.45,176511.08
15774285,3,32,2,2,47,649,8,110783.28,71420.16,1,1,0,0.5551,3448.5,1914.26,1.5511,0.1702,4.2,110783.28
15583138,1,8,4,3,42,739,2,141642.92,172149.76,0,1,0,0.2479,4449.29,1102.98,0.8228,0.0476,1.3,70821.46
15740160,1,7,4,3,31,616,1,0.0,54706.75,1,1,0,0.0361,200.0,7.22,0.0,0.0323,3.15,0.0
15793425,3,26,1,2,33,560,9,0.0,183358.21,1,0,0,0.4977,75.0,37.33,0.0,0.2727,3.35,0.0
15749265,2,6,2,2,42,427,1,75681.52,57098.0,1,1,0,0.4607,2395.45,1103.58,1.3254,0.0238,3.15,75681.52
15623989,1,11,2,1,54,435,3,0.0,156910.46,0,1,1,0.953,125.0,119.12,0.0,0.0556,1.45,0.0
15604832,1,2,2,3,29,633,7,0.0,130224.73,1,1,0,0.1656,125.0,20.7,0.0,0.2414,4.05,0.0
15584580,1,6,1,3,35,443,6,161111.45,13946.66,0,0,0,0.288,4908.34,1413.6,11.5511,0.1714,0.9,161111.45
15573854,1,18,3,3,62,727,5,0.0,38652.96,1,0,0,0.1537,150.0,23.06,0.0,0.0806,2.75,0.0
15614847,1,33,1,1,45,674,6,72494.69,140041.78,1,0,0,0.7258,2249.84,1632.93,0.5177,0.1333,2.9,72494.69
15679966,1,27,2,3,31,661,3,133964.3,166187.1,1,1,0,0.2108,4143.93,873.54,0.8061,0.0968,3.45,133964.3
15799435,3,7,2,2,34,619,1,0.0,139919.38,0,1,0,0.4019,125.0,50.24,0.0,0.0294,1.15,0.0
15752186,1,21,4,3,27,562,3,0.0,28137.03,0,1,0,0.0798,200.0,15.96,0.0,0.1111,1.45,0.0
15705544,1,17,1,2,61,633,3,157201.48,50368.63,1,0,0,0.4882,4791.04,2338.99,3.121,0.0492,2.45,157201.48
15713632,3,31,1,1,48,551,5,95679.29,94978.1,0,0,0,0.8022,2945.38,2362.78,1.0074,0.1042,0.75,95679.29
15586523,2,23,2,2,29,720,7,106230.92,69903.93,1,1,1,0.519,3311.93,1718.89,1.5196,0.2414,4.05,106230.92
15609176,1,28,3,3,32,688,5,0.0,177607.77,1,0,0,0.0934,150.0,14.01,0.0,0.1562,2.75,0.0
15769308,2,27,4,3,36,635,9,81231.85,196731.08,0,1,0,0.1181,2636.96,311.42,0.4129,0.25,2.35,40615.93
15676810,1,26,4,3,31,561,1,81480.27,65234.6,1,1,0,0.0915,2644.41,241.96,1.249,0.0323,3.15,40740.14
15634591,1,10,2,3,33,850,8,73059.38,186281.0,1,1,0,0.1282,2316.78,297.01,0.3922,0.2424,4.2,73059.38
15679804,1,7,4,3,36,636,5,117559.05,111573.3,1,1,0,0.177,3726.77,659.64,1.0536,0.1389,3.75,58779.52
15677764,2,36,4,3,74,461,1,186445.31,196767.83,1,1,0,0.161,5793.36,932.73,0.9475,0.0135,3.15,93222.66
15571917,2,29,4,3,38,771,5,137657.71,72985.61,0,1,0,0.3228,4329.73,1397.64,1.8861,0.1316,1.75,68828.86
15574608,1,8,2,3,36,713,8,133889.35,143265.65,1,1,0,0.0785,4141.68,325.12,0.9345,0.2222,4.2,133889.35
15740868,2,32,2,1,45,658,9,134562.8,159268.67,1,1,0,0.8842,4161.88,3679.93,0.8449,0.2,4.35,134562.8
15702442,2,32,4,2,56,586,9,100781.75,54448.41,1,1,0,0.597,3223.45,1924.4,1.8509,0.1607,4.35,50390.88
15699797,1,8,1,3,30,737,8,174356.13,31928.5,0,0,0,0.2933,5305.68,1556.16,5.4607,0.2667,1.2,174356.13
15648047,2,4,3,3,27,742,5,190125.43,21793.59,0,0,0,0.1675,5853.76,980.5,8.7235,0.1852,0.75,95062.72
15766826,1,5,2,3,26,824,7,146266.0,21903.62,0,1,1,0.297,4512.98,1340.36,6.6774,0.2692,2.05,146266.0
15591628,2,8,2,2,41,701,9,164046.1,49405.93,0,1,0,0.5692,5046.38,2872.4,3.3203,0.2195,2.35,164046.1
15583857,3,27,3,2,43,623,4,123536.52,154908.52,0,0,0,0.5962,3856.1,2299.01,0.7975,0.093,0.6,61768.26
15752534,1,9,4,3,36,744,10,0.0,182867.84,1,1,0,0.0352,200.0,7.04,0.0,0.2778,4.5,0.0
15741403,3,28,1,2,38,698,1,171848.38,16957.45,0,0,0,0.421,5230.45,2202.02,10.1335,0.0263,0.15,171848.38
15783589,1,7,3,3,40,616,9,0.0,93717.55,0,0,0,0.1241,150.0,18.62,0.0,0.225,1.35,0.0
15598046,1,27,4,2,39,662,5,139562.05,61636.22,0,1,0,0.3679,4386.86,1613.93,2.2642,0.1282,1.75,69781.02
15643330,1,7,3,3,37,594,2,0.0,95864.5,1,0,0,0.0541,150.0,8.12,0.0,0.0541,2.3,0.0
15680405,1,8,4,3,40,685,2,168001.34,167400.29,1,1,0,0.1583,5240.04,829.5,1.0036,0.05,3.3,84000.67
15728683,1,4,3,3,27,742,0,0.0,131534.96,1,0,0,0.0858,150.0,12.87,0.0,0.0,2.0,0.0
15621644,2,18,1,3,83,678,6,123356.63,92934.41,1,0,0,0.0756,3775.7,285.44,1.3273,0.0723,2.9,123356.63
15733032,3,12,4,3,47,651,2,0.0,119808.64,1,1,0,0.1205,200.0,24.1,0.0,0.0426,3.3,0.0
15608381,2,12,2,1,50,585,2,125845.66,9439.31,0,1,1,0.9438,3900.37,3681.17,13.3307,0.04,1.3,125845.66
15658946,2,6,4,3,40,579,10,45408.85,18732.91,0,1,0,0.3075,1562.27,480.4,2.4239,0.25,2.5,22704.42
15757912,2,28,1,1,37,722,0,125977.81,160162.42,0,0,0,0.6807,3854.33,2623.64,0.7866,0.0,0.0,125977.81
15645371,2,32,2,1,51,613,7,147262.11,53630.9,1,1,1,0.8028,4542.86,3647.01,2.7458,0.1373,4.05,147262.11
15653110,1,8,2,2,42,694,8,133767.19,36405.21,0,1,0,0.5502,4138.02,2276.74,3.6743,0.1905,2.2,133767.19
15766355,2,11,6,1,49,550,0,108806.96,61446.92,0,1,1,0.982,3539.21,3475.5,1.7707,0.0,1.0,36268.99
15585249,1,9,2,1,42,741,6,106036.52,194686.78,0,1,1,0.6624,3306.1,2189.96,0.5446,0.1429,1.9,106036.52
15611786,3,37,1,2,69,668,9,0.0,134483.07,1,0,0,0.462,75.0,34.65,0.0,0.1304,3.35,0.0
15575486,1,21,4,3,27,529,1,0.0,37769.98,1,1,0,0.0398,200.0,7.96,0.0,0.037,3.15,0.0
15780215,1,7,4,3,31,636,6,0.0,2382.61,1,1,0,0.0516,200.0,10.32,0.0,0.1935,3.9,0.0
15686099,3,16,2,1,61,563,1,82182.1,106826.92,0,1,1,0.9511,2590.46,2463.79,0.7693,0.0164,1.15,82182.1
15739042,1,29,4,3,35,767,9,0.0,39511.61,0,1,0,0.1451,200.0,29.02,0.0,0.2571,2.35,0.0
15815316,1,12,8,1,50,644,9,76817.0,196371.13,0,1,1,0.9897,2654.51,2627.17,0.3912,0.18,2.35,19204.25
15778489,2,19,4,3,71,780,9,142550.25,122506.78,1,1,0,0.2115,4476.51,946.78,1.1636,0.1268,4.35,71275.12
15786389,3,27,4,3,41,635,10,0.0,61994.2,1,1,0,0.2328,200.0,46.56,0.0,0.2439,4.5,0.0
15601787,2,7,1,2,35,641,2,103711.56,192464.21,1,0,1,0.6471,3186.35,2061.89,0.5389,0.0571,2.3,103711.56
15624715,3,27,2,2,40,593,2,0.0,5194.95,1,1,0,0.528,125.0,66.0,0.0,0.05,3.3,0.0
15763093,2,26,4,3,35,540,7,128369.75,198256.15,0,1,0,0.2126,4051.09,861.26,0.6475,0.2,2.05,64184.88
15572073,3,7,4,3,35,663,5,0.0,62634.94,1,1,0,0.0356,200.0,7.12,0.0,0.1429,3.75,0.0
15780256,1,7,4,3,34,630,9,0.0,114006.35,1,1,0,0.0175,200.0,3.5,0.0,0.2647,4.35,0.0
15659305,2,2,2,3,19,605,8,166133.28,107994.99,1,1,0,0.2148,5109.0,1097.41,1.5383,0.4211,4.2,166133.28
15638882,2,38,2,1,62,710,9,148214.36,48571.14,0,1,1,0.9557,4571.43,4368.92,3.0514,0.1452,2.35,148214.36
15714680,1,39,2,3,78,755,5,121206.96,76016.49,1,1,0,0.0327,3761.21,122.99,1.5945,0.0641,3.75,121206.96
15777217,3,2,4,3,25,641,10,0.0,180808.39,1,1,0,0.053,200.0,10.6,0.0,0.4,4.5,0.0
15739123,2,13,4,1,50,737,4,127552.85,4225.11,0,1,0,0.763,4026.59,3072.29,30.1821,0.08,1.6,63776.42
15594450,1,13,2,1,49,695,9,159458.53,135841.35,0,1,0,0.6917,4908.76,3395.39,1.1738,0.1837,2.35,159458.53
15797751,2,31,2,1,47,466,5,102085.72,183536.24,1,1,1,0.8338,3187.57,2657.8,0.5562,0.1064,3.75,102085.72
15691543,2,11,2,1,58,558,2,142537.18,88791.83,1,1,0,0.7205,4401.12,3171.01,1.6053,0.0345,3.3,142537.18
15722845,3,2,4,3,29,665,1,182781.74,63732.9,1,1,0,0.2281,5683.45,1296.39,2.8679,0.0345,3.15,91390.87
15605804,1,13,4,3,45,737,10,0.0,1364.54,0,1,0,0.2014,200.0,40.28,0.0,0.2222,2.5,0.0
15702061,1,2,4,3,29,654,7,0.0,149184.15,1,1,0,0.026,200.0,5.2,0.0,0.2414,4.05,0.0
15694321,1,22,4,3,28,619,3,0.0,53394.12,0,1,0,0.1076,200.0,21.52,0.0,0.1071,1.45,0.0
15798749,2,30,4,3,43,845,3,152063.59,97910.06,0,1,0,0.1527,4761.91,727.14,1.5531,0.0698,1.45,76031.8
15720050,1,23,2,3,28,727,2,110997.76,101433.76,0,1,0,0.2687,3454.93,928.34,1.0943,0.0714,1.3,110997.76
15758048,1,12,2,2,50,582,2,148942.0,116944.3,1,1,0,0.5716,4593.26,2625.51,1.2736,0.04,3.3,148942.0
15805681,1,8,2,3,41,716,9,0.0,113267.48,1,1,0,0.2802,125.0,35.02,0.0,0.2195,4.35,0.0
15802809,3,27,2,3,36,660,0,84438.57,181449.51,1,1,0,0.2374,2658.16,631.05,0.4654,0.0,3.0,84438.57
15807239,1,27,1,2,34,664,7,93920.47,179913.98,0,0,0,0.3657,2892.61,1057.83,0.522,0.2059,1.05,93920.47
15749093,1,10,3,3,43,801,4,158713.08,98586.14,0,0,0,0.2565,4911.39,1259.77,1.6099,0.093,0.6,79356.54
15689344,3,7,5,1,42,615,4,0.0,120321.09,1,0,0,0.8287,225.0,186.46,0.0,0.0952,2.6,0.0
15606076,2,18,2,2,63,718,7,123204.88,100538.8,1,1,0,0.6013,3821.15,2297.66,1.2254,0.1111,4.05,123204.88
15610090,1,7,4,3,40,667,8,72945.29,98931.5,0,1,0,0.3019,2388.36,721.05,0.7373,0.2,2.2,36472.64
15693926,3,8,2,3,37,670,0,178742.71,194493.57,1,1,0,0.2646,5487.28,1451.93,0.919,0.0,3.0,178742.71
15791501,1,7,4,3,43,590,8,0.0,143628.31,1,1,0,0.1081,200.0,21.62,0.0,0.186,4.2,0.0
15621870,3,28,2,1,40,739,8,0.0,167030.51,0,1,0,0.79,125.0,98.75,0.0,0.2,2.2,0.0
15734711,1,6,2,1,42,373,7,0.0,77786.37,0,1,1,0.8821,125.0,110.26,0.0,0.1667,2.05,0.0
15814405,1,31,2,1,46,418,9,0.0,81014.5,1,1,1,0.7955,125.0,99.44,0.0,0.1957,4.35,0.0
15729359,1,25,4,3,29,837,9,0.0,41866.26,1,1,0,0.0378,200.0,7.56,0.0,0.3103,4.35,0.0
15606944,2,7,2,1,43,645,9,140121.17,11302.7,0,1,1,0.8557,4328.64,3704.02,12.396,0.2093,2.35,140121.17
15671934,2,6,1,2,39,552,2,132906.88,149384.43,1,0,0,0.6249,4062.21,2538.48,0.8897,0.0513,2.3,132906.88
15641773,2,12,4,3,45,580,2,179334.83,169303.65,1,1,0,0.275,5580.04,1534.51,1.0592,0.0444,3.3,89667.42
15701972,1,8,2,3,35,684,3,137179.39,37264.11,1,1,0,0.1317,4240.38,558.46,3.6812,0.0857,3.45,137179.39
15749114,3,7,4,3,35,634,3,0.0,19515.48,1,1,0,0.0438,200.0,8.76,0.0,0.0857,3.45,0.0
15780362,1,32,4,1,49,607,9,119960.29,103068.22,0,1,0,0.733,3798.81,2784.53,1.1639,0.1837,2.35,59980.14
15753229,1,5,2,3,29,802,9,127414.55,134459.12,1,1,0,0.1009,3947.44,398.3,0.9476,0.3103,4.35,127414.55
15656009,1,28,2,2,36,736,6,0.0,70496.66,0,1,0,0.6095,125.0,76.19,0.0,0.1667,1.9,0.0
15785024,1,27,2,1,40,629,9,137409.19,175877.7,0,1,1,0.6704,4247.28,2847.38,0.7813,0.225,2.35,137409.19
15670492,1,3,4,3,28,737,8,0.0,106390.01,0,1,0,0.0223,200.0,4.46,0.0,0.2857,2.2,0.0
15795458,3,28,2,2,39,718,2,0.0,52138.49,1,1,0,0.5059,125.0,63.24,0.0,0.0513,3.3,0.0
15732438,1,6,7,1,43,561,4,0.0,18522.91,0,0,1,0.9615,300.0,288.45,0.0,0.093,0.6,0.0
15781987,1,7,2,3,31,641,9,112494.99,32231.6,1,1,0,0.1541,3499.85,539.33,3.4901,0.2903,4.35,112494.99
15775826,1,8,1,3,30,677,1,78133.15,174225.88,1,0,0,0.1012,2418.99,244.8,0.4485,0.0333,2.15,78133.15
15807457,3,27,4,3,36,641,1,0.0,102021.39,0,1,0,0.1641,200.0,32.82,0.0,0.0278,1.15,0.0
15632538,3,27,2,3,32,658,5,145553.07,31484.76,1,1,0,0.2022,4491.59,908.2,4.6228,0.1562,3.75,145553.07
15641389,2,12,4,1,48,659,4,123593.22,82469.06,0,1,1,0.78,3907.8,3048.08,1.4986,0.0833,1.6,61796.61
15657306,1,31,1,1,47,567,2,0.0,110900.43,0,0,1,0.9087,75.0,68.15,0.0,0.0426,0.3,0.0
15709447,1,22,2,3,26,584,0,146286.22,105105.35,0,1,0,0.2117,4513.59,955.53,1.3918,0.0,1.0,146286.22
15762682,3,28,4,2,35,709,1,111827.27,12674.68,0,1,0,0.377,3554.82,1340.17,8.8222,0.0286,1.15,55913.64
15626042,3,23,4,3,26,690,2,0.0,93255.85,1,1,0,0.0641,200.0,12.82,0.0,0.0769,3.3,0.0
15597109,1,17,1,3,70,627,1,94416.78,145299.5,1,0,0,0.2462,2907.5,715.83,0.6498,0.0143,2.15,94416.78
15756148,3,14,2,2,45,765,2,91549.78,47139.44,1,1,0,0.4726,2871.49,1357.07,1.9421,0.0444,3.3,91549.78
15665634,1,27,2,2,38,645,7,59568.57,167723.25,1,1,0,0.4806,1912.06,918.94,0.3552,0.1842,4.05,59568.57
15739997,1,23,3,3,23,716,2,94464.81,185900.88,1,0,0,0.1117,2983.94,333.31,0.5081,0.087,2.3,47232.4
15686242,1,34,1,1,57,771,4,0.0,85876.67,0,0,1,0.9701,75.0,72.76,0.0,0.0702,0.6,0.0
15759244,2,8,4,3,44,687,8,95368.14,1787.85,1,1,0,0.2946,3061.04,901.78,53.3125,0.1818,4.2,47684.07
15672027,2,28,4,3,33,717,10,102185.42,23231.93,0,1,0,0.1212,3265.56,395.79,4.3983,0.303,2.5,51092.71
15594576,1,6,1,3,32,524,1,144875.71,187740.04,0,0,0,0.198,4421.27,875.41,0.7717,0.0312,0.15,144875.71
15707138,3,8,4,3,39,679,5,0.0,100060.54,1,1,0,0.0385,200.0,7.7,0.0,0.1282,3.75,0.0
15756954,1,26,2,2,32,538,2,0.0,80130.54,1,1,0,0.3774,125.0,47.18,0.0,0.0625,3.3,0.0
15619130,2,29,4,2,37,752,5,113291.05,132467.54,1,1,0,0.3597,3598.73,1294.46,0.8552,0.1351,3.75,56645.52
15639665,3,20,4,3,61,846,0,0.0,96202.44,1,1,0,0.2205,200.0,44.1,0.0,0.0,3.0,0.0
15571065,3,26,4,3,39,532,0,0.0,94977.3,0,1,0,0.2189,200.0,43.78,0.0,0.0,1.0,0.0
15686060,2,8,2,1,43,670,9,111677.88,178827.3,0,1,1,0.8654,3475.34,3007.56,0.6245,0.2093,2.35,111677.88
15615753,2,27,2,1,35,597,8,131101.04,192852.67,1,1,0,0.679,4058.03,2755.4,0.6798,0.2286,4.2,131101.04
15800961,2,12,3,3,52,627,1,76101.81,177238.35,1,0,0,0.3278,2433.05,797.55,0.4294,0.0192,2.15,38050.9
15763065,3,28,4,3,40,700,2,0.0,199753.97,0,1,0,0.1694,200.0,33.88,0.0,0.05,1.3,0.0
15672467,1,34,3,2,52,766,7,92510.9,66193.61,1,0,0,0.6284,2925.33,1838.28,1.3976,0.1346,3.05,46255.45
15752915,1,26,4,3,34,488,2,0.0,181270.84,1,1,0,0.1099,200.0,21.98,0.0,0.0588,3.3,0.0
15744695,1,8,2,3,39,694,5,77652.4,25407.59,1,1,0,0.2682,2454.57,658.32,3.0561,0.1282,3.75,77652.4
15584897,1,27,1,3,31,639,3,98360.03,20973.8,0,0,0,0.2717,3025.8,822.11,4.6894,0.0968,0.45,98360.03
15601857,2,33,1,1,46,705,4,115518.07,76544.9,0,0,1,0.9062,3540.54,3208.44,1.5091,0.087,0.6,115518.07
15674156,2,20,2,3,69,810,3,27288.43,110509.9,1,1,0,0.3164,943.65,298.57,0.2469,0.0435,3.45,27288.43
15695465,1,27,2,2,36,638,6,0.0,164247.51,0,1,0,0.6321,125.0,79.01,0.0,0.1667,1.9,0.0
15792232,3,27,3,3,43,595,5,0.0,105149.8,0,0,0,0.2834,150.0,42.51,0.0,0.1163,0.75,0.0
15807900,1,6,2,3,36,575,7,0.0,55868.97,1,1,1,0.3497,125.0,43.71,0.0,0.1944,4.05,0.0
15743760,1,10,4,3,31,850,6,131996.66,178747.43,1,1,0,0.1148,4159.9,477.56,0.7384,0.1935,3.9,65998.33
15652835,3,21,1,2,27,419,2,121580.42,134720.51,1,0,0,0.4393,3722.41,1635.25,0.9025,0.0741,2.3,121580.42
15767818,1,12,2,1,55,640,10,132436.34,978.66,0,1,0,0.8958,4098.09,3671.07,135.186,0.1818,2.5,132436.34
15591150,3,6,3,3,34,570,10,0.0,183387.12,1,0,0,0.0261,150.0,3.92,0.0,0.2941,3.5,0.0
15734659,2,32,4,1,46,640,5,107978.4,155876.06,0,1,0,0.7402,3439.35,2545.81,0.6927,0.1087,1.75,53989.2
15796115,2,28,8,1,40,689,4,78119.59,119259.34,0,1,1,0.9652,2693.59,2599.85,0.655,0.1,1.6,19529.9
15724648,1,3,1,3,26,725,6,98684.15,133720.57,0,0,0,0.2051,3035.52,622.59,0.738,0.2308,0.9,98684.15
15737732,1,29,4,3,44,751,10,0.0,170634.49,0,1,0,0.3316,200.0,66.32,0.0,0.2273,2.5,0.0
15632280,3,31,2,1,53,544,9,0.0,125692.07,0,1,1,0.9555,125.0,119.44,0.0,0.1698,2.35,0.0
15750407,2,29,3,2,43,768,2,129264.05,19150.14,0,0,0,0.4786,4027.92,1927.76,6.7497,0.0465,0.3,64632.02
15795370,2,7,2,1,37,648,6,131753.41,86894.67,0,1,0,0.6521,4077.6,2659.0,1.5162,0.1622,1.9,131753.41
15656829,3,26,4,3,33,577,6,0.0,57975.8,0,1,0,0.1098,200.0,21.96,0.0,0.1818,1.9,0.0
15643794,3,22,2,3,27,639,2,0.0,82938.99,1,1,0,0.319,125.0,39.88,0.0,0.0741,3.3,0.0
15798605,2,3,2,3,26,686,1,57422.62,79189.4,1,1,0,0.1112,1847.68,205.46,0.7251,0.0385,3.15,57422.62
15637324,1,22,3,3,28,657,7,0.0,5177.62,1,0,0,0.0736,150.0,11.04,0.0,0.25,3.05,0.0
15589589,1,7,2,3,34,613,5,144094.2,44510.26,0,1,0,0.2684,4447.83,1193.8,3.2373,0.1471,1.75,144094.2
15778936,1,8,2,3,33,701,9,147510.34,190611.92,0,1,0,0.2905,4550.31,1321.87,0.7739,0.2727,2.35,147510.34
15757385,3,21,2,3,28,578,8,161592.76,177834.79,0,1,0,0.3067,4972.78,1525.15,0.9087,0.2857,2.2,161592.76
15666200,1,28,4,3,40,689,1,0.0,119446.64,1,1,0,0.1262,200.0,25.24,0.0,0.025,3.15,0.0
15683977,3,38,4,3,72,687,4,0.0,50267.69,1,1,0,0.0507,200.0,10.14,0.0,0.0556,3.6,0.0
15675518,3,31,3,1,53,499,1,75225.53,144849.1,0,0,1,0.878,2406.77,2113.14,0.5193,0.0189,0.15,37612.76
15584812,3,28,3,3,39,693,0,0.0,81901.6,0,0,0,0.21,150.0,31.5,0.0,0.0,0.0,0.0
15752984,1,38,4,3,70,737,9,87542.89,42576.86,1,1,0,0.2726,2826.29,770.45,2.0561,0.1286,4.35,43771.44
15577913,1,27,2,3,32,651,8,144581.96,87609.5,1,1,0,0.1587,4462.46,708.19,1.6503,0.25,4.2,144581.96
15591980,1,9,4,3,33,753,5,122568.05,82820.85,1,1,0,0.1232,3877.04,477.65,1.4799,0.1515,3.75,61284.02
15598948,3,21,1,3,24,523,5,172231.93,155144.12,1,0,0,0.3375,5241.96,1769.16,1.1101,0.2083,2.75,172231.93
15574142,2,21,4,3,28,458,2,171932.26,9578.24,1,1,0,0.151,5357.97,809.05,17.9484,0.0714,3.3,85966.13
15582903,1,7,4,3,39,643,7,0.0,170392.59,1,1,0,0.0419,200.0,8.38,0.0,0.1795,4.05,0.0
15733229,3,27,3,3,34,638,7,0.0,3946.29,0,0,0,0.1422,150.0,21.33,0.0,0.2059,1.05,0.0
15635752,2,8,4,3,38,685,4,111798.06,102184.66,1,1,0,0.2076,3553.94,737.8,1.0941,0.1053,3.6,55899.03
15771000,1,8,6,2,38,684,4,0.0,75609.84,0,1,0,0.5019,275.0,138.02,0.0,0.1053,1.6,0.0
15804864,1,23,2,3,27,670,5,79336.61,26170.08,1,1,0,0.1657,2505.1,415.1,3.0315,0.1852,3.75,79336.61
15641175,2,18,5,1,63,701,3,120916.52,144727.45,0,0,1,0.9918,3852.5,3820.91,0.8355,0.0476,0.45,40305.51
15692226,1,28,2,3,31,705,3,142905.51,58134.97,1,1,0,0.205,4412.17,904.49,2.4581,0.0968,3.45,142905.51
15584156,3,2,5,2,27,593,10,0.0,94620.0,0,0,1,0.5922,225.0,133.24,0.0,0.3704,1.5,0.0
15702656,1,27,2,3,33,651,1,96834.78,108764.69,0,1,0,0.1671,3030.04,506.32,0.8903,0.0303,1.15,96834.78
15606552,1,9,4,3,37,741,9,105261.76,149503.54,1,1,0,0.1321,3357.85,443.57,0.7041,0.2432,4.35,52630.88
15687001,2,12,2,1,54,596,1,123544.0,120314.75,1,1,1,0.866,3831.32,3317.92,1.0268,0.0185,3.15,123544.0
15781903,2,7,4,3,41,581,2,127913.71,44205.95,1,1,0,0.2536,4037.41,1023.89,2.8935,0.0488,3.3,63956.86
15731951,3,23,2,2,28,689,5,95328.6,6129.61,0,1,1,0.3954,2984.86,1180.21,15.5496,0.1786,1.75,95328.6
15580953,1,6,1,3,30,544,4,73218.89,126796.69,1,0,0,0.1661,2271.57,377.31,0.5774,0.1333,2.6,73218.89
15810390,1,28,3,3,41,718,1,0.0,27509.52,1,0,1,0.1777,150.0,26.66,0.0,0.0244,2.15,0.0
15628274,2,7,4,3,35,583,8,149995.72,42143.55,0,1,0,0.2144,4699.87,1007.65,3.5591,0.2286,2.2,74997.86
15615444,2,2,4,3,28,663,8,123674.28,87985.2,1,1,0,0.0891,3910.23,348.4,1.4056,0.2857,4.2,61837.14
15784010,2,7,2,2,33,666,2,124125.26,81884.8,0,1,0,0.5496,3848.76,2115.28,1.5158,0.0606,1.3,124125.26
15571586,3,1,2,3,29,524,3,159035.45,2705.31,0,1,1,0.3278,4896.06,1604.93,58.7647,0.1034,1.45,159035.45
15748616,1,2,4,3,27,599,5,0.0,30546.4,0,1,0,0.0392,200.0,7.84,0.0,0.1852,1.75,0.0
15769402,1,2,2,3,27,667,7,156811.74,149402.59,1,1,0,0.0983,4829.35,474.73,1.0496,0.2593,4.05,156811.74
15739248,1,13,4,3,52,727,4,0.0,118429.02,1,1,0,0.1486,200.0,29.72,0.0,0.0769,3.6,0.0
15603481,3,33,4,3,55,689,4,0.0,58442.25,1,1,0,0.2287,200.0,45.74,0.0,0.0727,3.6,0.0
15723604,1,7,2,2,39,639,6,150555.83,30414.17,0,1,0,0.4236,4641.67,1966.21,4.95,0.1538,1.9,150555.83
15797822,1,3,2,3,28,678,2,109137.12,58814.41,1,1,0,0.2004,3399.11,681.18,1.8556,0.0714,3.3,109137.12
15665064,1,6,4,3,36,523,8,158351.02,155304.53,0,1,0,0.2846,4950.53,1408.92,1.0196,0.2222,2.2,79175.51
15640580,1,32,2,1,47,650,9,0.0,187943.6,0,1,0,0.9225,125.0,115.31,0.0,0.1915,2.35,0.0
15581089,3,9,4,3,35,744,7,0.0,43036.6,1,1,0,0.0445,200.0,8.9,0.0,0.2,4.05,0.0
15728605,1,8,3,3,40,697,4,0.0,26543.28,1,0,0,0.0565,150.0,8.48,0.0,0.1,2.6,0.0
15737385,3,35,4,3,46,800,6,0.0,171928.04,0,1,0,0.2522,200.0,50.44,0.0,0.1304,1.9,0.0
15714789,1,2,1,3,24,664,7,0.0,35611.35,1,0,0,0.1779,75.0,13.34,0.0,0.2917,3.05,0.0
15786035,1,9,4,3,39,740,9,0.0,19047.23,0,1,0,0.0778,200.0,15.56,0.0,0.2308,2.35,0.0
15815259,1,35,4,3,56,835,2,0.0,39820.13,1,1,0,0.1086,200.0,21.72,0.0,0.0357,3.3,0.0
15592716,1,11,2,1,52,559,2,0.0,129013.59,0,1,1,0.9492,125.0,118.65,0.0,0.0385,1.3,0.0
15734850,3,8,2,3,36,676,1,82729.49,113810.12,0,1,0,0.2509,2606.88,654.07,0.7269,0.0278,1.15,82729.49
15638047,2,32,4,2,45,613,9,142765.24,34749.65,0,1,0,0.6405,4482.96,2871.34,4.1083,0.2,2.35,71382.62
15674573,1,23,2,3,25,713,4,121172.97,56268.98,1,1,0,0.1407,3760.19,529.06,2.1534,0.16,3.6,121172.97
15694859,2,24,4,3,28,751,10,132932.14,46630.47,1,1,0,0.1387,4187.96,580.87,2.8507,0.3571,4.5,66466.07
15776404,1,1,2,3,22,523,8,123374.46,124906.59,1,1,0,0.1131,3826.23,432.75,0.9877,0.3636,4.2,123374.46
15579345,2,39,2,3,74,775,0,161371.5,134869.93,1,1,0,0.1518,4966.14,753.86,1.1965,0.0,3.0,161371.5
15690733,3,12,3,3,45,608,4,0.0,36697.48,0,0,1,0.1498,150.0,22.47,0.0,0.0889,0.6,0.0
15631481,1,13,4,3,51,673,8,79563.36,172200.91,1,1,0,0.1423,2586.9,368.12,0.462,0.1569,4.2,39781.68
15620988,1,12,4,3,46,616,2,0.0,137136.46,0,1,0,0.1794,200.0,35.88,0.0,0.0435,1.3,0.0
15571529,2,32,2,1,48,650,7,138232.24,57594.78,0,1,0,0.9293,4271.97,3969.94,2.4,0.1458,2.05,138232.24
15592104,1,27,1,1,41,655,5,0.0,36548.0,0,0,1,0.7456,75.0,55.92,0.0,0.122,0.75,0.0
15651900,2,34,2,1,53,782,1,81571.05,182960.46,0,1,1,0.9541,2572.13,2454.07,0.4458,0.0189,1.15,81571.05
15596212,3,9,3,3,35,781,1,0.0,42117.9,0,0,0,0.0464,150.0,6.96,0.0,0.0286,0.15,0.0
15710687,1,27,2,3,33,593,0,95927.04,199478.05,0,1,0,0.2829,3002.81,849.49,0.4809,0.0,1.0,95927.04
15613787,3,6,2,3,35,505,8,116932.59,91092.84,0,1,0,0.2408,3632.98,874.82,1.2836,0.2286,2.2,116932.59
15599211,1,8,4,3,40,707,1,0.0,14090.4,0,1,1,0.0644,200.0,12.88,0.0,0.025,1.15,0.0
15675983,1,28,1,2,36,692,3,79551.12,178267.07,1,0,0,0.4034,2461.53,992.98,0.4462,0.0833,2.45,79551.12
15622370,2,10,1,3,30,813,1,116416.94,85808.22,1,0,0,0.3262,3567.51,1163.72,1.3567,0.0333,2.15,116416.94
15656319,3,10,2,3,37,850,4,88141.1,109659.12,0,1,0,0.2864,2769.23,793.11,0.8038,0.1081,1.6,88141.1
15605130,1,9,2,3,32,753,6,177729.13,161642.08,1,1,0,0.2308,5456.87,1259.45,1.0995,0.1875,3.9,177729.13
15672574,3,30,2,3,32,850,5,0.0,3830.59,1,1,0,0.2904,125.0,36.3,0.0,0.1562,3.75,0.0
15659355,3,8,4,3,32,671,6,123912.78,146636.44,1,1,0,0.1375,3917.38,538.64,0.845,0.1875,3.9,61956.39
15777907,1,29,2,2,33,791,3,0.0,144413.92,1,1,1,0.434,125.0,54.25,0.0,0.0909,3.45,0.0
15655171,1,17,2,3,80,624,3,0.0,65801.44,1,1,0,0.0366,125.0,4.58,0.0,0.0375,3.45,0.0
15619674,1,27,2,3,35,649,4,108306.44,192486.24,1,1,0,0.2706,3374.19,913.06,0.5627,0.1143,3.6,108306.44
15775192,2,33,2,1,48,732,4,102962.62,120852.85,0,1,1,0.9408,3213.88,3023.62,0.852,0.0833,1.6,102962.62
15617657,1,27,2,3,36,664,0,103502.22,146191.82,1,1,0,0.1788,3230.07,577.54,0.708,0.0,3.0,103502.22
15688951,2,9,3,2,43,789,8,119654.44,148412.24,1,0,1,0.4811,3739.63,1799.14,0.8062,0.186,3.2,59827.22
15763460,1,8,2,3,33,680,10,183768.47,164119.35,0,1,0,0.3432,5638.05,1934.98,1.1197,0.303,2.5,183768.47
15756992,1,8,4,3,37,701,1,0.0,163457.55,0,1,0,0.052,200.0,10.4,0.0,0.027,1.15,0.0
15617454,1,23,3,3,25,684,1,0.0,144978.47,1,0,0,0.0457,150.0,6.86,0.0,0.04,2.15,0.0
15701932,1,32,2,2,52,586,6,140900.97,67288.89,1,1,0,0.5967,4352.03,2596.86,2.0939,0.1154,3.9,140900.97
15700813,2,21,4,3,25,522,5,94049.92,103269.0,0,1,0,0.1603,3021.5,484.35,0.9107,0.2,1.75,47024.96
15645600,3,23,2,3,27,739,8,98926.4,106969.98,1,1,0,0.1491,3092.79,461.13,0.9248,0.2963,4.2,98926.4
15634146,2,5,2,3,18,835,2,142872.36,117632.63,1,1,0,0.2205,4411.17,972.66,1.2146,0.1111,3.3,142872.36
15686743,3,4,4,3,29,790,3,46057.96,189777.66,1,1,0,0.0257,1581.74,40.65,0.2427,0.1034,3.45,23028.98
15698792,1,33,1,2,48,671,6,119769.77,66032.65,1,0,0,0.6343,3668.09,2326.67,1.8138,0.125,2.9,119769.77
15591724,1,26,2,1,44,560,5,143244.97,98661.27,0,1,0,0.6926,4422.35,3062.92,1.4519,0.1136,1.75,143244.97
15571281,1,2,2,3,28,651,10,79562.98,74687.37,1,1,0,0.1037,2511.89,260.48,1.0653,0.3571,4.5,79562.98
15661380,1,18,3,3,69,682,6,0.0,149604.18,1,0,0,0.0697,150.0,10.46,0.0,0.087,2.9,0.0
15728885,1,10,2,2,41,808,0,0.0,79888.78,1,1,0,0.469,125.0,58.62,0.0,0.0,3.0,0.0
15618950,3,2,4,3,26,644,8,96659.64,138775.69,1,1,0,0.0759,3099.79,235.27,0.6965,0.3077,4.2,48329.82
15609804,1,3,4,3,29,688,1,0.0,154695.57,0,1,0,0.0297,200.0,5.94,0.0,0.0345,1.15,0.0
15735849,1,22,3,3,26,617,2,165947.99,168834.38,1,0,0,0.191,5128.44,979.53,0.9829,0.0769,2.3,82974.0
15652948,1,8,2,3,33,738,4,92676.3,105817.63,0,1,0,0.2416,2905.29,701.92,0.8758,0.1212,1.6,92676.3
15618155,1,12,2,2,45,663,5,83195.12,48682.1,1,1,0,0.4249,2620.85,1113.6,1.7089,0.1111,3.75,83195.12
15566378,1,11,1,2,48,515,5,129387.94,147955.91,1,0,1,0.6497,3956.64,2570.63,0.8745,0.1042,2.75,129387.94
15565879,1,25,4,3,28,845,9,0.0,56185.98,1,1,0,0.0349,200.0,6.98,0.0,0.3214,4.35,0.0
15792922,3,7,2,3,38,639,9,130233.14,81861.1,1,1,0,0.1239,4031.99,499.56,1.5909,0.2368,4.35,130233.14
15770567,1,26,2,3,32,557,3,123502.53,69826.8,1,1,0,0.1864,3830.08,713.93,1.7687,0.0938,3.45,123502.53
15738042,2,6,4,3,37,543,8,140894.06,118059.19,1,1,0,0.1122,4426.82,496.69,1.1934,0.2162,4.2,70447.03
15714920,2,7,2,2,44,585,7,163867.86,112333.22,1,1,0,0.505,5041.04,2545.73,1.4588,0.1591,4.05,163867.86
15782121,1,22,4,3,27,610,2,0.0,14546.76,0,1,0,0.0941,200.0,18.82,0.0,0.0741,1.3,0.0
15673180,2,23,4,3,18,727,2,93816.7,126172.11,0,1,0,0.1636,3014.5,493.17,0.7436,0.1111,1.3,46908.35
15660636,3,26,4,3,40,540,8,0.0,3560.0,0,1,0,0.1688,200.0,33.76,0.0,0.2,2.2,0.0
15664504,1,6,4,3,35,418,7,0.0,88878.15,1,1,0,0.0479,200.0,9.58,0.0,0.2,4.05,0.0
15790322,1,27,2,3,32,660,0,114668.89,84605.0,0,1,0,0.2534,3565.07,903.39,1.3553,0.0,1.0,114668.89
15739847,2,10,2,1,38,850,5,146756.68,78268.61,0,1,0,0.6854,4527.7,3103.29,1.875,0.1316,1.75,146756.68
15699415,1,32,2,1,46,618,6,150213.71,120668.46,0,1,1,0.6913,4631.41,3201.69,1.2448,0.1304,1.9,150213.71
15665521,2,2,3,3,18,642,5,111183.53,10063.75,1,0,0,0.1045,3485.51,364.24,11.0468,0.2778,2.75,55591.76
15682868,1,30,2,2,40,850,9,99816.46,163989.66,1,1,1,0.4669,3119.49,1456.49,0.6087,0.225,4.35,99816.46
15584462,1,8,2,2,34,739,9,0.0,60584.33,0,1,0,0.4887,125.0,61.09,0.0,0.2647,2.35,0.0
15661708,1,26,4,3,41,508,5,0.0,94170.84,1,1,0,0.123,200.0,24.6,0.0,0.122,3.75,0.0
15584452,1,7,3,3,41,667,6,0.0,167181.77,0,0,0,0.0724,150.0,10.86,0.0,0.1463,0.9,0.0
15717010,1,39,2,2,60,741,5,0.0,38914.51,1,1,0,0.5398,125.0,67.47,0.0,0.0833,3.75,0.0
15643828,1,2,4,3,29,592,7,0.0,91196.67,1,1,0,0.037,200.0,7.4,0.0,0.2414,4.05,0.0
15733361,2,32,2,1,45,651,6,86714.06,85869.89,0,1,1,0.8702,2726.42,2372.53,1.0098,0.1333,1.9,86714.06
15795488,3,14,4,2,52,773,2,0.0,57337.79,0,1,0,0.4249,200.0,84.98,0.0,0.0385,1.3,0.0
15581551,3,10,2,3,41,850,8,132838.07,175347.28,1,1,0,0.1503,4110.14,617.75,0.7576,0.1951,4.2,132838.07
15632051,2,26,2,1,42,550,10,128707.31,63092.65,0,1,1,0.8099,3986.22,3228.44,2.0399,0.2381,2.5,128707.31
15780409,1,9,4,3,40,783,6,0.0,109742.55,0,1,0,0.0663,200.0,13.26,0.0,0.15,1.9,0.0
15572767,1,4,4,3,29,777,2,0.0,124489.88,0,1,0,0.0623,200.0,12.46,0.0,0.069,1.3,0.0
15590337,1,2,2,3,29,659,6,123192.12,56971.41,1,1,1,0.2112,3820.76,806.94,2.1623,0.2069,3.9,123192.12
15634551,2,13,8,1,46,727,3,115248.11,130752.01,0,1,1,0.9915,3807.44,3775.08,0.8814,0.0652,1.45,28812.03
15669290,1,7,2,2,38,603,8,59360.77,191457.06,1,1,0,0.44,1905.82,838.56,0.31,0.2105,4.2,59360.77
15621140,3,7,4,3,37,644,9,0.0,96442.86,1,1,0,0.0304,200.0,6.08,0.0,0.2432,4.35,0.0
15613518,1,27,1,3,35,647,6,112668.7,122584.29,1,0,0,0.2342,3455.06,809.18,0.9191,0.1714,2.9,112668.7
15728043,2,27,4,3,37,648,7,138503.51,57215.85,0,1,0,0.3351,4355.11,1459.4,2.4207,0.1892,2.05,69251.76
15570073,3,13,2,1,57,721,1,0.0,195940.96,1,1,0,0.7871,125.0,98.39,0.0,0.0175,3.15,0.0
15777033,1,1,4,3,29,524,7,0.0,105448.74,1,1,0,0.0428,200.0,8.56,0.0,0.2414,4.05,0.0
15682454,1,27,4,3,34,626,3,0.0,37870.29,1,1,0,0.0538,200.0,10.76,0.0,0.0882,3.45,0.0
15758513,1,6,4,3,43,569,7,0.0,52534.81,0,1,0,0.1535,200.0,30.7,0.0,0.1628,2.05,0.0
15772604,3,6,4,3,36,578,1,157267.95,141533.19,0,1,0,0.2115,4918.04,1040.17,1.1112,0.0278,1.15,78633.98
15721715,1,29,2,2,40,769,9,133871.05,50568.02,1,1,0,0.3587,4141.13,1485.42,2.6473,0.225,4.35,133871.05
15688563,2,8,4,3,31,694,4,141989.27,26116.82,0,1,0,0.2003,4459.68,893.27,5.4365,0.129,1.6,70994.63
15772009,1,27,2,2,41,664,5,0.0,152054.33,1,1,0,0.5433,125.0,67.91,0.0,0.122,3.75,0.0
15809585,1,7,4,3,38,646,7,0.0,1528.4,0,1,0,0.0661,200.0,13.22,0.0,0.1842,2.05,0.0
15593778,1,24,6,1,29,779,3,46388.16,127939.26,0,1,1,0.6808,1666.64,1134.65,0.3626,0.1034,1.45,15462.72
15655360,2,39,2,1,72,782,5,148666.99,2605.65,0,1,1,0.8841,4585.01,4053.61,57.0337,0.0694,1.75,148666.99
15780909,2,9,1,1,34,769,7,115101.5,57841.89,0,0,1,0.6784,3528.04,2393.42,1.9899,0.2059,1.05,115101.5
15757310,2,17,2,2,67,655,6,148363.38,186995.17,1,1,0,0.4602,4575.9,2105.83,0.7934,0.0896,3.9,148363.38
15801411,3,12,2,1,46,623,4,0.0,5549.11,0,1,1,0.8197,125.0,102.46,0.0,0.087,1.6,0.0
15761706,3,28,2,3,39,705,8,144102.32,11682.36,1,1,0,0.2658,4448.07,1182.3,12.334,0.2051,4.2,144102.32
15658409,1,8,6,1,41,686,5,128876.71,106939.34,1,1,1,0.9799,4141.3,4058.06,1.2051,0.122,3.75,42958.9
15810010,2,8,4,3,36,678,6,118448.15,53172.02,0,1,0,0.2783,3753.44,1044.58,2.2276,0.1667,1.9,59224.08
15627027,1,8,4,3,39,738,5,0.0,114388.98,1,1,0,0.0405,200.0,8.1,0.0,0.1282,3.75,0.0
15624374,1,3,3,3,28,703,9,0.0,2151.17,1,0,0,0.0427,150.0,6.4,0.0,0.3214,3.35,0.0
15720083,3,6,3,3,42,554,1,0.0,183492.9,1,0,0,0.0836,150.0,12.54,0.0,0.0238,2.15,0.0
15752294,1,27,8,1,38,582,9,135979.01,76582.95,1,1,1,0.9908,4429.37,4388.62,1.7756,0.2368,4.35,33994.75
15743193,1,7,4,3,37,644,6,117271.8,104217.96,0,1,1,0.2635,3718.15,979.73,1.1252,0.1622,1.9,58635.9
15696733,1,3,2,2,29,724,4,0.0,8982.75,0,1,0,0.3527,125.0,44.09,0.0,0.1379,1.6,0.0
15677522,1,7,3,3,33,593,1,0.0,9984.4,0,0,0,0.0285,150.0,4.28,0.0,0.0303,0.15,0.0
15643523,3,28,4,3,30,710,10,0.0,19500.1,0,1,0,0.0563,200.0,11.26,0.0,0.3333,2.5,0.0
15624936,1,7,2,3,35,631,8,129205.49,79146.36,1,1,0,0.0992,4001.16,396.92,1.6325,0.2286,4.2,129205.49
15716085,3,28,2,1,41,739,8,0.0,191694.77,0,1,1,0.8142,125.0,101.78,0.0,0.1951,2.2,0.0
15641688,3,2,1,2,18,644,7,0.0,59645.24,1,0,1,0.3577,75.0,26.83,0.0,0.3889,3.05,0.0
15796834,2,7,4,3,35,652,7,104015.54,55207.88,1,1,0,0.1613,3320.47,535.59,1.884,0.2,4.05,52007.77
15720123,3,6,4,3,37,554,3,0.0,166177.3,0,1,0,0.0788,200.0,15.76,0.0,0.0811,1.45,0.0
15604732,1,26,3,3,30,483,9,0.0,136356.97,0,0,0,0.1243,150.0,18.64,0.0,0.3,1.35,0.0
15723484,2,27,2,1,42,669,1,103873.39,148611.52,0,1,0,0.7785,3241.2,2523.27,0.699,0.0238,1.15,103873.39
15807120,2,35,2,1,52,841,3,112383.03,85516.37,0,1,1,0.9398,3496.49,3286.0,1.3142,0.0577,1.45,112383.03
15810891,1,7,3,3,34,662,2,117731.79,55120.79,1,0,0,0.1716,3681.95,631.82,2.1358,0.0588,2.3,58865.9
15640407,2,15,4,3,45,821,0,135827.33,131778.58,1,1,0,0.2915,4274.82,1246.11,1.0307,0.0,3.0,67913.66
15778838,1,9,2,2,38,783,9,114135.17,153269.98,0,1,0,0.3529,3549.06,1252.46,0.7447,0.2368,2.35,114135.17
15709256,1,25,4,3,28,850,9,0.0,164864.67,1,1,0,0.0766,200.0,15.32,0.0,0.3214,4.35,0.0
15742285,1,16,2,2,62,559,6,118756.62,20367.68,1,1,0,0.4267,3687.7,1573.54,5.8304,0.0968,3.9,118756.62
15729019,3,7,2,3,34,602,8,98382.72,39542.0,0,1,0,0.2126,3076.48,654.06,2.488,0.2353,2.2,98382.72
15608588,2,6,2,1,41,563,2,100520.92,19412.8,1,1,1,0.6521,3140.63,2048.0,5.1778,0.0488,3.3,100520.92
15610557,3,28,4,3,35,695,7,79858.13,127977.66,1,1,0,0.218,2595.74,565.87,0.624,0.2,4.05,39929.06
15786418,1,21,1,3,20,546,6,0.0,20508.85,1,0,0,0.1768,75.0,13.26,0.0,0.3,2.9,0.0
15653050,2,38,2,2,76,719,10,95052.29,176244.87,0,1,0,0.5515,2976.57,1641.58,0.5393,0.1316,2.5,95052.29
15744914,2,6,2,2,42,539,1,177728.55,105013.63,0,1,0,0.4683,5456.86,2555.45,1.6924,0.0238,1.15,177728.55
15669611,1,17,2,3,71,632,3,83116.68,27597.76,1,1,0,0.2003,2618.5,524.49,3.0116,0.0423,3.45,83116.68
15594786,2,9,2,2,34,772,7,111565.91,121073.23,1,1,0,0.3939,3471.98,1367.61,0.9215,0.2059,4.05,111565.91
15649211,3,8,2,2,40,708,8,83015.71,101089.76,0,1,0,0.4782,2615.47,1250.72,0.8212,0.2,2.2,83015.71
15766066,2,22,1,2,28,668,1,124511.01,114258.18,0,0,0,0.4812,3810.33,1833.53,1.0897,0.0357,0.15,124511.01
15772216,1,38,1,2,67,738,1,130652.52,22762.23,1,0,0,0.5581,3994.58,2229.38,5.7396,0.0149,2.15,130652.52
15619898,1,14,4,3,55,785,5,0.0,7008.65,1,1,0,0.1536,200.0,30.72,0.0,0.0909,3.75,0.0
15724543,1,17,4,3,61,597,5,0.0,81299.17,1,1,0,0.1331,200.0,26.62,0.0,0.082,3.75,0.0
15755084,1,6,2,3,37,531,7,121854.45,147521.35,0,1,0,0.3333,3780.63,1260.08,0.826,0.1892,2.05,121854.45
15730441,1,1,4,3,26,509,10,0.0,6177.83,1,1,0,0.067,200.0,13.4,0.0,0.3846,4.5,0.0
15666767,1,6,1,3,35,508,1,86893.28,59374.82,0,0,0,0.1758,2681.8,471.46,1.4634,0.0286,0.15,86893.28
15690456,2,29,1,3,32,749,7,79523.13,157648.12,1,0,0,0.2808,2460.69,690.96,0.5044,0.2188,3.05,79523.13
15570533,2,32,1,1,55,621,7,131033.76,75685.59,1,0,1,0.869,4006.01,3481.22,1.7313,0.1273,3.05,131033.76
15797692,1,27,2,3,33,659,7,89939.62,136540.09,0,1,0,0.2769,2823.19,781.74,0.6587,0.2121,2.05,89939.62
15603135,2,32,1,1,59,634,3,95727.05,97939.4,0,0,1,0.9696,2946.81,2857.23,0.9774,0.0508,0.45,95727.05
15698927,1,8,3,3,39,675,7,0.0,36267.21,1,0,0,0.0439,150.0,6.58,0.0,0.1795,3.05,0.0
15687363,1,9,4,3,31,770,3,155047.56,186064.34,1,1,0,0.085,4851.43,412.37,0.8333,0.0968,3.45,77523.78
15733444,1,23,3,3,29,736,9,0.0,176152.7,0,0,0,0.1052,150.0,15.78,0.0,0.3103,1.35,0.0
15678057,1,6,3,2,44,524,10,118569.03,82117.2,0,0,0,0.4194,3707.07,1554.75,1.4439,0.2273,1.5,59284.52
15806918,1,3,2,3,28,674,5,0.0,151925.25,1,1,0,0.2012,125.0,25.15,0.0,0.1786,3.75,0.0
15638247,3,8,4,3,44,700,9,0.0,142287.65,0,1,0,0.1693,200.0,33.86,0.0,0.2045,2.35,0.0
15674833,1,29,4,3,35,741,1,0.0,36557.55,0,1,0,0.1522,200.0,30.44,0.0,0.0286,1.15,0.0
15812534,1,6,5,1,40,455,1,0.0,129975.34,1,0,0,0.8357,225.0,188.03,0.0,0.025,2.15,0.0
15586522,3,7,2,3,37,608,2,130461.02,21967.15,0,1,0,0.3187,4038.83,1287.18,5.9386,0.0541,1.3,130461.02
15794297,1,9,4,3,36,776,1,0.0,53477.76,0,1,0,0.0683,200.0,13.66,0.0,0.0278,1.15,0.0
15737025,1,7,5,1,33,635,1,0.0,178067.33,0,0,1,0.8845,225.0,199.01,0.0,0.0303,0.15,0.0
15615931,1,29,3,3,37,746,4,0.0,171039.56,1,0,0,0.1355,150.0,20.33,0.0,0.1081,2.6,0.0
15664860,3,33,4,2,47,692,3,0.0,150802.41,0,1,1,0.5195,200.0,103.9,0.0,0.0638,1.45,0.0
15664539,3,8,1,2,35,683,9,61172.04,82951.12,0,0,0,0.3887,1910.16,742.48,0.7374,0.2571,1.35,61172.04
15583692,2,27,4,3,35,591,2,90194.34,57064.57,0,1,0,0.3147,2905.83,914.46,1.5805,0.0571,1.3,45097.17
15693131,1,22,2,3,24,581,3,95508.2,45755.0,1,1,0,0.1519,2990.25,454.22,2.0873,0.125,3.45,95508.2
15779973,2,8,2,3,35,684,3,99967.76,176882.08,1,1,0,0.3187,3124.03,995.63,0.5652,0.0857,3.45,99967.76
15620557,3,6,1,3,37,561,4,101470.29,88838.14,1,0,0,0.2357,3119.11,735.17,1.1422,0.1081,2.6,101470.29
15639549,2,28,1,2,33,718,4,70541.06,88592.8,0,0,0,0.4276,2191.23,936.97,0.7962,0.1212,0.6,70541.06
15618750,1,7,2,3,31,590,8,112211.61,26261.42,0,1,0,0.2447,3491.35,854.33,4.2727,0.2581,2.2,112211.61
15796790,1,31,2,1,47,573,8,154543.98,29586.73,0,1,0,0.7096,4761.32,3378.63,5.2232,0.1702,2.2,154543.98
15668309,1,26,2,1,40,350,0,111098.85,172321.21,1,1,1,0.6861,3457.97,2372.51,0.6447,0.0,3.0,111098.85
15732437,2,26,4,2,44,504,0,131873.07,158036.72,1,1,1,0.5615,4156.19,2333.7,0.8344,0.0,3.0,65936.54
15665158,3,5,1,3,27,813,1,137275.36,115733.16,1,0,0,0.0851,4193.26,356.85,1.1861,0.037,2.15,137275.36
15689322,3,7,2,3,31,641,3,153316.14,59927.99,0,1,0,0.3296,4724.48,1557.19,2.5583,0.0968,1.45,153316.14
15596624,1,22,4,3,22,662,9,0.0,44377.65,1,1,0,0.0505,200.0,10.1,0.0,0.4091,4.35,0.0
15601977,3,6,1,2,44,497,2,121250.04,79691.4,1,0,0,0.4695,3712.5,1743.02,1.5215,0.0455,2.3,121250.04
15801462,1,8,4,3,31,716,8,109578.04,51503.51,1,1,0,0.1319,3487.34,459.98,2.1275,0.2581,4.2,54789.02
15566139,1,26,2,2,37,526,5,53573.18,62830.97,0,1,0,0.5443,1732.2,942.84,0.8526,0.1351,1.75,53573.18
15791006,2,29,2,2,34,760,6,58003.41,90346.1,0,1,0,0.3716,1865.1,693.07,0.642,0.1765,1.9,58003.41
15668057,1,27,2,3,31,669,6,113000.66,40467.82,0,1,0,0.2923,3515.02,1027.44,2.7923,0.1935,1.9,113000.66
15580805,1,2,4,3,27,655,10,0.0,51620.94,0,1,0,0.0272,200.0,5.44,0.0,0.3704,2.5,0.0
15658768,1,31,1,1,49,547,2,0.0,65466.93,0,0,1,0.9239,75.0,69.29,0.0,0.0408,0.3,0.0
15613048,2,27,2,2,40,648,5,139973.65,667.66,1,1,1,0.6374,4324.21,2756.25,209.3346,0.125,3.75,139973.65
15803654,1,29,2,3,31,790,2,151290.16,172437.12,1,1,0,0.2144,4663.7,999.9,0.8774,0.0645,3.3,151290.16
15662337,2,34,3,1,50,744,1,121498.11,106061.47,1,0,1,0.7834,3794.94,2972.96,1.1455,0.02,2.15,60749.06
15650924,3,29,4,3,32,761,4,103515.39,177622.38,1,1,0,0.1936,3305.46,639.94,0.5828,0.125,3.6,51757.7
15647203,1,29,2,2,35,750,3,0.0,191520.5,0,1,0,0.6401,125.0,80.01,0.0,0.0857,1.45,0.0
15682778,1,8,4,3,34,680,9,0.0,95686.6,1,1,0,0.0178,200.0,3.56,0.0,0.2647,4.35,0.0
15579820,3,8,2,2,38,704,6,106687.76,173776.5,0,1,0,0.355,3325.63,1180.6,0.6139,0.1579,1.9,106687.76
15709354,1,26,4,3,41,521,2,0.0,113089.43,1,1,0,0.1171,200.0,23.42,0.0,0.0488,3.3,0.0
15728480,1,26,4,3,35,452,8,0.0,149614.81,1,1,0,0.1356,200.0,27.12,0.0,0.2286,4.2,0.0
15641091,1,28,1,3,31,695,5,106089.2,99537.68,0,0,0,0.3163,3257.68,1030.4,1.0658,0.1613,0.75,106089.2
15603111,3,20,2,1,71,850,10,69608.14,97893.4,0,1,1,0.8443,2213.24,1868.64,0.7111,0.1408,2.5,69608.14
15679693,1,7,3,3,31,625,5,0.0,90.07,1,0,0,0.0511,150.0,7.66,0.0,0.1613,2.75,0.0
15797190,2,27,1,1,40,608,7,96202.32,161154.85,0,0,0,0.7831,2961.07,2318.81,0.597,0.175,1.05,96202.32
15788025,1,28,4,3,38,715,0,0.0,332.81,1,1,0,0.3211,200.0,64.22,0.0,0.0,3.0,0.0
15646168,3,10,4,3,33,834,5,0.0,66285.18,0,1,0,0.0362,200.0,7.24,0.0,0.1515,1.75,0.0
15580493,1,6,2,3,33,469,1,127818.52,163477.22,0,1,0,0.1559,3959.56,617.3,0.7819,0.0303,1.15,127818.52
15726720,1,26,2,1,40,480,7,0.0,170332.67,0,1,1,0.8143,125.0,101.79,0.0,0.175,2.05,0.0
15735799,2,11,2,1,58,527,3,137318.42,126144.96,1,1,0,0.8052,4244.55,3417.71,1.0886,0.0517,3.45,137318.42
15773098,3,10,3,3,34,834,5,0.0,53437.1,0,0,0,0.0401,150.0,6.02,0.0,0.1471,0.75,0.0
15668971,1,27,4,2,40,583,4,55776.39,26920.43,0,1,0,0.379,1873.29,709.98,2.0718,0.1,1.6,27888.2
15603221,2,8,1,3,32,696,4,84421.62,52314.71,1,0,0,0.2404,2607.65,626.88,1.6137,0.125,2.6,84421.62
15740043,1,7,2,3,32,606,5,83161.65,116885.59,1,1,0,0.1434,2619.85,375.69,0.7115,0.1562,3.75,83161.65
15712264,1,28,4,3,39,713,10,0.0,126263.97,1,1,0,0.321,200.0,64.2,0.0,0.2564,4.5,0.0
15751926,2,10,4,3,42,821,3,87807.29,64613.81,1,1,0,0.1025,2834.22,290.51,1.3589,0.0714,3.45,43903.64
15589401,1,26,4,3,30,550,4,0.0,89216.29,0,1,0,0.0857,200.0,17.14,0.0,0.1333,1.6,0.0
15742019,1,28,3,3,39,675,6,0.0,83419.15,0,0,0,0.1915,150.0,28.72,0.0,0.1538,0.9,0.0
15660611,3,9,4,3,39,748,3,0.0,123998.52,1,1,0,0.0393,200.0,7.86,0.0,0.0769,3.45,0.0
15607634,2,7,3,3,40,606,9,95293.86,96985.58,1,0,0,0.2392,3008.82,719.71,0.9825,0.225,3.35,47646.93
15595036,2,8,2,2,30,726,7,92847.59,146154.06,0,1,0,0.3531,2910.43,1027.67,0.6353,0.2333,2.05,92847.59
15745794,1,6,4,3,30,547,6,0.0,18471.86,1,1,0,0.0433,200.0,8.66,0.0,0.2,3.9,0.0
15781689,3,9,4,3,35,758,5,0.0,95009.6,0,1,0,0.0559,200.0,11.18,0.0,0.1429,1.75,0.0
15696054,1,7,1,2,37,596,2,0.0,121175.86,1,0,0,0.4557,75.0,34.18,0.0,0.0541,2.3,0.0
15752467,3,8,4,3,34,720,3,0.0,77047.78,1,1,0,0.032,200.0,6.4,0.0,0.0882,3.45,0.0
15597739,1,8,2,2,37,674,3,0.0,158049.9,0,1,0,0.5027,125.0,62.84,0.0,0.0811,1.45,0.0
15651336,1,29,4,3,32,756,4,0.0,147040.25,0,1,0,0.1072,200.0,21.44,0.0,0.125,1.6,0.0
15636061,2,17,4,3,78,649,4,68345.86,142566.75,1,1,0,0.0239,2250.38,53.78,0.4794,0.0513,3.6,34172.93
15723013,2,2,4,3,28,613,7,76656.4,185483.24,1,1,0,0.0597,2499.69,149.23,0.4133,0.25,4.05,38328.2
15784148,1,17,3,1,62,643,9,0.0,155870.82,0,0,0,0.7706,150.0,115.59,0.0,0.1452,1.35,0.0
15578098,1,7,4,3,31,600,8,0.0,121555.51,1,1,0,0.0247,200.0,4.94,0.0,0.2581,4.2,0.0
15638621,3,8,2,2,39,735,1,60374.98,40223.74,0,1,0,0.447,1936.25,865.5,1.5009,0.0256,1.15,60374.98
15720924,1,27,2,3,34,585,1,0.0,75503.6,1,1,0,0.2238,125.0,27.98,0.0,0.0294,3.15,0.0
15566531,2,8,1,2,33,724,4,88046.88,186942.49,1,0,1,0.4208,2716.41,1143.07,0.471,0.1212,2.6,88046.88
15718064,3,2,3,3,29,635,2,0.0,117173.8,0,0,0,0.0529,150.0,7.94,0.0,0.069,0.3,0.0
15605067,1,1,4,3,19,472,9,0.0,3453.4,0,1,0,0.0352,200.0,7.04,0.0,0.4737,2.35,0.0
15655335,1,7,4,3,36,590,1,0.0,48876.84,0,1,0,0.0646,200.0,12.92,0.0,0.0278,1.15,0.0
15607301,3,37,2,2,63,651,8,129968.67,11830.53,1,1,0,0.4077,4024.06,1640.61,10.9849,0.127,4.2,129968.67
15694628,2,28,4,2,39,686,4,157731.6,162820.6,0,1,0,0.3634,4931.95,1792.27,0.9687,0.1026,1.6,78865.8
15607112,1,7,3,3,32,606,6,0.0,36540.63,1,0,0,0.0378,150.0,5.67,0.0,0.1875,2.9,0.0
15635775,1,9,2,3,33,781,3,89276.48,6959.0,0,1,0,0.2297,2803.29,643.92,12.8271,0.0909,1.45,89276.48
15644280,1,12,1,2,45,593,4,138825.19,10828.78,0,0,0,0.5971,4239.76,2531.56,12.8188,0.0889,0.6,138825.19
15708362,1,19,4,3,63,793,4,103729.79,80272.06,1,1,0,0.2358,3311.89,780.94,1.2922,0.0635,3.6,51864.9
15771997,1,29,2,3,31,791,10,75499.24,22184.14,0,1,0,0.2828,2389.98,675.89,3.4031,0.3226,2.5,75499.24
15730579,1,20,2,3,68,850,5,169445.4,186335.07,1,1,0,0.2009,5208.36,1046.36,0.9094,0.0735,3.75,169445.4
15728005,1,33,4,1,57,698,9,111359.55,105715.01,0,1,0,0.9212,3540.79,3261.78,1.0534,0.1579,2.35,55679.78
15791674,1,30,3,3,34,846,10,142388.61,68393.64,1,0,1,0.0594,4421.66,262.65,2.0819,0.2941,3.5,71194.3
15754599,1,9,4,3,42,765,4,123311.39,82868.34,1,1,0,0.1943,3899.34,757.64,1.488,0.0952,3.6,61655.7
15693690,3,11,2,1,52,574,7,115532.52,196257.67,0,1,0,0.8826,3590.98,3169.4,0.5887,0.1346,2.05,115532.52
15728963,2,32,1,1,51,617,10,167273.71,93439.75,0,0,1,0.9234,5093.21,4703.07,1.7902,0.1961,1.5,167273.71
15659710,1,2,4,3,25,581,5,77886.53,150319.49,0,1,0,0.062,2536.6,157.27,0.5181,0.2,1.75,38943.26
15658675,2,8,1,2,37,710,6,135795.63,46523.6,1,0,0,0.5825,4148.87,2416.72,2.9188,0.1622,2.9,135795.63
15638788,1,6,2,3,32,550,8,97514.07,199138.84,1,1,0,0.138,3050.42,420.96,0.4897,0.25,4.2,97514.07
15609735,2,11,3,1,51,533,6,127545.56,79559.02,0,0,1,0.9002,3976.37,3579.53,1.6031,0.1176,0.9,63772.78
15771477,1,14,1,1,49,779,9,106160.37,116893.87,0,0,0,0.7353,3259.81,2396.94,0.9082,0.1837,1.35,106160.37
15570145,1,24,4,3,23,763,2,0.0,153983.99,0,1,0,0.1576,200.0,31.52,0.0,0.087,1.3,0.0
15797149,3,26,4,3,36,563,4,143680.47,63531.19,1,1,0,0.2271,4510.41,1024.31,2.2615,0.1111,3.6,71840.24
15636912,3,8,2,2,38,678,3,124483.53,126253.31,0,1,0,0.3508,3859.51,1353.92,0.986,0.0789,1.45,124483.53
15687828,3,27,2,3,31,644,5,86006.3,73922.95,1,1,0,0.2183,2705.19,590.54,1.1634,0.1613,3.75,86006.3
15667424,2,28,4,2,43,682,7,111094.05,64679.3,1,1,0,0.4439,3532.82,1568.22,1.7176,0.1628,4.05,55547.02
15759872,1,2,4,3,22,625,9,0.0,157072.91,0,1,0,0.0294,200.0,5.88,0.0,0.4091,2.35,0.0
15572374,3,8,3,3,36,733,1,0.0,108377.82,1,0,0,0.0521,150.0,7.82,0.0,0.0278,2.15,0.0
15754926,1,26,4,3,30,512,6,0.0,88827.31,0,1,0,0.0922,200.0,18.44,0.0,0.2,1.9,0.0
15687431,1,27,2,3,41,642,7,115171.71,37674.47,1,1,0,0.2679,3580.15,959.12,3.0569,0.1707,4.05,115171.71
15604515,2,23,3,3,22,737,10,111543.26,106327.85,0,0,0,0.1749,3496.3,611.5,1.049,0.4545,1.5,55771.63
15682839,1,31,2,2,57,575,8,137936.94,84475.13,1,1,0,0.5625,4263.11,2398.0,1.6329,0.1404,4.2,137936.94
15624677,2,26,3,2,37,543,3,122304.65,33998.7,0,0,0,0.3957,3819.14,1511.23,3.5972,0.0811,0.45,61152.32
15646366,2,6,1,1,41,521,8,120586.54,20491.15,1,0,0,0.6838,3692.6,2525.0,5.8845,0.1951,3.2,120586.54
15701768,1,7,4,3,32,637,3,0.0,197827.06,1,1,0,0.0362,200.0,7.24,0.0,0.0938,3.45,0.0
15623566,1,8,2,3,40,714,9,46520.69,96687.25,1,1,0,0.2757,1520.62,419.23,0.4811,0.225,4.35,46520.69
15681274,3,33,2,2,56,726,2,105473.74,46044.7,1,1,0,0.5536,3289.21,1820.91,2.2906,0.0357,3.3,105473.74
15762573,3,28,4,3,34,680,7,0.0,98949.85,0,1,0,0.1175,200.0,23.5,0.0,0.2059,2.05,0.0
15706458,2,10,6,1,39,812,5,115730.71,185599.34,1,1,1,0.9538,3746.92,3573.81,0.6235,0.1282,3.75,38576.9
15654222,3,9,1,3,30,757,3,145396.49,198341.15,1,0,0,0.1404,4436.89,622.94,0.7331,0.1,2.45,145396.49
15704053,3,18,4,1,62,710,3,131078.42,119348.76,0,1,1,0.9175,4132.35,3791.43,1.0983,0.0484,1.45,65539.21
15724321,2,31,1,1,47,516,9,128298.74,149614.17,0,0,1,0.9595,3923.96,3765.04,0.8575,0.1915,1.35,128298.74
15621815,1,30,2,2,40,803,6,165526.71,12328.08,0,1,0,0.5164,5090.8,2628.89,13.4257,0.15,1.9,165526.71
15724876,1,26,2,3,38,560,5,83714.41,33245.97,1,1,0,0.2946,2636.43,776.69,2.518,0.1316,3.75,83714.41
15696588,1,28,4,3,36,679,3,0.0,2243.41,1,1,0,0.1194,200.0,23.88,0.0,0.0833,3.45,0.0
15612832,1,6,1,3,32,526,7,125540.05,86786.41,0,0,0,0.2315,3841.2,889.24,1.4465,0.2188,1.05,125540.05
15804295,1,6,4,3,41,485,2,100254.76,12706.67,1,1,0,0.286,3207.64,917.39,7.8893,0.0488,3.3,50127.38
15712536,1,27,4,3,36,625,3,0.0,41295.1,0,1,1,0.2046,200.0,40.92,0.0,0.0833,1.45,0.0
15662494,3,9,2,3,43,773,7,138150.57,177357.16,1,1,0,0.3289,4269.52,1404.25,0.7789,0.1628,4.05,138150.57
15807728,1,31,1,1,45,530,1,0.0,190663.89,1,0,1,0.8914,75.0,66.86,0.0,0.0222,2.15,0.0
15764916,2,27,1,1,43,616,7,95984.21,115262.54,1,0,1,0.7988,2954.53,2360.08,0.8327,0.1628,3.05,95984.21
15615330,1,2,4,3,23,651,10,0.0,170099.23,1,1,0,0.0207,200.0,4.14,0.0,0.4348,4.5,0.0
15638487,2,7,1,1,38,586,2,136858.42,189143.94,1,0,0,0.7014,4180.75,2932.38,0.7236,0.0526,2.3,136858.42
15627859,2,2,2,2,29,607,7,102609.0,163257.44,0,1,0,0.4209,3203.27,1348.26,0.6285,0.2414,2.05,102609.0
15622192,3,8,3,3,39,724,3,0.0,95562.81,1,0,0,0.0563,150.0,8.44,0.0,0.0769,2.45,0.0
15789413,1,18,4,3,64,733,3,0.0,75272.63,1,1,0,0.077,200.0,15.4,0.0,0.0469,3.45,0.0
15583221,2,17,4,3,70,667,3,77356.92,20881.96,1,1,0,0.1751,2520.71,441.38,3.7043,0.0429,3.45,38678.46
15768495,1,28,4,3,32,700,8,110923.15,161845.81,1,1,1,0.3221,3527.69,1136.27,0.6854,0.25,4.2,55461.58
15644103,3,17,1,3,78,659,2,151675.65,49978.67,1,0,0,0.0294,4625.27,135.98,3.0347,0.0256,2.3,151675.65
15741197,3,3,6,2,22,710,8,0.0,107292.91,0,1,0,0.5124,275.0,140.91,0.0,0.3636,2.2,0.0
15664547,1,9,1,2,37,760,7,0.0,32863.24,0,0,1,0.5455,75.0,40.91,0.0,0.1892,1.05,0.0
15797293,1,23,4,3,25,677,3,0.0,179608.96,0,1,0,0.112,200.0,22.4,0.0,0.12,1.45,0.0
15572021,2,24,4,3,29,798,8,80204.11,70223.22,0,1,0,0.0687,2606.12,179.04,1.1421,0.2759,2.2,40102.06
15637461,1,9,4,3,35,758,7,0.0,77951.84,0,1,0,0.0603,200.0,12.06,0.0,0.2,2.05,0.0
15620577,1,13,4,3,45,715,4,0.0,55043.93,1,1,0,0.0998,200.0,19.96,0.0,0.0889,3.6,0.0
15609643,2,9,3,3,32,752,9,115587.49,101677.46,1,0,0,0.1225,3617.62,443.16,1.1368,0.2812,3.35,57793.74
15785358,2,12,2,1,46,586,8,106968.96,79366.98,1,1,1,0.8162,3334.07,2721.27,1.3478,0.1739,4.2,106968.96
15603883,1,10,4,3,36,818,4,0.0,8037.03,1,1,0,0.0328,200.0,6.56,0.0,0.1111,3.6,0.0
15782550,2,26,2,1,41,490,0,139659.04,176254.12,1,1,0,0.6991,4314.77,3016.46,0.7924,0.0,3.0,139659.04
15775761,2,37,5,1,69,610,5,86038.21,192743.06,0,0,1,0.9861,2806.15,2767.14,0.4464,0.0725,0.75,28679.4
15680201,2,2,4,3,24,627,5,102773.2,56793.02,0,1,1,0.2596,3283.2,852.32,1.8096,0.2083,1.75,51386.6
15767594,1,26,4,3,35,533,8,0.0,187900.12,1,1,0,0.1559,200.0,31.18,0.0,0.2286,4.2,0.0
15591985,1,33,2,2,51,708,8,70754.18,92920.04,1,1,1,0.5767,2247.63,1296.21,0.7614,0.1569,4.2,70754.18
15789339,1,13,1,2,59,681,4,122781.51,140166.95,1,0,0,0.5757,3758.45,2163.74,0.876,0.0678,2.6,122781.51
15781530,1,3,4,3,21,690,8,0.0,155782.89,1,1,0,0.0113,200.0,2.26,0.0,0.381,4.2,0.0
15705174,2,17,2,2,68,656,7,153545.11,186574.68,1,1,0,0.3957,4731.35,1872.2,0.823,0.1029,4.05,153545.11
15572114,3,8,2,2,40,673,1,121629.22,3258.6,1,1,0,0.3581,3773.88,1351.43,37.3142,0.025,3.15,121629.22
15804009,2,10,4,3,36,806,8,167983.17,106714.28,1,1,0,0.0451,5239.5,236.3,1.5741,0.2222,4.2,83991.58
15662698,3,27,2,2,43,648,7,81153.82,144532.85,1,1,1,0.5074,2559.61,1298.75,0.5615,0.1628,4.05,81153.82
15696047,1,6,2,3,35,501,6,99760.84,13591.52,1,1,0,0.1886,3117.83,588.02,7.3394,0.1714,3.9,99760.84
15701160,2,26,2,1,43,556,4,125890.72,74854.97,1,1,0,0.7122,3901.72,2778.8,1.6818,0.093,3.6,125890.72
15790093,1,22,4,3,27,627,2,0.0,125451.01,0,1,0,0.0929,200.0,18.58,0.0,0.0741,1.3,0.0
15632143,1,7,1,3,31,652,2,119148.55,149740.22,0,0,0,0.1634,3649.46,596.32,0.7957,0.0645,0.3,119148.55
15736778,2,40,4,2,60,807,1,72948.58,17355.36,1,1,0,0.4743,2388.46,1132.85,4.203,0.0167,3.15,36474.29
15734917,2,3,4,3,21,708,8,133974.36,50294.09,0,1,0,0.1426,4219.23,601.66,2.6638,0.381,2.2,66987.18
15643903,1,2,2,3,27,619,1,154483.98,156394.74,0,1,0,0.1254,4759.52,596.84,0.9878,0.037,1.15,154483.98
15569526,1,7,3,3,40,601,10,98627.13,77977.69,0,0,0,0.2676,3108.81,831.92,1.2648,0.25,1.5,49313.56
15777067,1,16,1,2,64,445,2,136770.67,43678.06,1,0,0,0.3595,4178.12,1502.03,3.1313,0.0312,2.3,136770.67
15795511,2,10,2,2,39,800,4,95252.72,13906.34,0,1,0,0.6416,2982.58,1913.62,6.8491,0.1026,1.6,95252.72
15610419,1,6,2,3,33,554,3,117413.95,12766.74,1,1,0,0.1805,3647.42,658.36,9.1961,0.0909,3.45,117413.95
15644994,2,13,3,2,54,714,4,137986.58,51308.54,1,0,1,0.5751,4289.6,2466.95,2.6893,0.0741,2.6,68993.29
15703707,1,7,1,2,44,656,10,143571.52,127444.14,0,0,0,0.6046,4382.15,2649.45,1.1265,0.2273,1.5,143571.52
15659327,1,11,2,1,49,520,5,121197.64,72577.33,0,1,1,0.781,3760.93,2937.29,1.6699,0.102,1.75,121197.64
15771323,3,6,2,3,39,480,5,121626.9,82438.13,1,1,0,0.1903,3773.81,718.16,1.4754,0.1282,3.75,121626.9
15750549,2,7,4,3,30,660,1,84440.1,60485.98,1,1,0,0.08,2733.2,218.66,1.396,0.0333,3.15,42220.05
15698462,1,6,4,3,36,532,4,0.0,132798.78,1,1,0,0.0461,200.0,9.22,0.0,0.1111,3.6,0.0
15739692,1,8,3,3,42,679,1,0.0,71823.15,0,0,0,0.0533,150.0,8.0,0.0,0.0238,0.15,0.0
15744041,1,24,2,3,26,780,3,140356.7,117144.15,0,1,0,0.214,4335.7,927.84,1.1981,0.1154,1.45,140356.7
15700714,1,4,4,3,29,747,7,0.0,141706.43,1,1,0,0.0362,200.0,7.24,0.0,0.2414,4.05,0.0
15777743,1,28,2,3,39,705,3,92224.56,54517.25,1,1,0,0.2751,2891.74,795.52,1.6916,0.0769,3.45,92224.56
15623143,1,28,4,3,43,732,9,0.0,183147.17,0,1,0,0.3148,200.0,62.96,0.0,0.2093,2.35,0.0
15712568,3,6,2,2,40,515,10,121355.99,138360.29,0,1,0,0.5129,3765.68,1931.42,0.8771,0.25,2.5,121355.99
15617432,2,30,2,2,40,816,9,109003.26,79580.56,1,1,0,0.6425,3395.1,2181.35,1.3697,0.225,4.35,109003.26
15650424,1,32,2,1,48,641,3,147341.43,157458.61,1,1,1,0.7298,4545.24,3317.12,0.9357,0.0625,3.45,147341.43
15728829,1,1,2,3,18,509,7,102983.91,171770.58,0,1,0,0.1579,3214.52,507.57,0.5995,0.3889,2.05,102983.91
15680430,2,32,4,1,49,601,4,96252.98,104263.82,0,1,0,0.8228,3087.59,2540.47,0.9232,0.0816,1.6,48126.49
15687626,1,6,4,3,39,527,4,0.0,167183.07,0,1,1,0.0737,200.0,14.74,0.0,0.1026,1.6,0.0
15609187,1,21,3,3,27,455,5,155879.09,70774.97,0,0,0,0.1719,4826.37,829.65,2.2024,0.1852,0.75,77939.54
15609521,2,10,4,3,34,803,4,142929.16,114869.56,1,1,0,0.0603,4487.87,270.62,1.2443,0.1176,3.6,71464.58
15752626,1,6,1,3,32,553,7,64082.09,109159.58,1,0,0,0.1781,1997.46,355.75,0.587,0.2188,3.05,64082.09
15571756,1,23,2,2,28,724,5,0.0,59351.68,0,1,0,0.5019,125.0,62.74,0.0,0.1786,1.75,0.0
15814040,1,32,4,3,45,610,1,0.0,199657.46,1,1,0,0.1931,200.0,38.62,0.0,0.0222,3.15,0.0
15658211,3,26,4,3,39,559,2,0.0,121151.1,1,1,0,0.0953,200.0,19.06,0.0,0.0513,3.3,0.0
15742091,2,30,2,1,35,825,6,118336.95,26342.33,0,1,1,0.7373,3675.11,2709.66,4.4921,0.1714,1.9,118336.95
15787168,3,25,2,3,28,819,8,168253.21,102799.14,1,1,0,0.2129,5172.6,1101.25,1.6367,0.2857,4.2,168253.21
15772363,2,29,2,1,42,772,0,101979.16,90928.48,0,1,0,0.7796,3184.37,2482.53,1.1215,0.0,1.0,101979.16
15659364,3,3,1,2,23,685,5,164902.43,141152.28,0,0,0,0.3712,5022.07,1864.19,1.1683,0.2174,0.75,164902.43
15738980,1,6,4,3,43,506,2,0.0,105568.6,0,1,0,0.2294,200.0,45.88,0.0,0.0465,1.3,0.0
15794236,2,2,4,3,22,642,10,111812.52,183045.46,1,1,0,0.1005,3554.38,357.22,0.6108,0.4545,4.5,55906.26
15721383,3,7,4,3,40,627,10,0.0,194792.42,1,1,0,0.0445,200.0,8.9,0.0,0.25,4.5,0.0
15652981,2,7,2,2,30,600,2,119755.0,21852.91,1,1,0,0.5116,3717.65,1901.95,5.4798,0.0667,3.3,119755.0
15722731,1,12,2,1,46,653,0,119556.1,78250.13,0,1,1,0.7356,3711.68,2730.31,1.5279,0.0,1.0,119556.1
15640507,3,29,6,1,35,762,3,119349.69,47114.18,1,1,1,0.9727,3855.49,3750.24,2.5331,0.0857,3.45,39783.23
15578878,3,26,2,3,30,569,3,139528.23,33230.37,1,1,0,0.223,4310.85,961.32,4.1987,0.1,3.45,139528.23
15744295,1,9,2,2,40,756,1,94773.11,114279.63,0,1,0,0.441,2968.19,1308.97,0.8293,0.025,1.15,94773.11
15776558,1,8,1,3,31,673,1,108345.22,38802.03,1,0,0,0.1281,3325.36,425.98,2.7922,0.0323,2.15,108345.22
15596136,1,27,2,3,36,637,9,166939.88,72504.76,1,1,0,0.2022,5133.2,1037.93,2.3024,0.25,4.35,166939.88
15704597,1,7,1,3,33,644,7,174571.36,43943.09,1,0,0,0.1889,5312.14,1003.46,3.9726,0.2121,3.05,174571.36
15648272,3,7,2,3,35,658,9,71829.34,68141.92,1,1,0,0.1319,2279.88,300.72,1.0541,0.2571,4.35,71829.34
15594915,1,27,3,3,36,649,8,0.0,109179.89,1,0,0,0.1018,150.0,15.27,0.0,0.2222,3.2,0.0
15581115,1,27,1,2,39,603,9,76769.68,48224.72,0,0,0,0.4701,2378.09,1117.94,1.5919,0.2308,1.35,76769.68
15763907,1,30,2,2,39,820,1,104614.29,61538.43,0,1,1,0.5041,3263.43,1645.1,1.7,0.0256,1.15,104614.29
15705994,3,3,2,3,27,712,10,0.0,94544.88,0,1,0,0.32,125.0,40.0,0.0,0.3704,2.5,0.0
15772421,2,27,2,2,31,645,1,128927.93,2850.01,1,1,0,0.4972,3992.84,1985.24,45.2218,0.0323,3.15,128927.93
15711572,2,28,4,3,31,705,9,110941.93,163484.8,0,1,0,0.1807,3528.26,637.56,0.6786,0.2903,2.35,55470.96
15691170,3,22,2,3,29,590,10,99250.08,129629.41,1,1,0,0.2005,3102.5,622.05,0.7656,0.3448,4.5,99250.08
15600106,1,7,3,3,36,631,1,0.0,133141.34,0,0,0,0.0541,150.0,8.12,0.0,0.0278,0.15,0.0
15745431,1,7,4,3,34,604,7,0.0,188078.55,1,1,0,0.0745,200.0,14.9,0.0,0.2059,4.05,0.0
15649508,3,12,4,3,48,643,8,0.0,174729.3,0,1,0,0.2825,200.0,56.5,0.0,0.1667,2.2,0.0
15812611,3,28,3,3,30,690,5,0.0,78700.03,1,0,0,0.0867,150.0,13.0,0.0,0.1667,2.75,0.0
15619699,1,6,2,2,31,558,7,0.0,198269.08,0,1,0,0.5475,125.0,68.44,0.0,0.2258,2.05,0.0
15813946,2,12,2,1,51,637,1,104682.83,55266.96,0,1,1,0.9472,3265.48,3093.06,1.8941,0.0196,1.15,104682.83
15762762,2,32,1,1,45,648,5,118886.55,51636.7,0,0,0,0.9088,3641.6,3309.49,2.3023,0.1111,0.75,118886.55
15629793,3,2,4,3,28,652,8,156823.7,198251.52,0,1,0,0.0544,4904.71,266.82,0.791,0.2857,2.2,78411.85
15781298,2,10,1,2,39,808,3,124216.93,171442.36,1,0,0,0.5688,3801.51,2162.3,0.7245,0.0769,2.45,124216.93
15622658,1,21,2,3,26,551,2,144258.52,49778.79,0,1,0,0.2387,4452.76,1062.87,2.8979,0.0769,1.3,144258.52
15658980,2,3,2,2,26,711,9,128793.63,19262.05,0,1,0,0.5892,3988.81,2350.21,6.686,0.3462,2.35,128793.63
15701936,2,1,2,2,28,467,10,126315.26,32349.29,0,1,1,0.6283,3914.46,2459.46,3.9046,0.3571,2.5,126315.26
15686917,3,29,4,3,40,789,4,0.0,137402.27,0,1,0,0.1722,200.0,34.44,0.0,0.1,1.6,0.0
15807312,3,7,3,3,33,602,5,0.0,64038.34,1,0,0,0.0484,150.0,7.26,0.0,0.1515,2.75,0.0
15574523,1,6,4,3,39,576,1,0.0,68814.23,1,1,0,0.0497,200.0,9.94,0.0,0.0256,3.15,0.0
15724200,1,7,1,3,38,584,1,115341.55,173632.92,1,0,0,0.2103,3535.25,743.46,0.6643,0.0263,2.15,115341.55
15738224,1,7,2,3,32,593,6,99162.29,128384.11,0,1,0,0.2309,3099.87,715.76,0.7724,0.1875,1.9,99162.29
15593283,2,33,4,2,48,705,1,156848.13,99475.95,1,1,1,0.6353,4905.44,3116.43,1.5767,0.0208,3.15,78424.06
15814690,2,37,2,2,64,595,2,105736.32,89935.73,1,1,1,0.6149,3297.09,2027.38,1.1757,0.0312,3.3,105736.32
15807245,2,28,4,2,41,699,1,200117.76,94142.35,0,1,0,0.4943,6203.53,3066.4,2.1257,0.0244,1.15,100058.88
15799358,1,31,1,1,46,516,6,62212.29,171681.86,1,0,1,0.8532,1941.37,1656.38,0.3624,0.1304,2.9,62212.29
15616172,1,10,4,3,31,838,2,0.0,8222.96,0,1,0,0.0389,200.0,7.78,0.0,0.0645,1.3,0.0
15777958,1,7,4,3,39,587,10,0.0,170409.45,1,1,0,0.0453,200.0,9.06,0.0,0.2564,4.5,0.0
15809124,1,9,2,3,38,750,5,151532.4,46555.15,1,1,0,0.1914,4670.97,894.02,3.2548,0.1316,3.75,151532.4
15616367,2,7,1,1,39,581,1,121523.51,161655.55,0,0,1,0.676,3720.71,2515.2,0.7517,0.0256,0.15,121523.51
15687385,1,6,2,2,41,484,5,0.0,74267.35,1,1,0,0.4077,125.0,50.96,0.0,0.122,3.75,0.0
15607877,3,1,3,3,26,576,8,0.0,34101.06,1,0,0,0.0255,150.0,3.82,0.0,0.3077,3.2,0.0
15736327,2,31,4,2,46,567,1,68238.51,109572.58,1,1,0,0.6011,2247.16,1350.77,0.6228,0.0217,3.15,34119.25
15746704,3,7,4,3,30,638,9,136808.53,106642.97,1,1,0,0.095,4304.26,408.9,1.2829,0.3,4.35,68404.26
15778304,2,2,2,3,24,646,0,92398.08,18897.29,1,1,0,0.2622,2896.94,759.58,4.8892,0.0,3.0,92398.08
15588456,1,27,2,2,40,658,5,143566.12,189607.71,1,1,0,0.354,4431.98,1568.92,0.7572,0.125,3.75,143566.12
15664035,3,27,4,3,38,590,9,0.0,148750.16,1,1,0,0.1593,200.0,31.86,0.0,0.2368,4.35,0.0
15596405,3,1,4,3,25,546,7,127728.24,105279.74,1,1,0,0.1598,4031.85,644.29,1.2132,0.28,4.05,63864.12
15815097,1,27,4,3,34,603,9,0.0,167916.35,0,1,0,0.0861,200.0,17.22,0.0,0.2647,2.35,0.0
15762708,3,27,2,3,38,619,10,119658.49,8646.58,1,1,0,0.3175,3714.75,1179.43,13.8372,0.2632,4.5,119658.49
15776211,1,28,4,3,34,678,6,0.0,124592.84,1,1,0,0.0913,200.0,18.26,0.0,0.1765,3.9,0.0
15626012,1,1,1,3,26,459,4,149879.66,50016.17,0,0,0,0.2081,4571.39,951.31,2.9966,0.1538,0.6,149879.66
15792077,2,3,4,3,28,671,8,119859.52,125422.66,0,1,0,0.1103,3795.79,418.68,0.9556,0.2857,2.2,59929.76
15718765,3,6,1,2,43,501,6,104533.24,81123.59,0,0,1,0.5875,3211.0,1886.46,1.2886,0.1395,0.9,104533.24
15576615,3,8,2,2,37,719,10,145382.61,80408.59,0,1,0,0.3854,4486.48,1729.09,1.808,0.2703,2.5,145382.61
15752650,3,28,2,3,37,681,6,121231.39,146366.08,1,1,0,0.2826,3761.94,1063.12,0.8283,0.1622,3.9,121231.39
15797502,3,3,2,3,24,706,2,141078.57,24402.87,1,1,0,0.1428,4357.36,622.23,5.781,0.0833,3.3,141078.57
15687329,2,29,4,3,32,763,1,108465.65,60552.44,0,1,1,0.315,3453.97,1088.0,1.7912,0.0312,1.15,54232.82
15779423,1,8,4,3,39,716,1,70657.61,76476.05,1,1,0,0.1745,2319.73,404.79,0.9239,0.0256,3.15,35328.8
15619514,2,6,2,1,40,507,3,120105.43,92075.01,0,1,1,0.7172,3728.16,2673.84,1.3044,0.075,1.45,120105.43
15615430,2,13,2,1,55,678,4,129646.91,184125.1,1,1,1,0.7836,4014.41,3145.69,0.7041,0.0727,3.6,129646.91
15716431,1,29,4,3,30,775,10,191091.74,96170.38,1,1,0,0.2061,5932.75,1222.74,1.987,0.3333,4.5,95545.87
15798341,1,6,2,3,38,544,8,0.0,98208.62,1,1,0,0.3058,125.0,38.22,0.0,0.2105,4.2,0.0
15651958,1,4,4,3,27,756,8,0.0,157932.75,1,1,0,0.0129,200.0,2.58,0.0,0.2963,4.2,0.0
15726179,2,29,4,2,43,757,5,131433.33,3497.43,1,1,1,0.5561,4143.0,2303.92,37.5692,0.1163,3.75,65716.66
15652999,2,9,2,2,33,742,1,137937.95,51387.1,1,1,0,0.4129,4263.14,1760.25,2.6842,0.0303,3.15,137937.95
15691950,1,12,4,3,49,591,3,0.0,50123.44,0,1,0,0.3119,200.0,62.38,0.0,0.0612,1.45,0.0
15632446,1,2,3,3,24,667,4,0.0,180329.83,0,0,0,0.095,150.0,14.25,0.0,0.1667,0.6,0.0
15620936,1,9,4,3,32,787,4,0.0,13238.93,1,1,0,0.0479,200.0,9.58,0.0,0.125,3.6,0.0
15587640,1,28,2,2,43,718,0,93143.39,167554.86,0,1,0,0.6378,2919.3,1861.93,0.5559,0.0,1.0,93143.39
15782231,1,6,4,3,38,521,6,0.0,51454.06,0,1,0,0.0692,200.0,13.84,0.0,0.1579,1.9,0.0
15580462,3,7,2,3,40,607,1,112544.45,19842.22,1,1,0,0.3405,3501.33,1192.2,5.6717,0.025,3.15,112544.45
15736371,1,27,4,3,34,633,3,123034.43,38315.04,1,1,0,0.133,3891.03,517.51,3.211,0.0882,3.45,61517.22
15648032,3,7,3,3,37,588,2,0.0,187816.59,1,0,0,0.0625,150.0,9.38,0.0,0.0541,2.3,0.0
15610454,2,28,2,2,33,724,9,119278.44,197148.24,1,1,0,0.6238,3703.35,2310.15,0.605,0.2727,4.35,119278.44
15671358,1,8,4,3,44,720,4,0.0,163471.01,0,1,0,0.1377,200.0,27.54,0.0,0.0909,1.6,0.0
15747130,1,6,3,3,39,521,7,0.0,653.58,1,0,0,0.0825,150.0,12.38,0.0,0.1795,3.05,0.0
15578374,3,7,2,3,36,620,7,169312.72,45414.09,0,1,0,0.2872,5204.38,1494.7,3.7281,0.1944,2.05,169312.72
15572182,2,26,6,1,33,505,3,106506.77,45445.78,0,1,1,0.9614,3470.2,3336.25,2.3435,0.0909,1.45,35502.26
15770041,3,28,1,2,43,728,8,128412.61,139024.31,1,0,0,0.4937,3927.38,1938.95,0.9237,0.186,3.2,128412.61
15669414,2,16,4,1,62,486,9,118356.89,168034.83,0,1,1,0.9211,3750.71,3454.78,0.7044,0.1452,2.35,59178.44
15777054,2,7,2,1,42,584,3,137479.13,25669.1,0,1,0,0.7453,4249.37,3167.06,5.3556,0.0714,1.45,137479.13
15621021,3,28,4,3,40,687,1,0.0,8207.36,0,1,0,0.2092,200.0,41.84,0.0,0.025,1.15,0.0
15785490,1,14,2,2,50,771,3,105229.72,16281.68,1,1,1,0.6299,3281.89,2067.26,6.4627,0.06,3.45,105229.72
15577695,1,8,2,2,41,678,2,148088.11,14083.12,0,1,0,0.5184,4567.64,2367.86,10.5145,0.0488,1.3,148088.11
15686974,1,34,1,1,48,751,4,0.0,30165.06,1,0,1,0.901,75.0,67.58,0.0,0.0833,2.6,0.0
15574584,1,8,2,3,33,670,8,126679.69,39451.09,1,1,0,0.0777,3925.39,305.0,3.211,0.2424,4.2,126679.69
15719541,3,8,4,3,31,675,2,90826.27,60270.87,0,1,0,0.1592,2924.79,465.63,1.5069,0.0645,1.3,45413.14
15646310,3,3,2,3,24,684,8,143582.89,22527.27,1,1,0,0.0922,4432.49,408.68,6.3735,0.3333,4.2,143582.89
15697606,1,22,1,3,21,637,10,125712.2,175072.47,0,0,0,0.3092,3846.37,1189.3,0.7181,0.4762,1.5,125712.2
15711489,3,29,2,2,32,760,2,0.0,114565.35,1,1,0,0.3572,125.0,44.65,0.0,0.0625,3.3,0.0
15670427,3,7,2,3,37,662,4,155187.3,48930.8,0,1,0,0.2878,4780.62,1375.86,3.1715,0.1081,1.6,155187.3
15731755,1,13,4,3,49,680,10,0.0,187008.45,0,1,0,0.2848,200.0,56.96,0.0,0.2041,2.5,0.0
15796370,3,7,1,3,40,604,5,155455.43,113581.85,1,0,0,0.319,4738.66,1511.63,1.3687,0.125,2.75,155455.43
15598331,1,29,2,2,40,764,9,100480.53,124095.69,0,1,0,0.6059,3139.42,1902.17,0.8097,0.225,2.35,100480.53
15704795,1,36,4,3,77,521,6,0.0,49054.1,1,1,0,0.0323,200.0,6.46,0.0,0.0779,3.9,0.0
15796764,2,33,6,1,56,684,3,127585.98,80593.49,1,1,1,0.9842,4102.58,4037.76,1.5831,0.0536,3.45,42528.66
15589420,1,29,2,3,40,795,2,101891.1,183044.86,1,1,0,0.3206,3181.73,1020.06,0.5566,0.05,3.3,101891.1
15810563,3,38,4,3,61,678,8,0.0,159938.82,1,1,0,0.2112,200.0,42.24,0.0,0.1311,4.2,0.0
15746569,1,7,2,2,38,589,4,0.0,95483.48,0,1,1,0.5904,125.0,73.8,0.0,0.1053,1.6,0.0
15811594,3,22,2,3,28,660,3,128929.88,198069.71,1,1,0,0.2147,3992.9,857.28,0.6509,0.1071,3.45,128929.88
15645896,2,7,3,3,39,646,6,121681.91,61793.47,1,0,0,0.26,3800.46,988.12,1.9691,0.1538,2.9,60840.96
15802909,2,33,2,1,56,706,3,139603.22,86383.61,1,1,0,0.802,4313.1,3459.11,1.6161,0.0536,3.45,139603.22
15797665,1,23,4,3,27,730,7,0.0,144099.48,0,1,0,0.1203,200.0,24.06,0.0,0.2593,2.05,0.0
15778959,1,27,3,3,36,606,10,0.0,155641.46,1,0,0,0.1134,150.0,17.01,0.0,0.2778,3.5,0.0
15722532,3,28,2,3,36,690,10,91760.11,135784.94,1,1,0,0.2839,2877.8,817.01,0.6758,0.2778,4.5,91760.11
15784124,2,7,2,1,41,645,2,93925.3,123982.14,0,1,1,0.6547,2942.76,1926.62,0.7576,0.0488,1.3,93925.3
15776518,1,26,2,2,38,579,4,175739.36,193130.55,1,1,0,0.3996,5397.18,2156.71,0.9099,0.1053,3.6,175739.36
15611247,1,21,4,3,28,481,10,0.0,145215.96,0,1,0,0.1009,200.0,20.18,0.0,0.3571,2.5,0.0
15721469,2,11,3,2,45,492,9,170295.04,164741.81,0,0,0,0.5527,5258.85,2906.57,1.0337,0.2,1.35,85147.52
15773338,1,13,2,2,58,739,2,101579.28,72168.53,1,1,0,0.5102,3172.38,1618.55,1.4075,0.0345,3.3,101579.28
15784042,1,12,2,2,55,624,7,118793.6,95022.02,1,1,1,0.5648,3688.81,2083.44,1.2502,0.1273,4.05,118793.6
15776229,1,8,1,2,44,682,3,115282.3,23766.4,0,0,0,0.5669,3533.47,2003.12,4.8504,0.0682,0.45,115282.3
15655903,3,28,2,3,34,701,6,107980.37,119374.74,1,1,0,0.2327,3364.41,782.9,0.9045,0.1765,3.9,107980.37
15590177,1,28,1,2,44,718,1,133866.22,139049.24,1,0,0,0.5925,4090.99,2423.91,0.9627,0.0227,2.15,133866.22
15568876,1,26,4,3,34,496,1,102723.35,180844.81,0,1,0,0.2273,3281.7,745.93,0.568,0.0294,1.15,51361.68
15813140,3,6,3,3,41,543,5,0.0,143980.29,1,0,0,0.0535,150.0,8.02,0.0,0.122,2.75,0.0
15770516,3,27,4,2,44,616,7,193213.02,137392.77,1,1,0,0.5378,5996.39,3224.86,1.4063,0.1591,4.05,96606.51
15755731,2,12,1,1,53,635,8,117005.55,123646.57,1,0,1,0.8626,3585.17,3092.57,0.9463,0.1509,3.2,117005.55
15574480,3,7,1,3,31,652,1,132862.59,158054.49,0,0,0,0.1819,4060.88,738.67,0.8406,0.0323,0.15,132862.59
15798084,1,3,4,3,26,688,0,0.0,105784.85,0,1,0,0.0789,200.0,15.78,0.0,0.0,1.0,0.0
15673020,1,33,1,1,49,678,3,204510.94,738.88,1,0,1,0.8403,6210.33,5218.54,276.411,0.0612,2.45,204510.94
15643575,2,9,1,3,36,757,1,65349.71,64539.64,0,0,0,0.2761,2035.49,562.0,1.0125,0.0278,0.15,65349.71
15596811,1,7,2,3,36,667,8,139753.35,79871.16,0,1,0,0.2881,4317.6,1243.9,1.7497,0.2222,2.2,139753.35
15786789,1,23,4,3,29,725,6,0.0,190776.83,1,1,0,0.0977,200.0,19.54,0.0,0.2069,3.9,0.0
15578865,2,32,2,1,50,632,5,107959.39,6985.34,1,1,1,0.8889,3363.78,2990.06,15.4529,0.1,3.75,107959.39
15605672,1,28,2,2,38,694,5,195926.39,85522.84,1,1,0,0.5407,6002.79,3245.71,2.2909,0.1316,3.75,195926.39
15603674,1,10,4,3,36,803,1,0.0,149370.93,1,1,0,0.0168,200.0,3.36,0.0,0.0278,3.15,0.0
15759915,1,30,2,2,31,814,6,87772.52,188516.45,0,1,0,0.391,2758.18,1078.45,0.4656,0.1935,1.9,87772.52
15686219,1,7,4,3,38,611,4,71018.6,2444.29,0,1,0,0.2228,2330.56,519.25,29.043,0.1053,1.6,35509.3
15696388,2,9,2,2,38,755,4,111096.91,19762.88,1,1,0,0.6162,3457.91,2130.76,5.6212,0.1053,3.6,111096.91
15713604,2,6,3,3,40,425,9,166776.6,172646.88,1,0,0,0.2336,5153.3,1203.81,0.966,0.225,3.35,83388.3
15647800,1,30,2,3,34,850,6,101266.51,33501.98,0,1,0,0.2575,3163.0,814.47,3.0226,0.1765,1.9,101266.51
15813451,3,3,4,3,18,677,8,134796.87,114858.9,1,1,0,0.0636,4243.91,269.91,1.1736,0.4444,4.2,67398.44
15765375,1,34,1,1,46,797,8,0.0,162668.33,0,0,0,0.8972,75.0,67.29,0.0,0.1739,1.2,0.0
15774586,2,28,2,1,43,692,10,118588.83,161241.65,1,1,1,0.8005,3682.66,2947.97,0.7355,0.2326,4.5,118588.83
15603454,2,3,3,3,28,735,5,160454.15,114957.22,1,0,0,0.1205,4963.62,598.12,1.3958,0.1786,2.75,80227.08
15653037,1,17,1,3,77,609,1,0.0,18708.76,1,0,0,0.0683,75.0,5.12,0.0,0.013,2.15,0.0
15782475,1,28,4,3,42,700,8,0.0,105305.72,1,1,0,0.1457,200.0,29.14,0.0,0.1905,4.2,0.0
15593496,3,26,1,2,36,526,5,91132.18,58111.71,0,0,0,0.3738,2808.97,1049.99,1.5682,0.1389,0.75,91132.18
15808971,3,33,4,3,57,693,9,0.0,135502.77,1,1,0,0.252,200.0,50.4,0.0,0.1579,4.35,0.0
15791972,1,24,3,3,20,748,7,0.0,10792.42,0,0,0,0.0726,150.0,10.89,0.0,0.35,1.05,0.0
15676869,3,7,3,3,36,657,8,0.0,123866.43,1,0,0,0.0398,150.0,5.97,0.0,0.2222,3.2,0.0
15683007,2,23,2,2,25,739,5,113113.12,129181.27,0,1,0,0.545,3518.39,1917.52,0.8756,0.2,1.75,113113.12
15659495,3,4,2,3,23,784,2,0.0,6847.73,1,1,0,0.1634,125.0,20.42,0.0,0.087,3.3,0.0
15703923,2,9,4,3,41,744,7,190409.34,138361.48,1,1,0,0.1493,5912.28,882.7,1.3762,0.1707,4.05,95204.67
15674000,1,7,3,3,44,645,10,0.0,166707.22,1,0,0,0.0841,150.0,12.61,0.0,0.2273,3.5,0.0
15618171,1,27,3,3,33,669,9,0.0,107221.03,1,0,0,0.0512,150.0,7.68,0.0,0.2727,3.35,0.0
15732202,1,7,4,3,34,615,1,83503.11,73124.53,1,1,1,0.1366,2705.09,369.52,1.1419,0.0294,3.15,41751.56
15735078,2,33,4,1,53,724,1,139687.66,12913.92,1,1,0,0.7567,4390.63,3322.39,10.816,0.0189,3.15,69843.83
15798615,1,35,2,1,47,850,9,137301.87,44351.77,0,1,0,0.7211,4244.06,3060.39,3.0957,0.1915,2.35,137301.87
15638494,2,27,2,1,39,625,10,129845.26,96444.88,1,1,0,0.6722,4020.36,2702.49,1.3463,0.2564,4.5,129845.26
15763874,3,12,4,3,46,635,8,0.0,60739.16,1,1,0,0.1278,200.0,25.56,0.0,0.1739,4.2,0.0
15696355,2,8,2,1,37,724,6,125489.4,118570.53,0,1,0,0.675,3889.68,2625.53,1.0583,0.1622,1.9,125489.4
15655952,1,11,4,3,47,550,2,0.0,97057.28,1,1,0,0.1349,200.0,26.98,0.0,0.0426,3.3,0.0
15739850,1,12,1,2,45,645,6,155417.61,3449.22,1,0,0,0.4996,4737.53,2366.87,45.0457,0.1333,2.9,155417.61
15611338,3,3,4,3,29,714,4,0.0,37605.9,1,1,0,0.0316,200.0,6.32,0.0,0.1379,3.6,0.0
15707861,1,31,2,1,46,520,10,85216.61,117369.52,0,1,1,0.7663,2681.5,2054.83,0.726,0.2174,2.5,85216.61
15672237,1,2,2,3,25,633,1,0.0,100598.98,0,1,0,0.2287,125.0,28.59,0.0,0.04,1.15,0.0
15657771,1,6,2,2,37,537,6,0.0,17802.42,1,1,0,0.434,125.0,54.25,0.0,0.1622,3.9,0.0
15677783,3,9,2,3,38,764,4,113607.47,91094.46,0,1,0,0.3383,3533.22,1195.29,1.2471,0.1053,1.6,113607.47
15681026,2,29,2,2,33,795,9,104552.72,120853.83,1,1,1,0.6212,3261.58,2026.09,0.8651,0.2727,4.35,104552.72
15566543,3,6,4,3,44,573,9,0.0,107124.17,0,1,0,0.1963,200.0,39.26,0.0,0.2045,2.35,0.0
15594612,3,8,1,1,44,702,9,0.0,59207.41,0,0,1,0.7538,75.0,56.54,0.0,0.2045,1.35,0.0
15814664,2,9,2,2,33,740,2,126524.11,136869.31,0,1,0,0.5144,3920.72,2016.82,0.9244,0.0606,1.3,126524.11
15642785,1,6,3,3,34,479,5,117593.48,113308.29,0,0,0,0.1864,3677.8,685.54,1.0378,0.1471,0.75,58796.74
15690164,2,27,1,2,33,627,4,83199.05,159334.93,0,0,0,0.4688,2570.97,1205.27,0.5222,0.1212,0.6,83199.05
15590213,3,6,2,3,35,479,4,125920.98,20393.44,1,1,0,0.1752,3902.63,683.74,6.1743,0.1143,3.6,125920.98
15603794,1,12,2,2,48,623,5,118469.38,158590.25,1,1,0,0.5382,3679.08,1980.08,0.747,0.1042,3.75,118469.38
15733491,2,26,3,2,40,512,8,153537.57,23101.13,0,0,0,0.3546,4756.13,1686.52,6.646,0.2,1.2,76768.78
15806360,1,7,1,2,41,609,6,0.0,112585.19,1,0,0,0.5548,75.0,41.61,0.0,0.1463,2.9,0.0
15587133,1,6,4,3,42,518,7,151027.05,119377.36,0,1,0,0.3073,4730.81,1453.78,1.2651,0.1667,2.05,75513.52
15721377,1,30,1,3,34,833,3,144751.81,166472.81,0,0,0,0.2635,4417.55,1164.02,0.8695,0.0882,0.45,144751.81
15747927,1,4,2,3,26,758,4,155739.76,171552.02,0,1,0,0.1978,4797.19,948.88,0.9078,0.1538,1.6,155739.76
15806455,1,2,4,3,27,611,7,0.0,157474.1,1,1,0,0.0301,200.0,6.02,0.0,0.2593,4.05,0.0
15695474,1,7,2,3,33,583,7,122531.86,13549.24,0,1,0,0.2529,3800.96,961.26,9.0428,0.2121,2.05,122531.86
15666295,2,12,4,1,50,610,1,113957.01,196526.55,0,1,1,0.802,3618.71,2902.21,0.5799,0.02,1.15,56978.5
15656062,1,27,2,3,33,637,7,103377.81,84419.78,0,1,0,0.2413,3226.33,778.51,1.2246,0.2121,2.05,103377.81
15579969,1,28,4,3,32,683,9,0.0,24991.92,1,1,0,0.0611,200.0,12.22,0.0,0.2812,4.35,0.0
15703563,1,9,4,3,40,774,9,93017.47,191608.97,0,1,0,0.1477,2990.52,441.7,0.4855,0.225,2.35,46508.74
15692664,1,33,1,1,58,677,1,90022.85,2988.28,1,0,0,0.7259,2775.69,2014.87,30.1152,0.0172,2.15,90022.85
15719276,3,9,1,3,35,741,6,74371.49,99595.67,0,0,0,0.2879,2306.14,663.94,0.7467,0.1714,0.9,74371.49
15672754,2,6,2,2,42,498,3,152039.7,53445.17,1,1,1,0.5686,4686.19,2664.57,2.8447,0.0714,3.45,152039.7
15768163,2,32,2,1,46,655,7,137145.12,115146.4,0,1,1,0.9145,4239.35,3876.89,1.191,0.1522,2.05,137145.12
15656710,1,7,1,1,40,613,4,0.0,151325.24,0,0,0,0.6689,75.0,50.17,0.0,0.1,0.6,0.0
15696175,2,7,4,3,35,602,7,90602.42,51695.41,1,1,0,0.1454,2918.07,424.29,1.7526,0.2,4.05,45301.21
15586914,1,7,4,3,36,659,6,123841.49,96833.0,0,1,0,0.2127,3915.24,832.77,1.2789,0.1667,1.9,61920.74
15581736,2,13,3,2,47,673,1,183579.54,34047.54,1,0,0,0.4605,5657.39,2605.23,5.3917,0.0213,2.15,91789.77
15588839,3,7,4,3,30,606,8,180307.73,1914.41,1,1,0,0.1375,5609.23,771.27,94.1353,0.2667,4.2,90153.86
15589329,1,9,4,3,30,775,4,0.0,49337.84,0,1,0,0.0446,200.0,8.92,0.0,0.1333,1.6,0.0
15605622,3,5,4,3,28,841,4,0.0,179436.6,1,1,0,0.0339,200.0,6.78,0.0,0.1429,3.6,0.0
15798964,2,8,2,2,33,714,3,35016.6,53667.08,0,1,0,0.3648,1175.5,428.82,0.6525,0.0909,1.45,35016.6
15769959,1,32,2,1,53,597,4,88381.21,69384.71,0,1,1,0.8994,2776.44,2497.13,1.2738,0.0755,1.6,88381.21
15657105,3,8,2,2,36,726,2,0.0,195192.4,0,1,0,0.4837,125.0,60.46,0.0,0.0556,1.3,0.0
15569266,1,2,2,3,28,644,7,155060.41,29179.52,0,1,0,0.2428,4776.81,1159.81,5.3138,0.25,2.05,155060.41
15719294,1,25,3,3,29,800,2,0.0,167773.55,0,0,0,0.1172,150.0,17.58,0.0,0.069,0.3,0.0
15606229,1,9,4,3,39,771,5,0.0,96270.64,0,1,0,0.061,200.0,12.2,0.0,0.1282,1.75,0.0
15569892,1,6,2,3,35,516,10,57369.61,101699.77,1,1,0,0.1289,1846.09,237.96,0.5641,0.2857,4.5,57369.61
15584532,1,28,1,2,36,709,7,0.0,42085.58,1,0,1,0.4871,75.0,36.53,0.0,0.1944,3.05,0.0
15682355,2,9,4,3,42,772,3,75075.31,92888.52,0,1,1,0.283,2452.26,693.99,0.8082,0.0714,1.45,37537.66
15628319,1,24,2,3,28,792,4,130142.79,38190.78,0,1,0,0.3058,4029.28,1232.15,3.4076,0.1429,1.6,130142.79
